Please indicate the respondent's number.,Please indicate your (interviewer's) number.,A1. My age prevents me from doing the things I would like to,A1. I feel that what happens to me is out of my control,A1. I feel free to plan for the future,A1. I feel left out of things,A1. I can do the things I want to do,A1. Family responsibilities prevent me from doing what I want to do,A1. I feel that I can please myself with what I do,A1. My health stops me from doing things I want to,A1. Shortage of money stops me from doing the things I want to do,A1. I look forward to each day,A1. I feel that my life has meaning,A1. I enjoy the things that I do,A1. I enjoy being in the company of others,"A1. On balance, I look back on my life with a sense of happiness",A1. I feel full of energy these days,A1. I choose to do things that I have never done before,A1. I am satisfied with the way my life has turned out,A1. I feel that life is full of opportunities,A1. I feel that the future looks good for me,A2. In most ways my life is close to my ideal,A2. The conditions of my life are excellent,A2. I am satisfied with my life,A2. So far I have gotten the important things I want in life,"A2. If I could live my life over, I would change almost nothing",A3. Please indicate for each of the five statements which is closet to how you have been feeling over the past two weeks - I have felt cheerful and in good spirits,A3. Please indicate for each of the five statements which is closet to how you have been feeling over the past two weeks - I have felt calm and relaxed,A3. Please indicate for each of the five statements which is closet to how you have been feeling over the past two weeks - I have felt active and vigorous,A3. Please indicate for each of the five statements which is closet to how you have been feeling over the past two weeks - I woke up feeling fresh and rested,A3. Please indicate for each of the five statements which is closet to how you have been feeling over the past two weeks - My daily life has been filled with things that interest me,B1. How many children do you have? - How many sons do you have?,B1. How many children do you have? - How many daughters do you have?,"B2. Please tell us about each of your children [if you have more than five children, please tell me about the five children you feel closest to]:

B22. Child 1 - Gender",B23. Child 1 - Year of Birth,B24. Child 1 - Marital Status,B25. Child 1 - Parenthood Status,B25a. Child 1 - Gender composition of the child’s children:,B25b. Child 1 - Age profile of the child’s children:,B26. Child 1 - Highest educational level attained:,B27. Child 1 - Employment Status,B28. Child 1 - Distance from your residence,"B3. Think about your interactions and relationships with each child in the past six months.

B31. Child 1 - How close are you to the child?",B32. Child 1 - Did you offer the child economic support?,"B32a. Child 1 - If yes, how much per month?",B33. Child 1 - How often did you help the child with housework?,B34. Child 1 - How often did you provide grandchild care to the child?,B35. Child 1 - Did the child give you economic support?,"B35a. Child 1 - If yes, how much per month?",B36. Child 1 - How often did the child help you with housework?,"B37. Child 1 - How often did the child take care of you (taking you to the doctor, etc.)?",B38. Child 1 - How often did the child spend time chatting with and listening to you?,"B2. Please tell us about Child 2.

B22. Child 2 - Gender",B23. Child 2 - Year of Birth,B24. Child 2 - Marital Status,B25. Child 2 - Parenthood Status,B25a. Child 2 - Gender composition of the child’s children:,B25b. Child 2 - Age profile of the child’s children:,B26. Child 2 - Highest educational level attained:,B27. Child 2 - Employment Status,B28. Child 2 - Distance from your residence,"B3. Think about your interactions and relationships with each child in the past six months.

B31. Child 2 - How close are you to the child?",B32. Child 2 - Did you offer the child economic support?,"B32a. Child 2 - If yes, how much per month?",B33. Child 2 - How often did you help the child with housework?,B34. Child 2 - How often did you provide grandchild care to the child?,B35. Child 2 - Did the child give you economic support?,"B35a. Child 2 - If yes, how much per month?",B36. Child 2 - How often did the child help you with housework?,"B37. Child 2 - How often did the child take care of you (taking you to the doctor, etc.)?",B38. Child 2 - How often did the child spend time chatting with and listening to you?,"B2. Please tell us about Child 3.

B22. Child 3 - Gender",B23. Child 3 - Year of Birth,B24. Child 3 - Marital Status,B25. Child 3 - Parenthood Status,B25a. Child 3 - Gender composition of the child’s children:,B25b. Child 3 - Age profile of the child’s children:,B26. Child 3 - Highest educational level attained:,B27. Child 3 - Employment Status,B28. Child 3 - Distance from your residence,"B3. Think about your interactions and relationships with each child in the past six months.

B31. Child 3 - How close are you to the child?",B32. Child 3 - Did you offer the child economic support?,"B32a. Child 3 - If yes, how much per month?",B33. Child 3 - How often did you help the child with housework?,B34. Child 3 - How often did you provide grandchild care to the child?,B35. Child 3 - Did the child give you economic support?,"B35a. Child 3 - If yes, how much per month?",B36. Child 3 - How often did the child help you with housework?,"B37. Child 3 - How often did the child take care of you (taking you to the doctor, etc.)?",B38. Child 3 - How often did the child spend time chatting with and listening to you?,"B2. Please tell us about Child 4.

B22. Child 4 - Gender",B23. Child 4 - Year of Birth,B24. Child 4 - Marital Status,B25. Child 4 - Parenthood Status,B25a. Child 4 - Gender composition of the child’s children:,B25b. Child 4 - Age profile of the child’s children:,B26. Child 4 - Highest educational level attained:,B27. Child 4 - Employment Status,B28. Child 4 - Distance from your residence,"B3. Think about your interactions and relationships with each child in the past six months.

B31. Child 4 - How close are you to the child?",B32. Child 4 - Did you offer the child economic support?,"B32a. Child 4 - If yes, how much per month?",B33. Child 4 - How often did you help the child with housework?,B34. Child 4 - How often did you provide grandchild care to the child?,B35. Child 4 - Did the child give you economic support?,"B35a. Child 4 - If yes, how much per month?",B36. Child 4 - How often did the child help you with housework?,"B37. Child 4 - How often did the child take care of you (taking you to the doctor, etc.)?",B38. Child 4 - How often did the child spend time chatting with and listening to you?,"B2. Please tell us about Child 5.

B22. Child 5 - Gender",B23. Child 5 - Year of Birth,B24. Child 5 - Marital Status,B25. Child 5 - Parenthood Status,B25a. Child 5 - Gender composition of the child’s children:,B25b. Child 5 - Age profile of the child’s children:,B26. Child 5 - Highest educational level attained:,B27. Child 5 - Employment Status,B28. Child 5 - Distance from your residence,"B3. Think about your interactions and relationships with each child in the past six months.

B31. Child 5 - How close are you to the child?",B32. Child 5 - Did you offer the child economic support?,"B32a. Child 5 - If yes, how much per month?",B33. Child 5 - How often did you help the child with housework?,B34. Child 5 - How often did you provide grandchild care to the child?,B35. Child 5 - Did the child give you economic support?,"B35a. Child 5 - If yes, how much per month?",B36. Child 5 - How often did the child help you with housework?,"B37. Child 5 - How often did the child take care of you (taking you to the doctor, etc.)?",B38. Child 5 - How often did the child spend time chatting with and listening to you?,C1. Your gender:,C2. Your birth month:,C2. Your birth year:,C3. Your age in years:,C4. Your country/region of birth: - Selected Choice,"C4. Your country/region of birth: - Others, please specify: - Text",C5. Your race: - Selected Choice,"C5. Your race: - Others, please specify: - Text",C6. Your current marital status:,C7. Your educational level:,C8. Your employment status: - Selected Choice,"C8. Your employment status: - Retired (record previous occupation), please specifiy: - Text","C8. Your employment status: - Unemployed (able to work) (record previous occupation), please specify: - Text","C8. Your employment status: - Unemployed (unable to work) due to disability or other medical conditions (record previous occupation, if any), please specify: - Text","C8. Your employment status: - Others, please specify: - Text",C9. Personal monthly income:,C10. Household monthly income:,C11. Is this house you are currently being interviewed? - Selected Choice,"C11. Is this house you are currently being interviewed …? - Others, specify: - Text",C12. Do you own this house you are currently being interviewed? - Selected Choice,"C12. Do you own this house you are currently being interviewed? - Others, please specify: - Text","C13. Do you belong to a religion or religious denomination? If yes, which one? - Selected Choice","C13. Do you belong to a religion or religious denomination? If yes, which one? - Other religions, please specify: - Text","C14. In general, how would you rate your health?","C15. Overall, in the last 30 days, how much difficulty did you have with moving around?",C16. Do you have enough money to meet your needs?,C17. Have you withdrawn money from CPF after you reach age 55?,C17a. What did you use CPF money for? - Selected Choice,"C17a. What did you use CPF money for? - Other, please specify: - Text",C17b. Why not? Please specify:,"C18. In general, how satisfied are you with your relationship with your children?","C19. In general, how satisfied are you with your relationship with your friends?",D1. Was someone else present during the interview? - Selected Choice,"D1. Was someone else present during the interview? - Yes, please indicate: - Text",D2. Did the respondent have hearing problem?,D3. Did the respondent have vision problem?,D4. Did the respondent use wheelchair?,D5. Did the respondent cough continually?,D6. Did the respondent have shortness of breath?,D7. What is your assessment of the respondents comprehension capability? - Selected Choice,"D7. What is your assessment of the respondents comprehension capability? - Very bad, please specify reason: - Text","D7. What is your assessment of the respondents comprehension capability? - Bad, please specify reason: - Text",D8. What is your evaluation of the respondents language ability with respect to self-expression?,D9. What is your assessment of the respondents cooperation?,D10. What is your evaluation of the accuracy and completeness of the respondents answers?
2302027,2302,Not Often,Not Often,Sometimes,Never,Sometimes,Never,Often,Never,Never,Often,Sometimes,Often,Often,Often,Often,Not Often,Often,Sometimes,Sometimes,Strongly agree,Strongly agree,Strongly agree,Somewhat agree,Strongly agree,All of the time,All of the time,More than half of the time,Most of the time,More than half of the time,2,1,Female,1977,Married,2 children,All boy,No child below age 6,Secondary school,Full-time employee (30 hours a week or more),Staying in the same housing estate,Very close,Yes,$200-399,Once every few months,Once every few months,Yes,$200-399,2-3 days a month,Often,3-4 days a week,Male,"40s-50s, younger than eldest daughter by 1-2 year old",Married,2 children,All boy,No child below age 6,Secondary school,Full-time employee (30 hours a week or more),Staying in the same housing estate,Very close,Yes,$200-399,Once every few months,Once every few months,Yes,$200-399,Once every few months,Often,1-2 days a week,Male,"40s to 50s, younger than eldest son by 1-2 year old",Married,3 and more children,At least one girl and one boy,No child below age 6,Secondary school,Full-time employee (30 hours a week or more),Staying in the same housing estate,Very close,Yes,$200-399,Once every few months,Once every few months,Yes,$200-399,Once every few months,Often,1-2 days a week,,,,,,,,,,,,,,,,,,,,,,,,,,,,,,,,,,,,,,,Female,Mar,1941,82,Singapore,,Chinese,,Currently married,Primary,"Retired (record previous occupation), please specifiy:",,,,,Respondent refused to answer,Respondent refused to answer,HDB 1- and 2-Room Flats,,Self-owned,,Buddhism,,Good,Moderate,Moderately,No,,,No reason why ,Completely,Mostly,No,,No,No,No,No,No,Moderate,,,Moderate,Good,Low
2307025,2307,Never,Never,Often,Never,Often,Never,Often,Never,Never,Often,Often,Often,Sometimes,Often,Sometimes,Often,Often,Often,Often,Agree,Agree,Agree,Agree,Agree,Most of the time,Most of the time,Most of the time,Most of the time,Most of the time,0,1,Female,1986,Married,1 child,All girl,1 child below age 6,University-level degree,Full-time employee (30 hours a week or more),Living together in the same house,Close,No,,Almost everyday,Almost everyday,Yes,"$1,000 and above",1-2 days a week,Never,Almost everyday,,,,,,,,,,,,,,,,,,,,,,,,,,,,,,,,,,,,,,,,,,,,,,,,,,,,,,,,,,,,,,,,,,,,,,,,,,,,,Male,Jan,1952,71,Singapore,,Chinese,,Currently married,Polytechnic diploma,"Retired (record previous occupation), please specifiy:",Port of Singapore Authority,,,,"$2,000 - $2,999","$10,000 and above",Condominiums (including executive condo) and other apartments,,Self-owned,,Christianity,,Fair,None,Mostly,No,,,Don't need,Mostly,Somewhat,"Yes, please indicate:","Wife, Grand daughter",No,No,No,No,No,Very good,,,Very good,Very good,Very high
2306030,2306,Not Often,Sometimes,Sometimes,Not Often,Often,Not Often,Often,Not Often,Never,Often,Often,Often,Often,Often,Often,Sometimes,Often,Often,Often,Agree,Agree,Agree,Agree,Agree,Most of the time,Most of the time,Most of the time,Most of the time,Most of the time,0,1,Female,1988,Married,2 children,At least one girl and one boy,2 or more children below age 6,University-level degree,Full-time employee (30 hours a week or more),Living together in the same house,Very close,No,,Never,3-4 days a week,No,,Never,Rarely,Almost everyday,,,,,,,,,,,,,,,,,,,,,,,,,,,,,,,,,,,,,,,,,,,,,,,,,,,,,,,,,,,,,,,,,,,,,,,,,,,,,Female,Jul,1956,67,Singapore,,Chinese,,Currently married,Post-secondary (non-tertiary): General & Vocational (‘A’ level),Full-time employee (30 hours a week or more),,,,,"$7,000 - $7,999","$10,000 and above",Landed properties,,Owned by a child,,No religion,,Good,None,Completely,Yes,To finance daily living expenses and leisure or travel activities,,,Almost completely,Almost completely,No,,No,No,No,No,No,Very good,,,Very good,Very good,Very high
2303024,2303,Not Often,Never,Sometimes,Not Often,Not Often,Never,Sometimes,Often,Never,Often,Often,Not Often,Often,Often,Sometimes,Never,Sometimes,Not Often,Sometimes,Agree,Strongly agree,Strongly agree,Agree,Strongly agree,Most of the time,Most of the time,Most of the time,Most of the time,All of the time,0,1,Female,1973,Married,No child,,,Polytechnic diploma,Full-time employee (30 hours a week or more),Living together in the same house,Very close,No,,Never,Not applicable (the child has no child),Yes,$200-399,Almost everyday,Always,Almost everyday,,,,,,,,,,,,,,,,,,,,,,,,,,,,,,,,,,,,,,,,,,,,,,,,,,,,,,,,,,,,,,,,,,,,,,,,,,,,,Female,Oct,1940,83,Singapore,,Chinese,,Currently married,Primary,"Retired (record previous occupation), please specifiy:",Hawker,,,,"Below $1,000","$4,000 - $4,999","HDB 5-room, 3 gen flats, and executive flats (e.g., executive apartments and executive maisonette)",,Owned by a child,,Buddhism,,Good,Moderate,Completely,Yes,To finance daily living expenses and leisure or travel activities,,,Completely,Completely,No,,No,Yes,No,No,No,Good,,,Good,Very good,Very high
2303025,2303,Never,Never,Often,Never,Often,Never,Often,Not Often,Never,Often,Often,Often,Often,Not Often,Never,Often,Not Often,Never,Not Often,Agree,Agree,Strongly agree,Neither agree nor disagree,Disagree,Most of the time,More than half of the time,More than half of the time,Less than half of the time,All of the time,1,0,Male,1994,"Single, never married",No child,,,University-level degree,Full-time employee (30 hours a week or more),Living together in the same house,Very close,No,,Never,Not applicable (the child has no child),No,,3-4 days a week,Rarely,Almost everyday,,,,,,,,,,,,,,,,,,,,,,,,,,,,,,,,,,,,,,,,,,,,,,,,,,,,,,,,,,,,,,,,,,,,,,,,,,,,,Male,May,1958,65,Singapore,,Chinese,,Currently married,Polytechnic diploma,Full-time employee (30 hours a week or more),,,,,"$4,000 - $4,999","$8,000 - $8,999",HDB 4-room flats,,Self-owned,,Buddhism,,Fair,None,Completely,No,,,Not necessary at the moment,Completely,Completely,No,,No,Yes,No,No,No,Very good,,,Very good,Very good,Very high
2303011,2303,Sometimes,Not Often,Sometimes,Never,Often,Never,Often,Not Often,Never,Often,Often,Often,Often,Often,Often,Often,Often,Often,Often,Strongly agree,Agree,Strongly agree,Strongly agree,Agree,All of the time,All of the time,All of the time,All of the time,All of the time,1,2,Female,1977,Married,3 and more children,At least one girl and one boy,No child below age 6,University-level degree,Full-time employee (30 hours a week or more),Within 20 minutes by car,Very close,No,,Never,Never,Yes,$200-399,Never,Never,Almost everyday,Male,1979,Married,3 and more children,At least one girl and one boy,No child below age 6,University-level degree,Full-time employee (30 hours a week or more),Living together in the same house,Very close,No,,Never,Never,Yes,$400-599,Never,Never,Almost everyday,Female,1987,Married,2 children,At least one girl and one boy,2 or more children below age 6,University-level degree,Full-time employee (30 hours a week or more),Within 20 minutes by car,Very close,No,,Never,Never,Yes,$400-599,Never,Never,Almost everyday,,,,,,,,,,,,,,,,,,,,,,,,,,,,,,,,,,,,,,,Female,Apr,1955,68,Singapore,,Chinese,,Currently married,Secondary (‘O’ / ‘N’ level),"Retired (record previous occupation), please specifiy:",Promoter,,,,"Below $1,000","Below $1,000","HDB 5-room, 3 gen flats, and executive flats (e.g., executive apartments and executive maisonette)",,Owned by a child,,Buddhism,,Fair,None,Mostly,No,,,Collect interest,Completely,Completely,"Yes, please indicate:",Grandchildren,No,No,No,No,No,Very good,,,Very good,Very good,Very high
2303017,2303,Never,Never,Sometimes,Never,Often,Never,Often,Never,Never,Often,Often,Often,Often,Often,Often,Never,Often,Often,Often,Strongly agree,Strongly agree,Strongly agree,Strongly agree,Strongly agree,All of the time,All of the time,All of the time,All of the time,All of the time,1,1,Female,1964,Married,2 children,All boy,No child below age 6,University-level degree,Full-time employee (30 hours a week or more),Within 20 minutes by car,Very close,No,,Never,Never,Yes,$200-399,Never,Never,1-2 days a week,Male,1967,Married,2 children,All boy,No child below age 6,University-level degree,Full-time employee (30 hours a week or more),Between 20 and 40 minutes by car,Very close,No,,Never,Never,Yes,$200-399,Never,Never,1-2 days a week,,,,,,,,,,,,,,,,,,,,,,,,,,,,,,,,,,,,,,,,,,,,,,,,,,,,,,,,,,Female,Aug,1938,85,Singapore,,Chinese,,Currently married,Secondary (‘O’ / ‘N’ level),Homemaker/housewife,,,,,"Below $1,000","Below $1,000",HDB 3-room flats,,Co-owned by self and spouse,,Christianity,,Good,Moderate,Mostly,No,,,"Never worked, no CPF",Completely,Completely,"Yes, please indicate:",Helper,No,No,No,No,No,Good,,,Very good,Very good,High
2307002,2307,Not Often,Sometimes,Often,Not Often,Often,Never,Often,Never,Not Often,Often,Often,Often,Often,Often,Often,Often,Often,Often,Often,Agree,Agree,Agree,Agree,Agree,All of the time,Most of the time,Most of the time,Most of the time,Most of the time,0,2,Female,1987,Married,1 child,All girl,1 child below age 6,University-level degree,Full-time employee (30 hours a week or more),Living together in the same house,Very close,No,,3-4 days a week,3-4 days a week,Yes,$200-399,3-4 days a week,Often,Almost everyday,Female,1990,Married,No child,,,University-level degree,Full-time employee (30 hours a week or more),Within 20 minutes by car,Very close,No,,Once every few months,Not applicable (the child has no child),Yes,$200-399,Once every few months,Sometimes,1-2 days a week,,,,,,,,,,,,,,,,,,,,,,,,,,,,,,,,,,,,,,,,,,,,,,,,,,,,,,,,,,Female,Jun,1960,63,Singapore,,Indian,,Widowed,Post-secondary (non-tertiary): General & Vocational (‘A’ level),Full-time employee (30 hours a week or more),,,,,"$10,000 and above","$10,000 and above","HDB 5-room, 3 gen flats, and executive flats (e.g., executive apartments and executive maisonette)",,Self-owned,,Hinduism,,Good,None,Completely,No,,,No necessity to withdrawn. Have enough for expenditure.,Completely,Completely,"Yes, please indicate:","Daughter, Grand daughter, Niece",No,No,No,No,No,Very good,,,Very good,Very good,Very high
2307001,2307,Never,Never,Often,Never,Often,Never,Often,Never,Never,Often,Often,Often,Often,Often,Often,Often,Often,Often,Often,Strongly agree,Strongly agree,Strongly agree,Strongly agree,Strongly agree,Most of the time,Most of the time,Most of the time,Most of the time,Most of the time,2,1,Female,1982,Married,2 children,At least one girl and one boy,No child below age 6,University-level degree,Self-employed,Within 20 minutes by car,Very close,No,,Never,1-2 days a week,Yes,Less than $200,Never,Never,3-4 days a week,Male,1987,Divorced or Separated,1 child,All girl,No child below age 6,Polytechnic diploma,Full-time employee (30 hours a week or more),Within 20 minutes by car,Close,No,,Never,1-2 days a week,No,,Never,Never,3-4 days a week,Male,1994,"Single, never married",No child,,,Polytechnic diploma,Full-time employee (30 hours a week or more),Staying in a different country,Very close,No,,Never,Not applicable (the child has no child),Yes,Less than $200,Never,Never,3-4 days a week,,,,,,,,,,,,,,,,,,,,,,,,,,,,,,,,,,,,,,,Female,May,1962,61,Singapore,,Chinese,,Currently married,Primary,Homemaker/housewife,,,,,"Below $1,000","Below $1,000",HDB 4-room flats,,Co-owned by self and spouse,,Buddhism,,Good,None,Moderately,No,,,Do not know how to,Completely,Completely,No,,No,No,No,No,No,Very good,,,Very good,Very good,High
2306021,2306,Sometimes,Often,Sometimes,Not Often,Sometimes,Never,Often,Sometimes,Not Often,Often,Often,Often,Often,Sometimes,Sometimes,Sometimes,Sometimes,Sometimes,Sometimes,Somewhat agree,Agree,Agree,Agree,Somewhat agree,More than half of the time,Most of the time,Most of the time,Most of the time,Most of the time,3,0,Male,1973,"Single, never married",No child,,,Polytechnic diploma,Full-time employee (30 hours a week or more),Living together in the same house,Very close,No,,Almost everyday,Not applicable (the child has no child),Yes,$600-799,3-4 days a week,Always,Almost everyday,Male,1976,"Single, never married",No child,,,Polytechnic diploma,Self-employed,Living together in the same house,Very close,No,,Almost everyday,Not applicable (the child has no child),Yes,$600-799,3-4 days a week,Always,Almost everyday,Male,1981,Married,No child,,,Polytechnic diploma,Full-time employee (30 hours a week or more),Within 20 minutes by car,Very close,No,,Never,Not applicable (the child has no child),Yes,$600-799,Once every few months,Always,1-2 days a week,,,,,,,,,,,,,,,,,,,,,,,,,,,,,,,,,,,,,,,Female,Oct,1951,72,Singapore,,Chinese,,Currently married,Primary,Homemaker/housewife,,,,,"Below $1,000","$4,000 - $4,999",HDB 4-room flats,,Co-owned by self and spouse,,Buddhism,,Poor,Mild,Mostly,No,,,She does not have any money in her CPF,Almost completely,Almost completely,No,,No,No,No,No,No,Good,,,Good,Very good,Average
2304004,2304,Sometimes,Sometimes,Sometimes,Sometimes,Sometimes,Sometimes,Often,Not Often,Never,Often,Sometimes,Often,Often,Sometimes,Often,Never,Often,Never,Not Often,Somewhat agree,Somewhat agree,Agree,Somewhat disagree,Neither agree nor disagree,Most of the time,All of the time,More than half of the time,All of the time,All of the time,1,2,Female,1976,Married,1 child,All boy,No child below age 6,Polytechnic diploma,Staying at home as a housewife or househusband,Staying in a different country,Not close at all,No,,Never,Never,Yes,Less than $200,Never,Rarely,Once every few months,Female,1978,Married,2 children,All boy,No child below age 6,University-level degree,Full-time employee (30 hours a week or more),Between 20 and 40 minutes by car,Not close at all,No,,Never,Never,Yes,Less than $200,Never,Rarely,Once every few months,Male,1975,Married,No child,,,Polytechnic diploma,Self-employed,Within 20 minutes by car,Not very close,No,,Never,Never,Yes,Less than $200,Never,Rarely,Once every few months,,,,,,,,,,,,,,,,,,,,,,,,,,,,,,,,,,,,,,,Female,Oct,1941,82,Singapore,,Chinese,,Widowed,Post-secondary (non-tertiary): General & Vocational (‘A’ level),"Retired (record previous occupation), please specifiy:",did not answer ,,,,"$1,000 - $1,999","$1,000 - $1,999",HDB 4-room flats,,Self-owned,,No religion,,Good,Moderate,Mostly,No,,,self employed ,Mostly,Mostly,"Yes, please indicate:",helper,No,No,No,No,No,Moderate,,,Moderate,Moderate,Average
2309001,2309,Never,Sometimes,Sometimes,Not Often,Often,Never,Often,Sometimes,Never,Not Often,Not Often,Often,Often,Sometimes,Sometimes,Never,Often,Sometimes,Often,Disagree,Agree,Agree,Agree,Agree,Most of the time,Most of the time,More than half of the time,Most of the time,Most of the time,0,3,Female,1980,Married,2 children,At least one girl and one boy,No child below age 6,University-level degree,Full-time employee (30 hours a week or more),Within 20 minutes by walk,Very close,No,,Never,Never,Yes,$200-399,2-3 days a month,Often,2-3 days a month,Female,1983,Married,2 children,At least one girl and one boy,No child below age 6,Secondary school,Full-time employee (30 hours a week or more),Between 20 and 40 minutes by car,Very close,No,,Never,Never,Yes,$200-399,2-3 days a month,Often,2-3 days a month,Female,1987,Married,2 children,All girl,2 or more children below age 6,Secondary school,Full-time employee (30 hours a week or more),Between 20 and 40 minutes by car,Very close,No,,Never,Never,Yes,$200-399,2-3 days a month,Often,2-3 days a month,,,,,,,,,,,,,,,,,,,,,,,,,,,,,,,,,,,,,,,Male,Jun,1954,69,Singapore,,Chinese,,Currently married,Primary,"Retired (record previous occupation), please specifiy:",Shipping Operation/Agent,,,,"Below $1,000","$2,000 - $2,999",HDB 3-room flats,,Co-owned by self and spouse,,Taoism,,Fair,None,Mostly,Yes,To finance daily living expenses and leisure or travel activities,,,Almost completely,Almost completely,No,,No,No,No,No,No,Very good,,,Good,Very good,Very high
2304009,2304,Never,Never,Often,Never,Often,Never,Often,Sometimes,Never,Often,Often,Often,Often,Often,Sometimes,Not Often,Often,Often,Often,Agree,Agree,Strongly agree,Agree,Agree,Some of the time,All of the time,More than half of the time,Most of the time,All of the time,1,2,Male,1972,Married,2 children,At least one girl and one boy,No child below age 6,MA degree or above,Full-time employee (30 hours a week or more),Living together in the same house,Very close,No,,Almost everyday,Almost everyday,Yes,"$1,000 and above",Never,Rarely,3-4 days a week,Female,1969,Married,No child,,,University-level degree,Full-time employee (30 hours a week or more),Between 20 and 40 minutes by car,Fair,No,,Never,Not applicable (the child has no child),Yes,Less than $200,Never,Never,1-2 days a week,Female,1981,Married,1 child,All girl,No child below age 6,University-level degree,Full-time employee (30 hours a week or more),Staying in the same housing estate,Very close,No,,Never,Never,Yes,Less than $200,Never,Rarely,1-2 days a week,,,,,,,,,,,,,,,,,,,,,,,,,,,,,,,,,,,,,,,Female,Sep,1946,77,Singapore,,Chinese,,Currently married,Primary,"Retired (record previous occupation), please specifiy:",Factory worker ,,,,"$1,000 - $1,999",Respondent refused to answer,"HDB 5-room, 3 gen flats, and executive flats (e.g., executive apartments and executive maisonette)",,Owned by a child,,Buddhism,,Good,Mild,Mostly,Yes,To finance daily living expenses and leisure or travel activities,,,Completely,Completely,No,,No,No,No,No,No,Very good,,,Good,Very good,High
2309002,2309,Not Often,Never,Often,Never,Often,Never,Often,Not Often,Not Often,Not Often,Often,Often,Often,Often,Often,Often,Often,Sometimes,Sometimes,Somewhat agree,Agree,Agree,Agree,Agree,Most of the time,Most of the time,Most of the time,More than half of the time,Most of the time,1,2,Male,1990,"Single, never married",No child,,,University-level degree,Full-time employee (30 hours a week or more),Living together in the same house,Very close,No,,2-3 days a month,Not applicable (the child has no child),Yes,$200-399,3-4 days a week,Often,Almost everyday,Female,1979,"Single, never married",No child,,,Polytechnic diploma,Full-time employee (30 hours a week or more),Within 20 minutes by car,Very close,No,,Never,Not applicable (the child has no child),Yes,$200-399,Once a month,Often,Almost everyday,Female,1983,"Single, never married",No child,,,University-level degree,Full-time employee (30 hours a week or more),Within 20 minutes by car,Very close,No,,Never,Not applicable (the child has no child),Yes,$400-599,Once a month,Often,Almost everyday,,,,,,,,,,,,,,,,,,,,,,,,,,,,,,,,,,,,,,,Male,Jul,1949,74,Singapore,,Indian,,Currently married,Secondary (‘O’ / ‘N’ level),"Retired (record previous occupation), please specifiy:",Service Operations Assistant,,,,"Below $1,000","$5,000 - $6,999","HDB 5-room, 3 gen flats, and executive flats (e.g., executive apartments and executive maisonette)",,Co-owned by self and spouse,,Hinduism,,Good,None,Mostly,Yes,To finance daily living expenses and leisure or travel activities,,,Completely,Almost completely,No,,No,No,No,No,No,Very good,,,Very good,Very good,Very high
2309026,2309,Never,Never,Often,Never,Often,Never,Often,Never,Never,Often,Often,Often,Often,Often,Often,Never,Often,Often,Often,Strongly agree,Strongly agree,Strongly agree,Strongly agree,Strongly agree,All of the time,All of the time,All of the time,All of the time,All of the time,3,0,Male,1984,"Single, never married",No child,,,University-level degree,Full-time employee (30 hours a week or more),Living together in the same house,Very close,No,,Never,Not applicable (the child has no child),Yes,$400-599,Never,Always,3-4 days a week,Male,1988,Married,No child,,,University-level degree,Full-time employee (30 hours a week or more),Within 20 minutes by car,Very close,No,,Never,Not applicable (the child has no child),Yes,$400-599,Never,Always,1-2 days a week,Male,1992,"Single, never married",No child,,,University-level degree,Full-time employee (30 hours a week or more),Living together in the same house,Very close,No,,Never,Not applicable (the child has no child),Yes,$400-599,Never,Always,3-4 days a week,,,,,,,,,,,,,,,,,,,,,,,,,,,,,,,,,,,,,,,Male,Jan,1950,73,Singapore,,Chinese,,Currently married,Master’s and Doctorate or equivalent,"Retired (record previous occupation), please specifiy:",Factory Manager,,,,"Below $1,000","$10,000 and above","HDB 5-room, 3 gen flats, and executive flats (e.g., executive apartments and executive maisonette)",,Co-owned by self and spouse,,Taoism,,Very good,None,Completely,Yes,To finance daily living expenses and leisure or travel activities,,,Completely,Completely,"Yes, please indicate:",Wife,Yes,No,No,No,No,Good,,,Good,Very good,Very high
2305003,"2305, 2309",Often,Never,Never,Never,Sometimes,Never,Often,Often,Often,Often,Sometimes,Not Often,Not Often,Often,Often,Never,Sometimes,Sometimes,Sometimes,Strongly agree,Disagree,Agree,Somewhat disagree,Strongly disagree,More than half of the time,More than half of the time,At no time,More than half of the time,More than half of the time,0,2,Female,1974,Married,1 child,All boy,No child below age 6,GCE A-level or NUS high school diploma,Full-time employee (30 hours a week or more),Within 20 minutes by car,Close,No,,Never,Never,No,,Never,Never,Once every few months,Female,1976,Married,1 child,All boy,No child below age 6,Secondary school,Full-time employee (30 hours a week or more),Staying in a different country,Close,No,,Never,Never,No,,Never,Never,Once every few months,Female,NIL,"Single, never married",No child,,,Less than primary education,Full-time employee (30 hours a week or more),Living together in the same house,Not close at all,No,,Almost everyday,Not applicable (the child has no child),No,,Almost everyday,Always,Almost everyday,Female,NIL,"Single, never married",No child,,,Less than primary education,Full-time employee (30 hours a week or more),Living together in the same house,Not close at all,No,,Almost everyday,Not applicable (the child has no child),No,,Almost everyday,Always,Almost everyday,Male,NIL,"Single, never married",No child,,,Less than primary education,Full-time employee (30 hours a week or more),Living together in the same house,Not close at all,No,,Almost everyday,Not applicable (the child has no child),No,,Almost everyday,Always,Almost everyday,Male,Oct,1948,75,Singapore,,"Others, please specify:",EURASIAN,Divorced,Primary,"Unemployed (unable to work) due to disability or other medical conditions (record previous occupation, if any), please specify:",,,MERCHANT NAVY,,"Below $1,000","Below $1,000",HDB 1- and 2-Room Flats,,Rented entire housing unit,,Christianity,,Very poor,None,A little,Yes,To finance daily living expenses and leisure or travel activities,,,Almost completely,Somewhat,No,,No,Yes,No,No,No,Very good,,,Very good,Very good,Very high
2307012,2307,Never,Never,Not Often,Never,Often,Never,Often,Never,Never,Often,Often,Often,Often,Never,Often,Never,Often,Often,Often,Agree,Agree,Agree,Agree,Agree,Most of the time,All of the time,All of the time,All of the time,All of the time,1,3,Female,1987,Married,2 children,All boy,1 child below age 6,Secondary school,Part-time employee,Within 20 minutes by walk,Fair,No,,Never,Never,No,,Never,Never,1-2 days a week,Female,1992,Married,3 and more children,At least one girl and one boy,1 child below age 6,Secondary school,Part-time employee,Within 20 minutes by walk,Fair,No,,Never,Never,Yes,Less than $200,Never,Never,1-2 days a week,Male,1995,"Single, never married",No child,,,ITE diploma,Part-time employee,Between 20 and 40 minutes by car,Not very close,No,,Never,Not applicable (the child has no child),Yes,Less than $200,Never,Never,1-2 days a week,Female,1997,"Single, never married",No child,,,University-level degree,Full-time employee (30 hours a week or more),More than 40 minutes by car,Not very close,No,,Never,Not applicable (the child has no child),No,,Never,Never,1-2 days a week,,,,,,,,,,,,,,,,,,,,Male,Jul,1958,65,Malaysia,,Chinese,,Currently married,Secondary (‘O’ / ‘N’ level),Full-time employee (30 hours a week or more),,,,,"$2,000 - $2,999","$4,000 - $4,999",HDB 4-room flats,,Co-owned by self and spouse,,Buddhism,,Good,Mild,Mostly,No,,,No more money inside CPF,Somewhat,Mostly,No,,No,No,No,No,No,Moderate,,,Moderate,Very good,Average
2303004,2303,Not Often,Never,Never,Never,Often,Never,Often,Never,Sometimes,Often,Often,Often,Often,Sometimes,Often,Often,Sometimes,Often,Often,Neither agree nor disagree,Agree,Agree,Strongly agree,Disagree,All of the time,All of the time,All of the time,All of the time,All of the time,5,0,Male,1989,Married,2 children,All girl,No child below age 6,Polytechnic diploma,Full-time employee (30 hours a week or more),More than 40 minutes by car,Close,No,,Never,Never,No,,Never,Rarely,Once every few months,Male,1991,Married,2 children,All boy,No child below age 6,Polytechnic diploma,Full-time employee (30 hours a week or more),Between 20 and 40 minutes by car,Close,No,,Never,Never,No,,Never,Rarely,Once every few months,Male,1993,Married,No child,,,Polytechnic diploma,Full-time employee (30 hours a week or more),Within 20 minutes by car,Close,No,,Never,Not applicable (the child has no child),No,,Never,Rarely,Once every few months,Male,1995,"Single, never married",No child,,,Polytechnic diploma,Full-time employee (30 hours a week or more),Within 20 minutes by car,Close,No,,Never,Not applicable (the child has no child),No,,Never,Rarely,Once every few months,Male,1999,"Single, never married",No child,,,Polytechnic diploma,Full-time employee (30 hours a week or more),Between 20 and 40 minutes by car,Close,No,,Never,Not applicable (the child has no child),No,,Never,Rarely,Once every few months,Male,Feb,1958,65,Singapore,,Malay,,Currently married,Polytechnic diploma,"Retired (record previous occupation), please specifiy:",Engineer,,,,"Below $1,000","$1,000 - $1,999",HDB 1- and 2-Room Flats,,Rented entire housing unit,,Islam,,Very good,None,Completely,Yes,To finance daily living expenses and leisure or travel activities,,,Completely,Completely,No,,No,No,No,No,No,Good,,,Good,Good,Average
2301003,2301,Not Often,Not Often,Sometimes,Not Often,Sometimes,Not Often,Sometimes,Sometimes,Never,Often,Often,Often,Often,Often,Sometimes,Not Often,Often,Often,Often,Agree,Agree,Agree,Strongly agree,Strongly agree,Most of the time,Most of the time,Most of the time,Most of the time,Most of the time,2,1,Male,Interviewee wasn't able to give the exact details,"Single, never married",No child,,,Polytechnic diploma,Full-time employee (30 hours a week or more),Living together in the same house,Close,No,,Never,Never,Yes,$200-399,Never,Rarely,Almost everyday,Male,Interviewee wasn't able to give the exact details,"Single, never married",No child,,,Secondary school,Full-time employee (30 hours a week or more),Within 20 minutes by car,Close,No,,Never,Not applicable (the child has no child),Yes,$200-399,Never,Rarely,Almost everyday,Female,Interviewee wasn't able to give the exact details,Married,3 and more children,At least one girl and one boy,2 or more children below age 6,Secondary school,Staying at home as a housewife or househusband,Living together in the same house,Close,No,,Never,Never,Yes,$200-399,Never,Always,Almost everyday,,,,,,,,,,,,,,,,,,,,,,,,,,,,,,,,,,,,,,,Female,May,1932,91,Singapore,,Malay,,Currently married,Secondary (‘O’ / ‘N’ level),"Retired (record previous occupation), please specifiy:",Community Club staff,,,,"Below $1,000",Respondent refused to answer,HDB 4-room flats,,Co-owned by self and spouse,,Islam,,Fair,Moderate,Completely,No,,,Interviewee has enough money.,Almost completely,Almost completely,"Yes, please indicate:",Research Assistant Hui Ping ,No,No,Yes,No,No,Moderate,,,Moderate,Very good,Average
2309022,2309,Sometimes,Sometimes,Sometimes,Sometimes,Not Often,Often,Often,Often,Not Often,Often,Often,Often,Sometimes,Sometimes,Often,Sometimes,Sometimes,Often,Sometimes,Somewhat agree,Agree,Agree,Somewhat disagree,Strongly disagree,More than half of the time,Some of the time,Most of the time,Most of the time,All of the time,0,2,Female,1988,Married,2 children,At least one girl and one boy,2 or more children below age 6,University-level degree,Full-time employee (30 hours a week or more),Within 20 minutes by walk,Close,No,,Never,Almost everyday,Yes,$800-999,Never,Rarely,2-3 days a month,Female,1996,"Single, never married",No child,,,University-level degree,Full-time employee (30 hours a week or more),Living together in the same house,Not very close,No,,Almost everyday,Not applicable (the child has no child),Yes,$400-599,Never,Rarely,Never,,,,,,,,,,,,,,,,,,,,,,,,,,,,,,,,,,,,,,,,,,,,,,,,,,,,,,,,,,Female,Dec,1958,65,Singapore,,Chinese,,Currently married,Post-secondary (non-tertiary): General & Vocational (‘A’ level),"Retired (record previous occupation), please specifiy:",Accounts Assistant,,,,"Below $1,000","$7,000 - $7,999",Condominiums (including executive condo) and other apartments,,Co-owned by self and spouse,,Christianity,,Fair,None,Mostly,Yes,"Other, please specify:",For daughter's wedding,,Mostly,Mostly,No,,No,No,No,No,No,Very good,,,Very good,Very good,Very high
2308030,2308,Never,Never,Often,Never,Often,Never,Often,Never,Never,Never,Often,Often,Often,Often,Often,Never,Often,Often,Sometimes,Strongly agree,Strongly agree,Strongly agree,Strongly agree,Strongly agree,All of the time,All of the time,All of the time,All of the time,All of the time,1,1,Female,1977,Married,1 child,All girl,No child below age 6,University-level degree,Staying at home as a housewife or househusband,Staying in a different country,Close,No,,Once every few months,Never,No,,Never,Never,Once a month,Male,1976,Married,1 child,All boy,1 child below age 6,University-level degree,Full-time employee (30 hours a week or more),Within 20 minutes by car,Close,No,,Never,Never,No,,Never,Never,1-2 days a week,,,,,,,,,,,,,,,,,,,,,,,,,,,,,,,,,,,,,,,,,,,,,,,,,,,,,,,,,,Female,Apr,1949,74,Singapore,,Chinese,,Currently married,Post-secondary (non-tertiary): General & Vocational (‘A’ level),"Retired (record previous occupation), please specifiy:",Graphic artist & financial consultant,,,,Respondent refused to answer,Respondent refused to answer,Condominiums (including executive condo) and other apartments,,Self-owned,,Taoism,,Good,None,Mostly,Yes,To finance daily living expenses and leisure or travel activities,,,Completely,Completely,No,,No,No,No,No,No,Very good,,,Very good,Very good,Very high
2308029,2308,Never,Never,Sometimes,Not Often,Sometimes,Sometimes,Sometimes,Sometimes,Sometimes,Sometimes,Sometimes,Sometimes,Sometimes,Sometimes,Sometimes,Sometimes,Sometimes,Sometimes,Sometimes,Agree,Agree,Agree,Agree,Disagree,Most of the time,Most of the time,Most of the time,Most of the time,Most of the time,0,3,Female,1991,Married,2 children,At least one girl and one boy,2 or more children below age 6,University-level degree,Full-time employee (30 hours a week or more),Within 20 minutes by car,Very close,No,,3-4 days a week,Never,Yes,$200-399,Never,Sometimes,3-4 days a week,Female,1992,Married,2 children,At least one girl and one boy,2 or more children below age 6,Polytechnic diploma,Full-time employee (30 hours a week or more),Within 20 minutes by car,Very close,No,,3-4 days a week,Never,Yes,$200-399,Never,Sometimes,3-4 days a week,Female,1997,"Single, never married",No child,,,University-level degree,Part-time employee,Living together in the same house,Very close,No,,Almost everyday,Not applicable (the child has no child),Yes,$200-399,1-2 days a week,Sometimes,3-4 days a week,Female,,,,,,,,,,,,,,,,,,,,,,,,,,,,,,,,,,,,,,Male,Dec,1956,67,Singapore,,Malay,,Currently married,Secondary (‘O’ / ‘N’ level),"Unemployed (able to work) (record previous occupation), please specify:",,,,,Respondent refused to answer,"Below $1,000",HDB 4-room flats,,Co-owned by self and spouse,,Islam,,Fair,Moderate,Moderately,Yes,To finance daily living expenses and leisure or travel activities,,,Completely,Completely,"Yes, please indicate:",Child 3,No,No,No,No,No,Good,,,Good,Good,High
2306001,2306,Never,Sometimes,Sometimes,Not Often,Often,Sometimes,Often,Not Often,Never,Often,Often,Often,Often,Often,Sometimes,Never,Often,Often,Sometimes,Agree,Agree,Agree,Strongly agree,Disagree,All of the time,All of the time,More than half of the time,All of the time,Some of the time,1,1,Male,1980,Married,1 child,All boy,No child below age 6,University-level degree,Full-time employee (30 hours a week or more),Staying in the same housing estate,Close,No,,Never,Almost everyday,No,,Never,Always,Almost everyday,Female,1986,Married,1 child,All girl,1 child below age 6,University-level degree,Full-time employee (30 hours a week or more),Staying in a different country,Close,No,,Never,Never,Yes,$400-599,Never,Always,1-2 days a week,,,,,,,,,,,,,,,,,,,,,,,,,,,,,,,,,,,,,,,,,,,,,,,,,,,,,,,,,,Male,Aug,1955,68,Singapore,,Chinese,,Currently married,Primary,"Retired (record previous occupation), please specifiy:",Self-employed contractor business,,,,"Below $1,000","Below $1,000",HDB 4-room flats,,Co-owned by self and spouse,,No religion,,Good,None,Completely,No,,,He wants to let it continue growing,Completely,Completely,No,,No,No,No,No,No,Good,,,Good,Very good,High
2306002,2306,Never,Not Often,Often,Never,Often,Never,Often,Not Often,Never,Sometimes,Sometimes,Sometimes,Often,Not Often,Often,Not Often,Often,Sometimes,Sometimes,Agree,Agree,Strongly agree,Strongly agree,Agree,Most of the time,Most of the time,Most of the time,Most of the time,All of the time,0,2,Female,1979,"Single, never married",No child,,,Polytechnic diploma,Full-time employee (30 hours a week or more),Living together in the same house,Very close,No,,Almost everyday,Not applicable (the child has no child),Yes,$400-599,1-2 days a week,Always,Almost everyday,Female,1989,"Single, never married",No child,,,University-level degree,Full-time employee (30 hours a week or more),Living together in the same house,Very close,No,,Almost everyday,Not applicable (the child has no child),Yes,$400-599,1-2 days a week,Always,Almost everyday,,,,,,,,,,,,,,,,,,,,,,,,,,,,,,,,,,,,,,,,,,,,,,,,,,,,,,,,,,Female,May,1955,68,Singapore,,Chinese,,Currently married,Secondary (‘O’ / ‘N’ level),"Retired (record previous occupation), please specifiy:",Tailor,,,,"Below $1,000","$5,000 - $6,999",HDB 4-room flats,,Co-owned by self and a child,,Buddhism,,Fair,Moderate,Completely,Yes,To finance daily living expenses and leisure or travel activities,,,Completely,Almost completely,No,,No,No,No,No,No,Good,,,Good,Very good,Very high
2306006,2306,Sometimes,Sometimes,Sometimes,Not Often,Not Often,Sometimes,Often,Not Often,Sometimes,Often,Often,Often,Not Often,Sometimes,Often,Not Often,Often,Sometimes,Sometimes,Agree,Somewhat agree,Agree,Agree,Somewhat agree,All of the time,Most of the time,More than half of the time,All of the time,Most of the time,1,1,Male,1991,"Single, never married",No child,,,University-level degree,Full-time employee (30 hours a week or more),Living together in the same house,Very close,No,,Almost everyday,Not applicable (the child has no child),Yes,Less than $200,Once every few months,Never,1-2 days a week,Female,1991,"Single, never married",No child,,,University-level degree,Full-time employee (30 hours a week or more),Living together in the same house,Very close,No,,Almost everyday,Not applicable (the child has no child),Yes,Less than $200,Once every few months,Never,1-2 days a week,,,,,,,,,,,,,,,,,,,,,,,,,,,,,,,,,,,,,,,,,,,,,,,,,,,,,,,,,,Male,Dec,1957,66,Singapore,,Chinese,,Currently married,Professional qualification and other diploma,"Retired (record previous occupation), please specifiy:",Engineer,,,,"Below $1,000","$6,000 - $6,999","HDB 5-room, 3 gen flats, and executive flats (e.g., executive apartments and executive maisonette)",,Co-owned by self and spouse,,Christianity,,Very good,None,Completely,No,,,Still have personal savings ,Completely,Mostly,No,,No,No,No,No,No,Good,,,Good,Very good,High
2307022,2307,Sometimes,Not Often,Sometimes,Not Often,Often,Not Often,Often,Not Often,Not Often,Often,Often,Often,Often,Often,Sometimes,Sometimes,Often,Often,Often,Somewhat disagree,Somewhat disagree,Agree,Strongly agree,Somewhat disagree,Most of the time,Most of the time,More than half of the time,Most of the time,Most of the time,1,1,Male,1982,"Single, never married",No child,,,Secondary school,Full-time employee (30 hours a week or more),Staying in a different country,Not close at all,Yes,Less than $200,Never,Not applicable (the child has no child),No,,Never,Never,Never,Female,1987,Married,2 children,At least one girl and one boy,2 or more children below age 6,University-level degree,Full-time employee (30 hours a week or more),Between 20 and 40 minutes by car,Close,No,,Never,2-3 days a month,No,,Never,Never,Once every few months,,,,,,,,,,,,,,,,,,,,,,,,,,,,,,,,,,,,,,,,,,,,,,,,,,,,,,,,,,Male,Jun,1953,70,Singapore,,Chinese,,Currently married,Secondary (‘O’ / ‘N’ level),Part-time employee,,,,,"$2,000 - $2,999","$2,000 - $2,999",HDB 4-room flats,,Co-owned by self and spouse,,Christianity,,Fair,Moderate,Completely,Yes,To invest to grow retirement savings further,,,Almost completely,Mostly,No,,No,No,No,No,No,Very good,,,Very good,Very good,Very high
2310019,2310,Sometimes,Not Often,Sometimes,Never,Often,Never,Often,Sometimes,No Response,Often,Often,Often,Often,Often,Sometimes,Never,Often,Sometimes,Often,Somewhat disagree,Agree,Somewhat disagree,Somewhat agree,Disagree,Most of the time,Most of the time,Most of the time,More than half of the time,Most of the time,1,0,Male,1995,"Single, never married",No child,,,University-level degree,Full-time employee (30 hours a week or more),Living together in the same house,Very close,No,,1-2 days a week,Not applicable (the child has no child),Yes,$200-399,Once a month,Always,Almost everyday,Male,,,,,,,,,,,,,,,,,,,,,,,,,,,,,,,,,,,,,,,,,,,,,,,,,,,,,,,,,,,,,,,,,,,,,,,,,,,,Female,Feb,1963,60,Malaysia,,Chinese,,Currently married,Primary,Homemaker/housewife,,,,,"Below $1,000","$1,000 - $1,999",HDB 4-room flats,,Co-owned by self and spouse,,Buddhism,,Fair,None,A little,No,,,no money in cpf,Mostly,Mostly,No,,No,No,No,No,No,Very good,,,Very good,Very good,Very high
2310017,2310,Not Often,Sometimes,Not Often,Often,Often,Never,Sometimes,Not Often,Never,Often,Often,Often,Often,Not Often,Often,Never,Not Often,Sometimes,Not Often,Disagree,Disagree,Strongly disagree,Somewhat disagree,Disagree,More than half of the time,Most of the time,All of the time,Most of the time,All of the time,0,1,Female,1977,Married,1 child,All boy,No child below age 6,Polytechnic diploma,Self-employed,Within 20 minutes by car,Close,No,,Never,Once every few months,No,,Never,Always,Almost everyday,,,,,,,,,,,,,,,,,,,,,,,,,,,,,,,,,,,,,,,,,,,,,,,,,,,,,,,,,,,,,,,,,,,,,,,,,,,,,Male,Nov,1955,68,Singapore,,Chinese,,Divorced,Secondary (‘O’ / ‘N’ level),Part-time employee,,,,,Respondent refused to answer,Respondent refused to answer,"HDB 5-room, 3 gen flats, and executive flats (e.g., executive apartments and executive maisonette)",,Self-owned,,No religion,,Very poor,None,Completely,No,,,no response given,Completely,Completely,No,,No,Yes,No,No,No,Very good,,,Very good,Very good,Very high
2302009,2311,Sometimes,No Response,Often,No Response,Often,No Response,Often,Sometimes,No Response,Often,Often,Often,Often,Often,Often,Never,Often,Sometimes,Often,Strongly agree,Agree,Somewhat agree,Somewhat agree,Agree,All of the time,All of the time,Most of the time,More than half of the time,All of the time,1,0,Male,1977,Married,1 child,All girl,No child below age 6,University-level degree,Full-time employee (30 hours a week or more),Within 20 minutes by walk,Close,No,,Never,Never,Yes,$200-399,Never,Often,Almost everyday,,,,,,,,,,,,,,,,,,,,,,,,,,,,,,,,,,,,,,,,,,,,,,,,,,,,,,,,,,,,,,,,,,,,,,,,,,,,,Female,Apr,1951,73,Singapore,,Chinese,,Divorced,Post-secondary (non-tertiary): General & Vocational (‘A’ level),"Retired (record previous occupation), please specifiy:",Office,,,,"Below $1,000","Below $1,000",HDB 4-room flats,,Self-owned,,Buddhism,,Fair,Mild,Moderately,No,,,Enough money,Almost completely,Somewhat,No,,No,No,No,No,No,Good,,,Good,Good,High
2302028,2311,No Response,Never,Not Often,No Response,Often,Sometimes,Often,Sometimes,Often,Often,Often,Often,Often,Often,Often,Often,Often,Often,Often,Strongly agree,Strongly agree,Strongly agree,Agree,Strongly agree,Most of the time,All of the time,All of the time,All of the time,Most of the time,0,2,Male,1970,Married,No child,,,University-level degree,Part-time employee,Within 20 minutes by car,Close,No,,Never,Not applicable (the child has no child),Yes,$200-399,Once every few months,Rarely,1-2 days a week,Male,1972,Married,3 and more children,At least one girl and one boy,No child below age 6,University-level degree,Self-employed,Between 20 and 40 minutes by car,Very close,No,,Once every few months,Almost everyday,No,,Once a month,Sometimes,3-4 days a week,,,,,,,,,,,,,,,,,,,,,,,,,,,,,,,,,,,,,,,,,,,,,,,,,,,,,,,,,,Male,Dec,1942,82,Singapore,,Chinese,,Currently married,Primary,Full-time employee (30 hours a week or more),,,,,"$3,000 - $3,999","$3,000 - $3,999",HDB 4-room flats,,Co-owned by self and spouse,,Christianity,,Fair,None,Mostly,Yes,"For legacy planning purposes (i.e., distributing funds to children, setting up trusts)",,,Completely,Completely,"Yes, please indicate:",Spouse,No,No,No,No,No,Moderate,,,Moderate,Very good,High
2310710,2310,Not Often,Never,Never,Never,Often,Never,Often,Never,Never,Often,Often,Often,Often,Often,Not Often,Often,Often,Often,Sometimes,Agree,Neither agree nor disagree,Agree,Agree,Agree,Most of the time,Most of the time,Most of the time,Most of the time,Some of the time,1,2,Male,1876,Married,2 children,At least one girl and one boy,No child below age 6,MA degree or above,Full-time employee (30 hours a week or more),Staying in the same or next block,Close,No,,Never,Never,Yes,Less than $200,Never,Never,3-4 days a week,Female,1978,Married,3 and more children,At least one girl and one boy,No child below age 6,MA degree or above,Full-time employee (30 hours a week or more),More than 40 minutes by car,Close,No,,Never,Never,Yes,$200-399,Never,Often,Once every few months,Female,1992,Married,1 child,All boy,1 child below age 6,University-level degree,Full-time employee (30 hours a week or more),More than 40 minutes by car,Close,No,,Never,Never,Yes,$200-399,Once every few months,Often,Once every few months,,,,,,,,,,,,,,,,,,,,,,,,,,,,,,,,,,,,,,,Female,Apr,1949,75,Singapore,,Chinese,,Currently married,Secondary (‘O’ / ‘N’ level),Self-employed,,,,,"Below $1,000","Below $1,000","HDB 5-room, 3 gen flats, and executive flats (e.g., executive apartments and executive maisonette)",,Co-owned by self and spouse,,Buddhism,,Good,None,Moderately,Yes,To finance daily living expenses and leisure or travel activities,,,Almost completely,A little,No,,No,No,No,No,No,Good,,,Good,Good,High
2310712,2310,Never,Sometimes,Not Often,Never,Often,Never,Sometimes,Often,Not Often,Often,Often,Often,Often,Often,Sometimes,Never,Not Often,Not Often,Not Often,Somewhat agree,Somewhat agree,Agree,Agree,Agree,Most of the time,Most of the time,Most of the time,Most of the time,Most of the time,2,1,Male,1974,Married,3 and more children,All boy,No child below age 6,University-level degree,Full-time employee (30 hours a week or more),Staying in the same housing estate,Close,No,,Never,Never,Yes,Less than $200,Never,Sometimes,Almost everyday,Female,1978,Married,1 child,All boy,No child below age 6,University-level degree,Full-time employee (30 hours a week or more),More than 40 minutes by car,Close,No,,Never,Never,Yes,Less than $200,Never,Sometimes,Almost everyday,Male,1983,Married,2 children,At least one girl and one boy,No child below age 6,University-level degree,Full-time employee (30 hours a week or more),More than 40 minutes by car,Close,No,,Never,Never,Yes,Less than $200,Never,Sometimes,Almost everyday,,,,,,,,,,,,,,,,,,,,,,,,,,,,,,,,,,,,,,,Male,Aug,1951,73,India,,Indian,,Currently married,Secondary (‘O’ / ‘N’ level),"Retired (record previous occupation), please specifiy:","SAF Army force, service support, logistics",,,,"Below $1,000","Below $1,000",HDB 4-room flats,,Co-owned by self and spouse,,Hinduism,,Fair,Moderate,Mostly,No,,,"receive payment, CPF retirement payout (monthly)",Completely,Mostly,No,,No,No,No,No,No,Good,,,Good,Good,High
2311714,2311,Sometimes,Sometimes,Sometimes,Not Often,Often,Sometimes,Often,Sometimes,Not Often,Often,Often,Often,Often,Often,Sometimes,Sometimes,Often,Often,Often,Agree,Agree,Agree,Agree,Strongly agree,Most of the time,Most of the time,Most of the time,Most of the time,All of the time,2,2,Female,1984,Married,No child,,,MA degree or above,Full-time employee (30 hours a week or more),Staying in a different country,Close,No,,Never,Not applicable (the child has no child),No,,Never,Never,1-2 days a week,Female,1987,Married,2 children,All girl,2 or more children below age 6,University-level degree,Full-time employee (30 hours a week or more),Between 20 and 40 minutes by car,Very close,No,,3-4 days a week,3-4 days a week,Yes,$200-399,Once every few months,Rarely,Almost everyday,Male,1989,"Single, never married",No child,,,MA degree or above,Part-time employee,Living together in the same house,Very close,Yes,$200-399,Almost everyday,Not applicable (the child has no child),Yes,Less than $200,Almost everyday,Sometimes,Almost everyday,Male,1992,Married,No child,,,MA degree or above,Self-employed,Within 20 minutes by car,Close,No,,Never,Not applicable (the child has no child),Yes,Less than $200,Never,Never,1-2 days a week,,,,,,,,,,,,,,,,,,,,Female,Aug,1956,67,Singapore,,Chinese,,Currently married,Master’s and Doctorate or equivalent,Self-employed,,,,,"Below $1,000","$4,000 - $4,999",Condominiums (including executive condo) and other apartments,,Co-owned by self and spouse,,Christianity,,Good,None,Mostly,No,,,Enough money,Completely,Almost completely,No,,No,No,No,No,No,Very good,,,Very good,Good,Very high
2311705,2311,Sometimes,Not Often,Often,Sometimes,Often,Sometimes,Often,Sometimes,Sometimes,Often,Sometimes,Often,Not Often,Often,Not Often,Often,Sometimes,Sometimes,Sometimes,Disagree,Strongly disagree,Neither agree nor disagree,Somewhat agree,Neither agree nor disagree,More than half of the time,Less than half of the time,More than half of the time,Less than half of the time,More than half of the time,1,1,Male,2000,"Single, never married",No child,,,Polytechnic diploma,Student,Living together in the same house,Close,Yes,$200-399,Almost everyday,Not applicable (the child has no child),Yes,Less than $200,Once every few months,Never,Almost everyday,Female,2003,"Single, never married",No child,,,Polytechnic diploma,Student,Living together in the same house,Very close,Yes,$200-399,Almost everyday,Not applicable (the child has no child),Yes,Less than $200,Once every few months,Never,Almost everyday,,,,,,,,,Staying in a different country,,,,,,,,,,,,,,,,,,,,,,,,,,,,,,,,,,,,,,,,,,,,,,,,,Male,Jul,1958,66,Singapore,,Chinese,,Currently married,Secondary (‘O’ / ‘N’ level),Part-time employee,,,,,"$1,000 - $1,999","$2,000 - $2,999",HDB 3-room flats,,Self-owned,,Catholicism,,Poor,Mild,None at all,Yes,To finance daily living expenses and leisure or travel activities,,,Almost completely,Completely,No,,No,No,No,No,No,Good,,,Good,Good,High
2311703,2311,No Response,No Response,Often,No Response,Often,No Response,Often,No Response,No Response,Often,Often,Often,Often,Often,Often,Sometimes,Often,Often,Often,Neither agree nor disagree,Agree,Strongly agree,Agree,Somewhat agree,All of the time,All of the time,All of the time,All of the time,All of the time,1,0,Male,1993,"Single, never married",No child,,,MA degree or above,Student,Living together in the same house,Very close,No,,Almost everyday,Not applicable (the child has no child),No,,1-2 days a week,Rarely,3-4 days a week,,,Married,,,,,,,,,,,,,,,,,,,,,,,,,,,,,,,,,,,,,,,,,,,,,,,,,,,,,,,,,,,,,,,,,,,,,,,,,,Female,Sep,1961,62,Indonesia,,Chinese,,Divorced,Secondary (‘O’ / ‘N’ level),"Retired (record previous occupation), please specifiy:",Office,,,,"$1,000 - $1,999","$1,000 - $1,999",HDB 3-room flats,,Self-owned,,No religion,,Very good,None,Mostly,No,,,Enough money,Completely,Completely,No,,No,No,No,No,No,Good,,,Good,Good,High
2311707,2311,Never,No Response,Often,No Response,Sometimes,Never,Often,Never,No Response,Often,Often,Often,Often,Often,Often,Sometimes,Often,No Response,Often,Strongly agree,Agree,Strongly agree,Neither agree nor disagree,Somewhat agree,All of the time,All of the time,All of the time,All of the time,All of the time,2,1,Male,1980,Married,3 and more children,All boy,No child below age 6,ITE diploma,Self-employed,Between 20 and 40 minutes by car,Very close,No,,Never,Never,No,,Never,Never,1-2 days a week,Male,1981,Married,3 and more children,At least one girl and one boy,No child below age 6,Polytechnic diploma,Self-employed,Within 20 minutes by walk,Fair,No,,Never,3-4 days a week,No,,Never,Never,Once a month,Female,1984,Married,2 children,At least one girl and one boy,1 child below age 6,Polytechnic diploma,Full-time employee (30 hours a week or more),Between 20 and 40 minutes by car,Close,No,,Never,Never,Yes,$200-399,3-4 days a week,Never,Once a month,Male,,,,,,PSLE certificate,,,,,,,,,,,,,,,,,,,,,,,,,,,,,,Never,,Female,Apr,1960,64,Singapore,,Chinese,,Widowed,Secondary (‘O’ / ‘N’ level),Part-time employee,,,,,"Below $1,000","Below $1,000",HDB 4-room flats,,Self-owned,,Buddhism,,Good,Mild,Completely,No,,,Money is enough,Completely,Completely,No,,No,No,No,No,No,Good,,,Very good,Very good,High
2306010,2306,Sometimes,Sometimes,Not Often,Not Often,Sometimes,Not Often,Not Often,Sometimes,Often,Sometimes,Sometimes,Sometimes,Sometimes,Never,Never,No Response,No Response,No Response,No Response,Disagree,Disagree,Disagree,No Response,No Response,At no time,Some of the time,At no time,At no time,At no time,1,1,Male,1972,Divorced or Separated,1 child,All girl,No child below age 6,Polytechnic diploma,Full-time employee (30 hours a week or more),Living together in the same house,Close,No,,Almost everyday,Not applicable (the child has no child),No,,Never,Always,3-4 days a week,,,,,,,,,,,,,,,,,,,,,,,,,,,,,,,,,,,,,,,,,,,,,,,,,,,,,,,,,,,,,,,,,,,,,,,,,,,,,Female,Jan,1954,70,Singapore,,Chinese,,Currently married,No formal schooling / pre-primary,Homemaker/housewife,,,,,"Below $1,000","Below $1,000",HDB 1- and 2-Room Flats,,Owned by spouse,,Buddhism,,Very poor,Moderate,None at all,No,,,No CPF as she never worked,Mostly,Not at all,"Yes, please indicate:",son,No,Yes,No,No,No,"Bad, please specify reason:",,,Bad,Good,Low
2306014,2306,Sometimes,Sometimes,Often,No Response,Often,No Response,Often,Never,Never,Often,Often,Often,Often,Often,Often,Sometimes,Often,Often,Often,Agree,Agree,Strongly agree,Neither agree nor disagree,Agree,Most of the time,Most of the time,Most of the time,More than half of the time,Most of the time,2,0,Male,36,"Single, never married",No child,,,University-level degree,Full-time employee (30 hours a week or more),Living together in the same house,Close,No,,Almost everyday,Not applicable (the child has no child),No,,1-2 days a week,Always,Almost everyday,Male,33,"Single, never married",No child,,,University-level degree,Full-time employee (30 hours a week or more),Living together in the same house,Close,No,,Almost everyday,Not applicable (the child has no child),No,,Almost everyday,Always,Almost everyday,,,,,,,,,,,,,,,,,,,,,,,,,,,,,,,,,,,,,,,,,,,,,,,,,,,,,,,,,,Female,Oct,1958,65,Singapore,,Chinese,,Respondent refused to answer,Secondary (‘O’ / ‘N’ level),"Retired (record previous occupation), please specifiy:",Admin assistant,,,,Respondent refused to answer,Respondent refused to answer,HDB 4-room flats,,Co-owned by self and spouse,,Buddhism,,Good,None,Mostly,Respondent refused to answer,,,,Almost completely,Mostly,"Yes, please indicate:",son,No,No,No,No,No,Very good,,,Very good,Good,High
2310029,2311,No Response,No Response,Often,No Response,Often,No Response,Often,Often,Sometimes,Often,Often,Often,Often,Often,Often,Sometimes,Often,Sometimes,Often,Agree,Agree,Strongly agree,Strongly agree,Somewhat agree,Most of the time,All of the time,All of the time,All of the time,All of the time,1,0,Female,1981,Married,1 child,All girl,1 child below age 6,ITE diploma,Self-employed,Within 20 minutes by car,Close,No,,Never,Never,Yes,$200-399,Never,Rarely,1-2 days a week,Male,,,,,,,,,,,,,,,,,,,,,,,,,,,,,,,,,,,,,,,,,,,,,,,,,,,,,,,,,,,,,,,,,,,,,,,,,,,,Female,Feb,1957,67,Singapore,,Chinese,,Currently married,Primary,Part-time employee,,,,,"$1,000 - $1,999","$1,000 - $1,999","HDB 5-room, 3 gen flats, and executive flats (e.g., executive apartments and executive maisonette)",,Co-owned by self and spouse,,Buddhism,,Fair,Moderate,None at all,No,,,Enough income,Completely,Completely,No,,No,No,No,No,No,Moderate,,,Moderate,Very good,Average
2304708,2304,Often,Often,Sometimes,Sometimes,Not Often,Often,Not Often,Often,Often,Often,Often,Often,Often,Often,Sometimes,Not Often,Sometimes,Not Often,Not Often,Neither agree nor disagree,Neither agree nor disagree,Somewhat agree,Agree,Neither agree nor disagree,At no time,At no time,At no time,No Response,Some of the time,2,0,Male,1996,"Single, never married",No child,,,Less than primary education,Other,Living together in the same house,Very close,Yes,$200-399,Almost everyday,Not applicable (the child has no child),No,,1-2 days a week,Rarely,Almost everyday,Male,2001,"Single, never married",No child,,,GCE A-level or NUS high school diploma,Student,Living together in the same house,Very close,Yes,"$1,000 and above",Almost everyday,Almost everyday,No,,Never,Sometimes,Almost everyday,,,,,,,,,,,,,,,,,,,,,,,,,,,,,,,,,,,,,,,,,,,,,,,,,,,,,,,,,,Male,Mar,1960,64,Singapore,,Chinese,,Currently married,Professional qualification and other diploma,"Retired (record previous occupation), please specifiy:",engineering manager ,,,,"Below $1,000","Below $1,000","HDB 5-room, 3 gen flats, and executive flats (e.g., executive apartments and executive maisonette)",,Co-owned by self and spouse,,Christianity,,Good,None,A little,Yes,"To cover personal or family healthcare expenses (e.g., hospital bills, long-term care costs, purchase of additional private insurance)",,,Completely,Almost completely,No,,No,No,No,No,No,Very good,,,Very good,Good,High
2310002,2310,Not Often,Not Often,Not Often,Not Often,Sometimes,Not Often,Sometimes,Not Often,Not Often,Sometimes,Often,Often,Often,Sometimes,Often,Sometimes,Often,Sometimes,Not Often,Disagree,Agree,Agree,Disagree,Agree,More than half of the time,More than half of the time,Most of the time,Less than half of the time,Less than half of the time,2,1,Male,1981,"Single, never married",No child,,,ITE diploma,Part-time employee,Living together in the same house,Close,No,,Almost everyday,Not applicable (the child has no child),Yes,Less than $200,Never,Rarely,3-4 days a week,Male,1989,Married,No child,,,ITE diploma,Full-time employee (30 hours a week or more),Living together in the same house,Close,No,,Almost everyday,Not applicable (the child has no child),Yes,Less than $200,Never,Rarely,3-4 days a week,Female,1997,"Single, never married",No child,,,University-level degree,Full-time employee (30 hours a week or more),Living together in the same house,Close,No,,Almost everyday,Not applicable (the child has no child),Yes,Less than $200,Never,Rarely,3-4 days a week,,,,,,,,,,,,,,,,,,,,,,,,,,,,,,,,,,,,,,,Female,Mar,1958,66,Singapore,,Chinese,,Currently married,Primary,Homemaker/housewife,,,,,"Below $1,000","Below $1,000",HDB 4-room flats,,Co-owned by self and spouse,,Buddhism,,Fair,None,Moderately,Yes,To finance daily living expenses and leisure or travel activities,,,Almost completely,Not at all,No,,No,No,No,No,No,Moderate,,,Good,Good,Average
2310716,2310,Not Often,Not Often,Not Often,Not Often,Sometimes,Not Often,Sometimes,Not Often,Sometimes,Sometimes,Often,Sometimes,Sometimes,Sometimes,Sometimes,Not Often,Sometimes,Sometimes,Sometimes,Somewhat agree,Somewhat agree,Somewhat agree,Somewhat agree,Disagree,More than half of the time,More than half of the time,Less than half of the time,More than half of the time,Less than half of the time,1,1,Male,1985,Married,1 child,All girl,No child below age 6,University-level degree,Full-time employee (30 hours a week or more),More than 40 minutes by car,Close,No,,Never,Never,Yes,$200-399,Never,Rarely,1-2 days a week,Female,1988,"Single, never married",No child,,,University-level degree,Full-time employee (30 hours a week or more),Living together in the same house,Close,No,,3-4 days a week,Not applicable (the child has no child),Yes,$200-399,3-4 days a week,Rarely,Almost everyday,,,,,,,,,,,,,,,,,,,,,,,,,,,,,,,,,,,,,,,,,,,,,,,,,,,,,,,,,,Female,Apr,1958,66,Singapore,,Chinese,,Currently married,Primary,Full-time employee (30 hours a week or more),,,,,"$1,000 - $1,999","$1,000 - $1,999",HDB 3-room flats,,Co-owned by self and spouse,,Buddhism,,Good,Mild,Moderately,Yes,To finance daily living expenses and leisure or travel activities,,,Completely,Mostly,No,,No,No,No,No,No,Good,,,Good,Good,High
2309709,2309,Never,Sometimes,Often,Sometimes,Often,Never,Often,Never,Never,Often,Sometimes,Sometimes,Often,Sometimes,Sometimes,Sometimes,Sometimes,Sometimes,Not Often,Somewhat agree,Somewhat agree,Somewhat agree,Somewhat agree,Somewhat disagree,Some of the time,More than half of the time,Most of the time,Some of the time,Some of the time,0,2,Female,1979,Divorced or Separated,2 children,All girl,No child below age 6,Secondary school,Full-time employee (30 hours a week or more),Within 20 minutes by walk,Fair,Yes,Less than $200,Never,Almost everyday,No,,Never,Never,Never,Female,1981,"Single, never married",No child,,,Secondary school,Full-time employee (30 hours a week or more),More than 40 minutes by car,Not very close,No,,Never,Not applicable (the child has no child),No,,Never,Never,Never,,,,,,,,,,,,,,,,,,,,,,,,,,,,,,,,,,,,,,,,,,,,,,,,,,,,,,,,,,Female,May,1962,62,Singapore,,Indian,,Widowed,Professional qualification and other diploma,Full-time employee (30 hours a week or more),,,,,"$3,000 - $3,999","$3,000 - $3,999",HDB 3-room flats,,Self-owned,,Hinduism,,Good,None,Moderately,No,,,To earn interest for retirement,A little,Somewhat,No,,No,No,No,No,No,Very good,,,Very good,Very good,Very high
2309702,2309,Never,Sometimes,Often,Never,Often,Never,Often,Never,Never,Often,Often,Often,Often,Often,Often,Often,Often,Often,Often,Strongly agree,Strongly agree,Strongly agree,Strongly agree,Strongly agree,All of the time,All of the time,All of the time,All of the time,All of the time,1,1,Male,1971,Married,1 child,All girl,No child below age 6,University-level degree,Full-time employee (30 hours a week or more),Between 20 and 40 minutes by car,Very close,No,,Never,Never,Yes,"$1,000 and above",Never,Never,1-2 days a week,Female,1973,Married,1 child,All boy,No child below age 6,Secondary school,Full-time employee (30 hours a week or more),More than 40 minutes by car,Very close,No,,Never,Never,Yes,Less than $200,Never,Never,2-3 days a month,,,,,,,,,,,,,,,,,,,,,,,,,,,,,,,,,,,,,,,,,,,,,,,,,,,,,,,,,,Female,Jan,1945,79,Singapore,,Chinese,,Currently married,Secondary (‘O’ / ‘N’ level),"Retired (record previous occupation), please specifiy:",owner of factory,,,,"Below $1,000","Below $1,000","HDB 5-room, 3 gen flats, and executive flats (e.g., executive apartments and executive maisonette)",,Co-owned by self and spouse,,Buddhism,,Good,None,Completely,Yes,To do business or invest in businesses,,,Almost completely,Completely,No,,No,No,No,No,No,Very good,,,Very good,Very good,Very high
2311718,2311,No Response,Never,Often,Sometimes,No Response,Often,No Response,No Response,Often,Often,Often,Often,Often,Sometimes,Often,Often,Often,Sometimes,Often,Strongly agree,Agree,Strongly agree,Strongly agree,Agree,Most of the time,All of the time,All of the time,All of the time,All of the time,1,0,Male,1978,"Single, never married",No child,,,University-level degree,Full-time employee (30 hours a week or more),Living together in the same house,Close,No,,Never,Not applicable (the child has no child),Yes,$400-599,1-2 days a week,Never,Almost everyday,,,,,,,,,,,,,,,,,,,,,,,,,,,,,,,,,,,,,,,,,,,,,,,,,,,,,,,,,,,,,,,,,,,,,,,,,,,,,Male,Jun,1952,72,Singapore,,Chinese,,Currently married,No formal schooling / pre-primary,Part-time employee,,,,,"Below $1,000","$5,000 - $6,999",HDB 3-room flats,,Co-owned by self and spouse,,Buddhism,,Good,None,Completely,Yes,To finance daily living expenses and leisure or travel activities,,,Completely,Completely,No,,No,No,No,No,No,Good,,,Moderate,Good,High
2307016,2311,Often,Sometimes,Often,Never,Often,Sometimes,Often,Sometimes,Often,Never,Sometimes,Sometimes,Sometimes,Sometimes,Not Often,Never,Sometimes,Never,Not Often,Disagree,Neither agree nor disagree,Somewhat disagree,Somewhat disagree,Strongly agree,More than half of the time,Most of the time,Less than half of the time,Less than half of the time,Most of the time,1,2,Female,1966,"Single, never married",No child,,,Less than primary education,Full-time employee (30 hours a week or more),Staying in the same housing estate,Close,No,,Never,Not applicable (the child has no child),Yes,Less than $200,1-2 days a week,Never,1-2 days a week,Female,1967,Married,2 children,At least one girl and one boy,No child below age 6,University-level degree,Full-time employee (30 hours a week or more),Staying in the same or next block,Not very close,No,,Never,Never,Yes,Less than $200,Never,Never,1-2 days a week,Male,1970,Married,1 child,All boy,No child below age 6,Less than primary education,Full-time employee (30 hours a week or more),Within 20 minutes by car,Very close,No,,Never,Never,No,,Never,Never,1-2 days a week,,,,,,,,,,,,,,,,,,,,,,,,,,,,,,,,,,,,,,,Female,Jul,1947,78,Malaysia,,Chinese,,Widowed,No formal schooling / pre-primary,"Retired (record previous occupation), please specifiy:",,,,,"Below $1,000","Below $1,000",HDB 3-room flats,,Self-owned,,Buddhism,,Fair,Severe,Completely,Yes,To finance daily living expenses and leisure or travel activities,,,Not at all,Completely,No,,No,No,No,Yes,No,Moderate,,,Moderate,Bad,Average
2311719,2311,Never,Often,Never,Never,Sometimes,Often,Often,Never,Often,Sometimes,Sometimes,Not Often,Sometimes,Often,Sometimes,Often,Sometimes,Sometimes,Not Often,Somewhat agree,Strongly disagree,Neither agree nor disagree,Agree,No Response,More than half of the time,Less than half of the time,More than half of the time,Some of the time,More than half of the time,1,1,Female,2005,"Single, never married",No child,,,Polytechnic diploma,Student,Living together in the same house,Close,No,,1-2 days a week,Not applicable (the child has no child),No,,1-2 days a week,Never,Almost everyday,Male,2005,"Single, never married",No child,,,ITE diploma,Student,Living together in the same house,Very close,Yes,$400-599,Never,Almost everyday,No,,1-2 days a week,Never,Almost everyday,,,,,,,,,,,,,,,,,,,,,,,,,,Less than primary education,,,,,,,,,,,,,,,,,,,,,,,,,,,,,,Sometimes,,Male,Jul,1962,62,Singapore,,Chinese,,Currently married,Bachelor’s or equivalent,"Unemployed (able to work) (record previous occupation), please specify:",,Telecom,,,"Below $1,000","$3,000 - $3,999","HDB 5-room, 3 gen flats, and executive flats (e.g., executive apartments and executive maisonette)",,Co-owned by self and spouse,,No religion,,Good,None,None at all,No,,,Enough income,Completely,Completely,No,,No,No,No,No,No,Good,,,Good,Good,High
2311717,2311,Never,Never,Not Often,Never,Often,Never,Often,Not Often,Never,Not Often,Often,Sometimes,Not Often,Often,Often,Sometimes,Often,Sometimes,Not Often,Neither agree nor disagree,Strongly agree,Strongly agree,Agree,Somewhat agree,All of the time,All of the time,More than half of the time,All of the time,Less than half of the time,2,0,Male,1980,"Single, never married",No child,,,University-level degree,Full-time employee (30 hours a week or more),Staying in the same or next block,Close,No,,Once every few months,Not applicable (the child has no child),Yes,$200-399,Once every few months,Never,Almost everyday,Female,1981,Married,2 children,All boy,1 child below age 6,University-level degree,Full-time employee (30 hours a week or more),Within 20 minutes by walk,Close,No,,Never,Once a month,Yes,$200-399,Never,Never,3-4 days a week,Male,1984,"Single, never married",No child,,,MA degree or above,Full-time employee (30 hours a week or more),Living together in the same house,Close,No,,Once every few months,Not applicable (the child has no child),Yes,$200-399,Never,Never,Almost everyday,,,,,,,,,,,,,,,,,,,,,,,,,,,,,,,,,,,,,,,Female,Mar,1950,74,Singapore,,Chinese,,Widowed,Post-secondary (non-tertiary): General & Vocational (‘A’ level),"Retired (record previous occupation), please specifiy:",Office admin,,,,"Below $1,000","$10,000 and above","HDB 5-room, 3 gen flats, and executive flats (e.g., executive apartments and executive maisonette)",,Owned by a child,,Christianity,,Good,None,Mostly,Yes,To pay off outstanding housing loans or to invest in new property,,,Completely,Completely,No,,No,No,No,No,No,Moderate,,,Moderate,Moderate,High
2310722,2310,Sometimes,Sometimes,Often,Never,Often,Never,Often,Sometimes,Never,Often,Often,Often,Sometimes,Often,Sometimes,Sometimes,Often,Often,Often,Strongly agree,Strongly agree,Strongly agree,Agree,Agree,Most of the time,Most of the time,More than half of the time,More than half of the time,Most of the time,1,2,Male,1970,Married,3 and more children,At least one girl and one boy,No child below age 6,Polytechnic diploma,Part-time employee,Within 20 minutes by car,Close,No,,Never,Never,No,,Never,Never,2-3 days a month,Female,1973,Married,1 child,All boy,No child below age 6,University-level degree,Full-time employee (30 hours a week or more),Within 20 minutes by walk,Close,No,,Never,Never,No,,Never,Never,2-3 days a month,Female,1978,"Single, never married",No child,,,Polytechnic diploma,Other,Staying in a different country,Not close at all,No,,Never,Never,No,,Never,Never,Never,,,,,,,,,,,,,,,,,,,,,,,,,,,,,,,,,,,,,,,Female,Oct,1946,78,Singapore,,Chinese,,Divorced,Secondary (‘O’ / ‘N’ level),"Retired (record previous occupation), please specifiy:","primary school teacher, teach everything except mother tongue",,,,"$1,000 - $1,999","$1,000 - $1,999","Others, specify:",2 room flexi,Self-owned,,Taoism,,Good,None,Mostly,Yes,To finance daily living expenses and leisure or travel activities,,,Completely,Completely,No,,No,No,No,No,No,Very good,,,Very good,Very good,Very high
2309715,2309,Not Often,Not Often,Often,Not Often,Often,Sometimes,Often,Not Often,Not Often,Often,Often,Often,Not Often,Often,Often,Sometimes,Often,Often,Often,Agree,Agree,Agree,Agree,Agree,Most of the time,Most of the time,Most of the time,More than half of the time,Most of the time,2,0,Male,1991,"Single, never married",No child,,,University-level degree,Full-time employee (30 hours a week or more),Living together in the same house,Very close,No,,3-4 days a week,Not applicable (the child has no child),Yes,$600-799,2-3 days a month,Never,Almost everyday,Male,1993,"Single, never married",No child,,,Polytechnic diploma,Self-employed,Living together in the same house,Fair,No,,3-4 days a week,Not applicable (the child has no child),Yes,$600-799,Never,Never,2-3 days a month,,,,,,,,,,,,,,,,,,,,,,,,,,,,,,,,,,,,,,,,,,,,,,,,,,,,,,,,,,Male,Apr,1961,63,Singapore,,Chinese,,Currently married,Postgraduate diploma/certificate (excluding Master’s and Doctorate),Self-employed,,,,,"$8,000 - $8,999","$10,000 and above","HDB 5-room, 3 gen flats, and executive flats (e.g., executive apartments and executive maisonette)",,Self-owned,,Christianity,,Good,None,Completely,No,,,No need of cash,Almost completely,Somewhat,"Yes, please indicate:",Spouse,No,No,No,No,No,Very good,,,Very good,Very good,Very high
2305701,2305,Never,Never,Often,Never,Often,Never,Often,Never,Never,Often,Often,Often,Often,Often,Often,Often,Often,Often,Often,Agree,Agree,Agree,Agree,Agree,All of the time,All of the time,All of the time,All of the time,All of the time,3,1,Male,1982,Married,3 and more children,At least one girl and one boy,2 or more children below age 6,GCE A-level or NUS high school diploma,Full-time employee (30 hours a week or more),Living together in the same house,Close,No,,Almost everyday,Almost everyday,No,,Almost everyday,Never,Almost everyday,Male,1983,Married,1 child,All boy,1 child below age 6,University-level degree,Full-time employee (30 hours a week or more),Living together in the same house,Close,No,,Almost everyday,Almost everyday,No,,Almost everyday,Never,Almost everyday,Male,1986,Married,1 child,All boy,1 child below age 6,University-level degree,Full-time employee (30 hours a week or more),Within 20 minutes by walk,Close,No,,Almost everyday,1-2 days a week,No,,Almost everyday,Never,Almost everyday,Female,1991,Married,3 and more children,At least one girl and one boy,2 or more children below age 6,University-level degree,Full-time employee (30 hours a week or more),Staying in a different country,Close,No,,Never,Never,No,,Never,Never,Almost everyday,,,,,,,,,,,,,,,,,,,,Male,Sep,1959,65,India,,Indian,,Currently married,Bachelor’s or equivalent,Self-employed,,,,,"$10,000 and above","$10,000 and above",Landed properties,,Self-owned,,Islam,,Very good,None,Completely,No,,,No time,Completely,Mostly,No,,No,No,No,No,No,Good,,,Good,Good,Low
2305706,2305,Never,Not Often,Often,Never,Often,Never,Often,Never,Never,Often,Often,Often,Often,Often,Often,Sometimes,Often,Often,Often,Strongly agree,Strongly agree,Strongly agree,Strongly agree,Strongly agree,All of the time,All of the time,All of the time,All of the time,All of the time,4,1,Male,1988,Married,3 and more children,At least one girl and one boy,1 child below age 6,Polytechnic diploma,Self-employed,Within 20 minutes by walk,Close,No,,Never,3-4 days a week,Yes,$600-799,Never,Sometimes,Almost everyday,Male,1992,Married,1 child,All boy,1 child below age 6,University-level degree,Full-time employee (30 hours a week or more),Living together in the same house,Close,No,,Never,Almost everyday,Yes,$800-999,Almost everyday,Sometimes,Almost everyday,Male,1996,"Single, never married",No child,,,University-level degree,Self-employed,Living together in the same house,Close,No,,Never,Not applicable (the child has no child),No,,Never,Rarely,Almost everyday,Male,2009,"Single, never married",No child,,,Secondary school,Student,Living together in the same house,Close,Yes,Less than $200,Never,Not applicable (the child has no child),No,,Almost everyday,Rarely,Almost everyday,Female,2011,"Single, never married",No child,,,PSLE certificate,Student,Living together in the same house,Close,Yes,Less than $200,Never,Not applicable (the child has no child),No,,Almost everyday,Rarely,Almost everyday,Male,Dec,1960,63,Singapore,,Chinese,,Currently married,Polytechnic diploma,Full-time employee (30 hours a week or more),,,,,"$1,000 - $1,999","$2,000 - $2,999",Condominiums (including executive condo) and other apartments,,Co-owned by self and spouse,,Buddhism,,Very good,None,Completely,Yes,To finance daily living expenses and leisure or travel activities,,,Almost completely,Completely,No,,No,No,No,No,No,Very good,,,Very good,Very good,Very high
2310724,2310,Never,Sometimes,Often,Never,Often,Never,Often,Never,Sometimes,Often,Often,Often,Often,Often,Often,Sometimes,Sometimes,Often,Often,Agree,Agree,Agree,Strongly agree,Agree,Most of the time,Most of the time,More than half of the time,Most of the time,Most of the time,1,2,Female,1983,Married,No child,,,University-level degree,Full-time employee (30 hours a week or more),Staying in the same housing estate,Very close,No,,Never,Never,Yes,$400-599,Never,Never,1-2 days a week,Male,1985,Married,2 children,All girl,No child below age 6,MA degree or above,Full-time employee (30 hours a week or more),More than 40 minutes by car,Very close,No,,Never,Never,Yes,$400-599,Never,Never,1-2 days a week,Female,1995,"Single, never married",No child,,,University-level degree,Full-time employee (30 hours a week or more),Living together in the same house,Very close,No,,Never,Never,Yes,$400-599,Never,Never,Almost everyday,,,,,,,,,,,,,,,,,,,,,,,,,,,,,,,,,,,,,,,Female,May,1956,68,Singapore,,Chinese,,Currently married,Polytechnic diploma,"Retired (record previous occupation), please specifiy:","researcher, mainly in food ",,,,"Below $1,000","$10,000 and above",Condominiums (including executive condo) and other apartments,,Owned by spouse,,Catholicism,,Good,None,Completely,Yes,To finance daily living expenses and leisure or travel activities,,,Completely,Completely,No,,No,No,No,No,No,Good,,,Very good,Very good,Very high
2310723,2310,Never,Never,Not Often,Not Often,Sometimes,Sometimes,Often,Not Often,Often,Often,Often,Often,Not Often,Often,Sometimes,Not Often,Sometimes,Sometimes,Not Often,Somewhat agree,Disagree,Agree,Agree,Neither agree nor disagree,Most of the time,All of the time,Most of the time,All of the time,Most of the time,1,1,Male,1996,"Single, never married",No child,,,Secondary school,Unemployed,Living together in the same house,Fair,Yes,$400-599,Almost everyday,Never,No,,Never,Never,3-4 days a week,Female,2004,"Single, never married",No child,,,University-level degree,Student,Living together in the same house,Very close,Yes,"$1,000 and above",Almost everyday,Never,No,,3-4 days a week,Sometimes,Almost everyday,,,,,,,,,,,,,,,,,,,,,,,,,,,,,,,,,,,,,,,,,,,,,,,,,,,,,,,,,,Male,Dec,1957,67,Singapore,,Chinese,,Currently married,Secondary (‘O’ / ‘N’ level),"Unemployed (able to work) (record previous occupation), please specify:",,quality manager,,,"Below $1,000","Below $1,000",HDB 4-room flats,,Owned by spouse,,Christianity,,Good,None,A little,No,,,cause not making money and have to save as much as possible ,Mostly,Somewhat,No,,No,No,No,No,No,Good,,,Very good,Very good,High
23129001,2312,Never,Sometimes,Never,Not Often,Sometimes,Sometimes,Sometimes,Never,Often,Sometimes,Sometimes,Sometimes,Often,Not Often,Sometimes,Never,Sometimes,Not Often,Sometimes,Somewhat agree,Somewhat disagree,Neither agree nor disagree,Neither agree nor disagree,Neither agree nor disagree,All of the time,More than half of the time,More than half of the time,Less than half of the time,Some of the time,2,0,Male,1996,"Single, never married",No child,,,University-level degree,Full-time employee (30 hours a week or more),Living together in the same house,Close,No,,Almost everyday,Not applicable (the child has no child),No,,Once a month,Never,2-3 days a month,Male,1999,"Single, never married",No child,,,University-level degree,Full-time employee (30 hours a week or more),Living together in the same house,Close,No,,Almost everyday,Not applicable (the child has no child),Yes,$400-599,Almost everyday,Always,3-4 days a week,,,,,,,,,,,,,,,,,,,,,,,,,,,,,,,,,,,,,,,,,,,,,,,,,,,,,,,,,,Male,Apr,1963,61,Singapore,,Chinese,,Currently married,Primary,Full-time employee (30 hours a week or more),,,,,"$2,000 - $2,999","$7,000 - $7,999",HDB 4-room flats,,Co-owned by self and spouse,,Buddhism,,Fair,None,Moderately,No,,,Not enough money,Almost completely,Almost completely,"Yes, please indicate:",2nd Son,No,No,No,No,No,Very good,,,Very good,Very good,High
23129002,2312,Not Often,Sometimes,Never,Often,Often,Never,Often,Not Often,Never,Sometimes,Sometimes,Often,Often,Often,Often,Sometimes,Often,Sometimes,Often,Agree,Agree,Agree,Somewhat agree,Agree,Most of the time,Most of the time,Most of the time,Most of the time,Most of the time,1,1,Female,1982,"Single, never married",No child,,,MA degree or above,Full-time employee (30 hours a week or more),Living together in the same house,Close,No,,Almost everyday,Not applicable (the child has no child),Yes,"$1,000 and above",1-2 days a week,Always,Almost everyday,Male,1986,"Single, never married",No child,,,MA degree or above,Full-time employee (30 hours a week or more),Living together in the same house,Very close,No,,Almost everyday,Not applicable (the child has no child),Yes,"$1,000 and above",1-2 days a week,Always,Almost everyday,,,,,,,,,,,,,,,,,,,,,,,,,,,,,,,,,,,,,,,,,,,,,,,,,,,,,,,,,,Female,Dec,1955,69,Singapore,,Chinese,,Currently married,Secondary (‘O’ / ‘N’ level),Homemaker/housewife,,,,,"Below $1,000","$10,000 and above","HDB 5-room, 3 gen flats, and executive flats (e.g., executive apartments and executive maisonette)",,Co-owned by self and spouse,,Christianity,,Good,None,Completely,No,,,No need to.,Completely,Almost completely,"Yes, please indicate:",,No,No,No,No,No,Very good,,,Good,Very good,High
23129003,2312,Never,Never,Often,Not Often,Often,Not Often,Sometimes,Not Often,Never,Often,Sometimes,Sometimes,Sometimes,Sometimes,Not Often,Sometimes,Sometimes,Not Often,Sometimes,Somewhat agree,Somewhat agree,Agree,Somewhat agree,Somewhat disagree,Most of the time,More than half of the time,Most of the time,Most of the time,Most of the time,0,1,Female,1978,Married,No child,,,University-level degree,Self-employed,Within 20 minutes by car,Fair,No,,Never,3-4 days a week,Yes,$400-599,Never,Sometimes,2-3 days a month,,,,,,,,,,,,,,,,,,,,,,,,,,,,,,,,,,,,,,,,,,,,,,,,,,,,,,,,,,,,,,,,,,,,,,,,,,,,,Male,Oct,1946,78,Singapore,,Chinese,,Currently married,Post-secondary (non-tertiary): General & Vocational (‘A’ level),"Retired (record previous occupation), please specifiy:",Ex-public servant,,,,"Below $1,000","$1,000 - $1,999","HDB 5-room, 3 gen flats, and executive flats (e.g., executive apartments and executive maisonette)",,Co-owned by self and spouse,,Buddhism,,Good,Mild,Completely,No,,,No need to,Mostly,Almost completely,No,,No,No,No,No,No,Good,,,Good,Good,High
23129004,2312,Not Often,Never,Often,Not Often,Often,Never,Often,Sometimes,No Response,Sometimes,Sometimes,Often,Sometimes,Not Often,Not Often,Sometimes,Often,Often,Often,Strongly agree,Strongly agree,Strongly agree,Strongly agree,Somewhat disagree,Most of the time,Most of the time,Most of the time,More than half of the time,Most of the time,1,1,Female,1994,Married,No child,,,MA degree or above,Full-time employee (30 hours a week or more),Between 20 and 40 minutes by car,Very close,No,,Never,Not applicable (the child has no child),Yes,$400-599,Never,Sometimes,1-2 days a week,Male,1997,Married,No child,,,University-level degree,Full-time employee (30 hours a week or more),Living together in the same house,Very close,No,,2-3 days a month,Not applicable (the child has no child),Yes,$400-599,Never,Sometimes,Almost everyday,,,,,,,,,,,,,,,,,,,,,,,,,,,,,,,,,,,,,,,,,,,,,,,,,,,,,,,,,,Female,Dec,1962,62,Singapore,,Chinese,,Currently married,Polytechnic diploma,Homemaker/housewife,,,,,"Below $1,000","$10,000 and above",Condominiums (including executive condo) and other apartments,,Co-owned by self and spouse,,Buddhism,,Good,None,Completely,No,,,No need to,Completely,Almost completely,No,,No,No,No,No,No,Very good,,,Moderate,Very good,High
2312725,2312,Sometimes,Not Often,Sometimes,Sometimes,Sometimes,Not Often,Sometimes,Sometimes,Sometimes,Often,Sometimes,Sometimes,Sometimes,Sometimes,Not Often,Often,Sometimes,Not Often,Sometimes,Somewhat agree,Somewhat agree,Disagree,Disagree,Strongly disagree,Less than half of the time,Less than half of the time,Less than half of the time,Less than half of the time,Less than half of the time,2,1,Male,1991,Married,2 children,All boy,2 or more children below age 6,University-level degree,Full-time employee (30 hours a week or more),More than 40 minutes by car,Fair,No,,Never,Once every few months,No,,Never,Often,1-2 days a week,Male,1994,Cohabiting with her/his partner,No child,,,University-level degree,Full-time employee (30 hours a week or more),Within 20 minutes by car,Fair,No,,Never,Not applicable (the child has no child),No,,Never,Often,1-2 days a week,Female,1996,"Single, never married",No child,,,University-level degree,Full-time employee (30 hours a week or more),Living together in the same house,Fair,No,,Almost everyday,Not applicable (the child has no child),No,,Once a month,Often,1-2 days a week,,,,,,,,,,,,,,,,,,,,,,,,,,,,,,,,,,,,,,,Male,Aug,1958,66,Singapore,,Chinese,,Currently married,Secondary (‘O’ / ‘N’ level),Part-time employee,,,,,"$1,000 - $1,999","$4,000 - $4,999","HDB 5-room, 3 gen flats, and executive flats (e.g., executive apartments and executive maisonette)",,Co-owned by self and spouse,,Buddhism,,Fair,None,Mostly,Yes,"Other, please specify:",End-of-life planning,,Mostly,Mostly,No,,No,No,No,No,No,Moderate,,,Moderate,Good,Average
23129005,2312,Not Often,Sometimes,Often,Not Often,Often,Sometimes,Often,Sometimes,Sometimes,Often,Often,Often,Often,Often,Often,Sometimes,Often,Often,Often,Agree,Somewhat agree,Agree,Agree,Somewhat agree,Most of the time,Most of the time,Most of the time,Most of the time,Most of the time,1,1,Female,1988,Married,2 children,All boy,1 child below age 6,University-level degree,Full-time employee (30 hours a week or more),Within 20 minutes by car,Fair,No,,Never,Once a month,Yes,$200-399,Never,Always,Once a month,Male,1990,Married,No child,,,Polytechnic diploma,Full-time employee (30 hours a week or more),Living together in the same house,Close,No,,Almost everyday,Not applicable (the child has no child),Yes,$400-599,1-2 days a week,Always,1-2 days a week,,,,,,,,,,,,,,,,,,,,,,,,,,,,,,,,,,,,,,,,,,,,,,,,,,,,,,,,,,Male,Oct,1958,66,Singapore,,Chinese,,Currently married,Primary,Part-time employee,,,,,"Below $1,000","$4,000 - $4,999",HDB 4-room flats,,Co-owned by self and spouse,,Buddhism,,Good,None,Moderately,Yes,To finance daily living expenses and leisure or travel activities,,,Mostly,Mostly,"Yes, please indicate:",Family gathering,No,No,No,No,No,Good,,,Moderate,Good,High
23129006,2312,Sometimes,Sometimes,Not Often,Sometimes,Often,Not Often,Often,Sometimes,Not Often,Often,Often,Often,Often,Sometimes,Sometimes,Not Often,Often,Never,Not Often,Agree,Somewhat agree,Agree,Disagree,Somewhat disagree,More than half of the time,Most of the time,Less than half of the time,Most of the time,More than half of the time,1,1,Female,1988,Married,2 children,All boy,1 child below age 6,University-level degree,Full-time employee (30 hours a week or more),Within 20 minutes by car,Fair,No,,Never,Once a month,Yes,$200-399,Never,Always,Once a month,Male,1990,Married,No child,,,Polytechnic diploma,Full-time employee (30 hours a week or more),Living together in the same house,Close,No,,Almost everyday,Not applicable (the child has no child),Yes,$400-599,1-2 days a week,Always,1-2 days a week,,,,,,,,,,,,,,,,,,,,,,,,,,,,,,,,,,,,,,,,,,,,,,,,,,,,,,,,,,Female,Sep,1962,62,Singapore,,Chinese,,Currently married,Secondary (‘O’ / ‘N’ level),Part-time employee,,,,,"Below $1,000","$4,000 - $4,999",HDB 4-room flats,,Co-owned by self and spouse,,Buddhism,,Poor,None,Mostly,Yes,To finance daily living expenses and leisure or travel activities,,,Mostly,Completely,"Yes, please indicate:",Family gathering,No,No,No,No,No,Moderate,,,Moderate,Very good,Average
23129007,2312,Sometimes,Sometimes,Sometimes,Sometimes,Sometimes,Sometimes,Often,Not Often,Not Often,Sometimes,Not Often,Sometimes,Sometimes,Not Often,Sometimes,Sometimes,Sometimes,Not Often,Not Often,Somewhat disagree,Agree,Somewhat agree,Neither agree nor disagree,Strongly agree,More than half of the time,Some of the time,Most of the time,Less than half of the time,More than half of the time,0,3,Female,1987,Married,No child,,,University-level degree,Full-time employee (30 hours a week or more),Within 20 minutes by car,Close,No,,Never,Not applicable (the child has no child),Yes,$400-599,Never,Always,1-2 days a week,Female,1988,Married,No child,,,University-level degree,Full-time employee (30 hours a week or more),Within 20 minutes by car,Close,No,,Never,Not applicable (the child has no child),Yes,$400-599,Never,Always,1-2 days a week,Female,1994,"Single, never married",No child,,,University-level degree,Full-time employee (30 hours a week or more),Living together in the same house,Close,No,,Never,Not applicable (the child has no child),Yes,$200-399,Never,Always,1-2 days a week,,,,,,,,,,,,,,,,,,,,,,,,,,,,,,,,,,,,,,,Female,May,1963,61,Singapore,,Chinese,,Currently married,Primary,Self-employed,,,,,"$8,000 - $8,999","$8,000 - $8,999",Condominiums (including executive condo) and other apartments,,Co-owned by self and spouse,,Buddhism,,Fair,None,Mostly,Yes,To finance daily living expenses and leisure or travel activities,,,Mostly,Mostly,"Yes, please indicate:",Family gathering,No,No,No,No,No,Good,,,Good,Good,High
23129010,2312,Not Often,Never,Often,Never,Often,Never,Often,Not Often,Never,Often,Often,Often,Often,Often,Often,Often,Often,Often,Often,Agree,Agree,Agree,Neither agree nor disagree,Agree,Most of the time,Most of the time,Most of the time,Most of the time,Most of the time,1,1,Female,1985,"Single, never married",No child,,,University-level degree,Full-time employee (30 hours a week or more),Between 20 and 40 minutes by car,Close,No,,Never,Not applicable (the child has no child),Yes,$400-599,Never,Always,3-4 days a week,Male,1987,"Single, never married",No child,,,MA degree or above,Full-time employee (30 hours a week or more),Between 20 and 40 minutes by car,Very close,No,,Never,Not applicable (the child has no child),Yes,$400-599,Never,Always,3-4 days a week,,,,,,,,,,,,,,,,,,,,,,,,,,,,,,,,,,,,,,,,,,,,,,,,,,,,,,,,,,Female,Sep,1960,64,Singapore,,Chinese,,Currently married,Secondary (‘O’ / ‘N’ level),Part-time employee,,,,,"Below $1,000","$2,000 - $2,999",HDB 4-room flats,,Co-owned by self and spouse,,Buddhism,,Good,None,Mostly,Yes,To finance daily living expenses and leisure or travel activities,,,Almost completely,Somewhat,"Yes, please indicate:",Spouse,No,No,No,No,No,Good,,,Good,Good,High
23129011,2312,Not Often,Never,Often,Never,Often,Not Often,Often,Not Often,Never,Often,Often,Often,Often,Often,Often,Sometimes,Often,Often,Often,Strongly agree,Strongly agree,Strongly agree,Strongly agree,Agree,All of the time,All of the time,All of the time,All of the time,All of the time,1,1,Female,1985,"Single, never married",No child,,,University-level degree,Full-time employee (30 hours a week or more),Between 20 and 40 minutes by car,Very close,No,,Never,Not applicable (the child has no child),Yes,$400-599,Never,Always,3-4 days a week,Male,1987,"Single, never married",No child,,,MA degree or above,Full-time employee (30 hours a week or more),Between 20 and 40 minutes by car,Very close,No,,Never,Not applicable (the child has no child),Yes,$400-599,Never,Always,3-4 days a week,,,,,,,,,,,,,,,,,,,,,,,,,,,,,,,,,,,,,,,,,,,,,,,,,,,,,,,,,,Male,Apr,1956,68,Singapore,,Chinese,,Currently married,Professional qualification and other diploma,Full-time employee (30 hours a week or more),,,,,"$1,000 - $1,999","$2,000 - $2,999",HDB 4-room flats,,Co-owned by self and spouse,,Buddhism,,Good,None,Completely,Yes,To finance daily living expenses and leisure or travel activities,,,Almost completely,Somewhat,"Yes, please indicate:",Spouse,No,No,No,No,No,Good,,,Moderate,Very good,High
23129008,2312,Not Often,Not Often,Sometimes,Never,Often,Not Often,Often,Not Often,Not Often,Often,Often,Often,Often,Often,Often,Not Often,Often,Not Often,Often,Agree,Somewhat agree,Somewhat agree,Agree,Disagree,Most of the time,More than half of the time,Most of the time,Less than half of the time,Some of the time,1,1,Male,1996,"Single, never married",No child,,,University-level degree,Full-time employee (30 hours a week or more),Living together in the same house,Fair,No,,Almost everyday,Not applicable (the child has no child),Yes,$200-399,3-4 days a week,Sometimes,1-2 days a week,Female,1998,"Single, never married",No child,,,University-level degree,Full-time employee (30 hours a week or more),Living together in the same house,Fair,No,,Almost everyday,Not applicable (the child has no child),Yes,$200-399,3-4 days a week,Sometimes,1-2 days a week,,,,,,,,,,,,,,,,,,,,,,,,,,,,,,,,,,,,,,,,,,,,,,,,,,,,,,,,,,Female,Aug,1964,60,Singapore,,Chinese,,Currently married,Secondary (‘O’ / ‘N’ level),Full-time employee (30 hours a week or more),,,,,"$2,000 - $2,999","$9,000 - $9,999",HDB 4-room flats,,Co-owned by self and spouse,,Buddhism,,Good,None,Mostly,Yes,To finance daily living expenses and leisure or travel activities,,,Mostly,A little,No,,No,No,No,No,No,Good,,,Moderate,Very good,High
23129009,2312,Not Often,Not Often,Sometimes,Not Often,Often,Sometimes,Often,Often,Sometimes,Often,Often,Often,Sometimes,Not Often,Sometimes,Not Often,Sometimes,Sometimes,Sometimes,Neither agree nor disagree,Somewhat agree,Somewhat agree,Somewhat agree,Disagree,More than half of the time,Most of the time,Some of the time,Some of the time,Less than half of the time,2,0,Male,1990,"Single, never married",No child,,,University-level degree,Full-time employee (30 hours a week or more),Living together in the same house,Close,No,,3-4 days a week,Not applicable (the child has no child),Yes,$200-399,1-2 days a week,Sometimes,3-4 days a week,Male,1993,"Single, never married",No child,,,University-level degree,Full-time employee (30 hours a week or more),Living together in the same house,Close,No,,3-4 days a week,Not applicable (the child has no child),Yes,$400-599,1-2 days a week,Sometimes,3-4 days a week,,,,,,,,,,,,,,,,,,,,,,,,,,,,,,,,,,,,,,,,,,,,,,,,,,,,,,,,,,Female,Nov,1964,60,Singapore,,Chinese,,Currently married,Primary,Part-time employee,,,,,"Below $1,000","$7,000 - $7,999",HDB 4-room flats,,Co-owned by self and spouse,,Buddhism,,Poor,None,Moderately,Yes,To finance daily living expenses and leisure or travel activities,,,Almost completely,Almost completely,No,,No,No,No,No,No,Moderate,,,Good,Very good,Average
23129012,2312,Never,Sometimes,Often,Never,Often,Never,Sometimes,Sometimes,Never,Often,Often,Often,Often,Sometimes,Sometimes,Not Often,Often,Sometimes,Often,Somewhat agree,Agree,Agree,Somewhat agree,Neither agree nor disagree,Most of the time,Most of the time,More than half of the time,Most of the time,More than half of the time,2,1,Female,1993,Married,No child,,,MA degree or above,Full-time employee (30 hours a week or more),Within 20 minutes by car,Very close,No,,Never,Not applicable (the child has no child),No,,Almost everyday,Never,3-4 days a week,Male,1997,"Single, never married",No child,,,Polytechnic diploma,Full-time employee (30 hours a week or more),Living together in the same house,Very close,No,,Never,Not applicable (the child has no child),No,,Almost everyday,Never,3-4 days a week,Male,2001,Married,No child,,,Polytechnic diploma,Full-time employee (30 hours a week or more),More than 40 minutes by car,Very close,No,,Never,Not applicable (the child has no child),No,,Almost everyday,Never,3-4 days a week,,,,,,,,,,,,,,,,,,,,,,,,,,,,,,,,,,,,,,,Male,Jul,1964,60,Singapore,,Chinese,,Currently married,Secondary (‘O’ / ‘N’ level),Full-time employee (30 hours a week or more),,,,,"$2,000 - $2,999","$6,000 - $6,999","HDB 5-room, 3 gen flats, and executive flats (e.g., executive apartments and executive maisonette)",,Co-owned by self and spouse,,Christianity,,Good,None,Completely,Yes,To do business or invest in businesses,,,Completely,Completely,"Yes, please indicate:",Colleague,No,No,No,No,No,Good,,,Good,Good,Average
23129013,2312,Never,Never,Often,Never,Often,Not Often,Often,Never,Never,Often,Often,Often,Often,Often,Often,Often,Often,Often,Often,Agree,Strongly agree,Strongly agree,Agree,Agree,All of the time,Most of the time,All of the time,All of the time,Most of the time,1,1,Female,1998,"Single, never married",No child,,,University-level degree,Full-time employee (30 hours a week or more),Within 20 minutes by car,Very close,No,,Never,Not applicable (the child has no child),No,,Never,Never,2-3 days a month,Male,2003,"Single, never married",No child,,,Secondary school,Part-time employee,Within 20 minutes by car,Very close,Yes,$400-599,Never,Not applicable (the child has no child),No,,Never,Never,3-4 days a week,,,,,,,,,,,,,,,,,,,,,,,,,,,,,,,,,,,,,,,,,,,,,,,,,,,,,,,,,,Male,Sep,1964,60,Singapore,,Chinese,,Divorced,Professional qualification and other diploma,Self-employed,,,,,"$9,000 - $9,999","$9,000 - $9,999",HDB 3-room flats,,Self-owned,,Buddhism,,Very good,None,Completely,Yes,To do business or invest in businesses,,,Completely,Mostly,"Yes, please indicate:",friends,No,No,No,No,No,Very good,,,Good,Good,High
23129014,2312,Not Often,Not Often,Not Often,Not Often,Often,Not Often,Sometimes,Not Often,Not Often,Often,Often,Often,Often,Often,Often,Not Often,Often,Often,Sometimes,Agree,Agree,Strongly agree,Agree,Somewhat agree,Most of the time,Most of the time,Most of the time,Most of the time,Most of the time,1,3,Female,1989,"Single, never married",No child,,,University-level degree,Full-time employee (30 hours a week or more),Within 20 minutes by walk,Very close,No,,Never,Not applicable (the child has no child),Yes,$400-599,Never,Sometimes,1-2 days a week,Male,1991,Married,1 child,All boy,1 child below age 6,University-level degree,Full-time employee (30 hours a week or more),Within 20 minutes by walk,Close,No,,Never,Once a month,Yes,$400-599,Never,Rarely,1-2 days a week,Female,1999,"Single, never married",No child,,,University-level degree,Part-time employee,Living together in the same house,Very close,No,,1-2 days a week,Not applicable (the child has no child),Yes,$400-599,1-2 days a week,Sometimes,Almost everyday,Female,2000,"Single, never married",No child,,,University-level degree,Full-time employee (30 hours a week or more),Living together in the same house,Very close,No,,1-2 days a week,Not applicable (the child has no child),Yes,$400-599,Once every few months,Sometimes,Almost everyday,,,,,,,,,,,,,,,,,,,,Male,Feb,1957,67,Singapore,,Chinese,,Currently married,Master’s and Doctorate or equivalent,Part-time employee,,,,,"$4,000 - $4,999","$10,000 and above",Condominiums (including executive condo) and other apartments,,Co-owned by self and spouse,,No religion,,Good,None,Completely,Yes,To pay off outstanding housing loans or to invest in new property,,,Almost completely,Mostly,"Yes, please indicate:",Friends,No,No,No,No,No,Good,,,Moderate,Very good,High
23129015,2312,Never,Not Often,Sometimes,Not Often,Sometimes,Sometimes,Often,Not Often,Never,Often,Often,Sometimes,Sometimes,Often,Often,Often,Often,Sometimes,Often,Neither agree nor disagree,Agree,Somewhat agree,Agree,Strongly disagree,All of the time,More than half of the time,Most of the time,All of the time,All of the time,0,2,Female,1988,Married,1 child,All girl,1 child below age 6,University-level degree,Full-time employee (30 hours a week or more),Within 20 minutes by car,Close,No,,Never,3-4 days a week,Yes,Less than $200,Never,Rarely,1-2 days a week,Female,1990,"Single, never married",No child,,,University-level degree,Full-time employee (30 hours a week or more),Staying in a different country,Fair,No,,Never,Not applicable (the child has no child),No,,Never,Rarely,Once a month,,,,,,,,,,,,,,,,,,,,,,,,,,,,,,,,,,,,,,,,,,,,,,,,,,,,,,,,,,Female,Oct,1963,61,Singapore,,Chinese,,Never married,Secondary (‘O’ / ‘N’ level),Full-time employee (30 hours a week or more),,,,,"$2,000 - $2,999","$2,000 - $2,999",HDB 4-room flats,,Self-owned,,Christianity,,Good,None,Mostly,No,,,No need to.,Mostly,Mostly,No,,No,No,No,No,No,Good,,,Good,Good,High
23129016,2312,Never,Sometimes,Sometimes,Never,Sometimes,Sometimes,Often,Not Often,Never,Often,Often,Often,Often,Often,Sometimes,Not Often,Often,Often,Often,Somewhat agree,Somewhat agree,Strongly agree,Somewhat agree,Agree,More than half of the time,Most of the time,Most of the time,Less than half of the time,All of the time,1,1,Female,1998,"Single, never married",No child,,,University-level degree,Unemployed,Living together in the same house,Close,No,,Almost everyday,Not applicable (the child has no child),No,,Once a month,Rarely,1-2 days a week,Male,1998,"Single, never married",No child,,,Polytechnic diploma,Unemployed,Living together in the same house,Close,No,,Almost everyday,Not applicable (the child has no child),No,,Once a month,Rarely,1-2 days a week,Male,,,,,,,,,,,,,,,,,,,,,,,,,,,,,,,,,,,,,,,,,,,,,,,,,,,,,,,,,Female,Oct,1964,60,Malaysia,,Chinese,,Currently married,Secondary (‘O’ / ‘N’ level),Part-time employee,,,,,"$1,000 - $1,999","$6,000 - $6,999",HDB 4-room flats,,Co-owned by self and spouse,,Buddhism,,Good,None,Completely,Yes,"Other, please specify:",Buy gifts for your children,,Almost completely,Almost completely,No,,No,No,No,No,No,Moderate,,,Good,Very good,High
2310015,2310,Often,Often,Never,Often,Never,Never,Never,Never,Never,Never,Never,Never,Sometimes,Often,Never,Never,Sometimes,Never,Never,Strongly disagree,Strongly disagree,Strongly disagree,Agree,Agree,At no time,Some of the time,At no time,At no time,At no time,1,2,Male,1955,Married,1 child,All girl,No child below age 6,MA degree or above,Full-time employee (30 hours a week or more),Within 20 minutes by car,Close,No,,Never,Never,No,,Never,Rarely,2-3 days a month,Female,1956,Married,2 children,All boy,No child below age 6,MA degree or above,Staying at home as a housewife or househusband,Staying in the same or next block,Close,No,,Never,Never,No,,2-3 days a month,Rarely,2-3 days a month,Female,1963,Married,3 and more children,At least one girl and one boy,No child below age 6,MA degree or above,Full-time employee (30 hours a week or more),Living together in the same house,Very close,No,,Never,Never,No,,Almost everyday,Always,Almost everyday,,,,,,,,,,,,,,,,,,,,,,,,,,,,,,,,,,,,,,,Female,Oct,1930,94,Singapore,,Chinese,,Widowed,Post-secondary (non-tertiary): General & Vocational (‘A’ level),"Retired (record previous occupation), please specifiy:",pastor,,,,"Below $1,000","$10,000 and above",Landed properties,,Self-owned,,Christianity,,Very poor,Extreme / cannot do,Completely,Yes,To finance daily living expenses and leisure or travel activities,,,Completely,Almost completely,"Yes, please indicate:",her daughter(The youngest),Yes,Yes,Yes,No,No,"Very bad, please specify reason:",she is very old,,Very bad,Very bad,High
23129017,2312,Never,Sometimes,Sometimes,Often,Often,Not Often,Sometimes,Not Often,Sometimes,Not Often,Not Often,Sometimes,Not Often,Not Often,Never,Sometimes,Often,Not Often,Sometimes,Strongly agree,Agree,Agree,Agree,Neither agree nor disagree,More than half of the time,More than half of the time,More than half of the time,All of the time,Most of the time,1,1,Female,1995,Married,No child,,,University-level degree,Full-time employee (30 hours a week or more),Within 20 minutes by car,Fair,No,,Never,Not applicable (the child has no child),Yes,$200-399,Never,Often,Once a month,Male,2002,"Single, never married",No child,,,Polytechnic diploma,Other,Living together in the same house,Fair,No,,Never,Not applicable (the child has no child),No,,1-2 days a week,Often,1-2 days a week,,,,,,,,,,,,,,,,,,,,,,,,,,,,,,,,,,,,,,,,,,,,,,,,,,,,,,,,,,Male,Dec,1953,71,Singapore,,Chinese,,Currently married,Secondary (‘O’ / ‘N’ level),"Retired (record previous occupation), please specifiy:",Ex-Taxi Driver,,,,"Below $1,000","$2,000 - $2,999",HDB 4-room flats,,Co-owned by self and spouse,,Buddhism,,Fair,Mild,Moderately,No,,,"Not enough, spent on medical bills.",A little,Mostly,"Yes, please indicate:",Friends,Yes,Yes,Yes,No,No,"Bad, please specify reason:",,Hard of hearing with slight language barrier. Got support from his friend to better understand survey question.,Bad,Good,Low
23129018,2312,Never,Sometimes,Never,Sometimes,Often,Sometimes,Sometimes,Sometimes,Not Often,Often,Sometimes,Often,Never,Never,Not Often,Sometimes,Not Often,Sometimes,Not Often,Agree,Somewhat agree,Somewhat agree,Neither agree nor disagree,Agree,All of the time,All of the time,Most of the time,Most of the time,Most of the time,0,2,Female,1980,Married,1 child,All girl,No child below age 6,University-level degree,Full-time employee (30 hours a week or more),More than 40 minutes by car,Close,No,,Never,Never,Yes,$200-399,Once every few months,Rarely,2-3 days a month,Female,1980,Married,No child,,,University-level degree,Unemployed,More than 40 minutes by car,Close,No,,Never,Not applicable (the child has no child),Yes,$400-599,Once every few months,Rarely,2-3 days a month,,,,,,,,,,,,,,,,,,,,,,,,,,,,,,,,,,,,,,,,,,,,,,,,,,,,,,,,,,Female,Nov,1955,69,Singapore,,Chinese,,Currently married,Secondary (‘O’ / ‘N’ level),"Retired (record previous occupation), please specifiy:",Ex-Admin worker,,,,"Below $1,000","Below $1,000","HDB 5-room, 3 gen flats, and executive flats (e.g., executive apartments and executive maisonette)",,Co-owned by self and spouse,,No religion,,Fair,Mild,A little,Yes,To finance daily living expenses and leisure or travel activities,,,Mostly,A little,"Yes, please indicate:",Spouse,No,No,No,No,No,Good,,,Moderate,Moderate,Average
23129019,2312,Often,Sometimes,Sometimes,Not Often,Sometimes,Sometimes,Not Often,Sometimes,Often,Sometimes,Sometimes,Sometimes,Sometimes,Sometimes,Sometimes,Not Often,Sometimes,Sometimes,Sometimes,Agree,Somewhat agree,Somewhat agree,Agree,Somewhat agree,Most of the time,Most of the time,Most of the time,Most of the time,More than half of the time,0,2,Female,1980,Married,1 child,All girl,No child below age 6,University-level degree,Full-time employee (30 hours a week or more),More than 40 minutes by car,Close,No,,Once a month,2-3 days a month,Yes,$200-399,Never,Rarely,2-3 days a month,Female,1980,Married,No child,,,University-level degree,Unemployed,More than 40 minutes by car,Close,No,,Once a month,Not applicable (the child has no child),Yes,$200-399,Never,Rarely,2-3 days a month,,,,,,,,,,,,,,,,,,,,,,,,,,,,,,,,,,,,,,,,,,,,,,,,,,,,,,,,,,Male,Nov,1955,69,Singapore,,Chinese,,Currently married,Secondary (‘O’ / ‘N’ level),"Retired (record previous occupation), please specifiy:",Does not want to disclose.,,,,"Below $1,000","Below $1,000","HDB 5-room, 3 gen flats, and executive flats (e.g., executive apartments and executive maisonette)",,Co-owned by self and spouse,,No religion,,Fair,Moderate,A little,Yes,To finance daily living expenses and leisure or travel activities,,,Mostly,A little,"Yes, please indicate:",Spouse,Yes,No,No,No,No,"Bad, please specify reason:",,Requires support from spouse.,Bad,Good,Average
23129020,2312,Never,Never,Often,Never,Often,Sometimes,Often,Never,Not Often,Often,Often,Not Often,Often,Often,Often,Sometimes,Often,Never,Never,Agree,Somewhat agree,Somewhat agree,Agree,Agree,All of the time,All of the time,All of the time,Most of the time,Most of the time,0,1,Female,1996,"Single, never married",No child,,,University-level degree,Full-time employee (30 hours a week or more),Living together in the same house,Very close,No,,Almost everyday,Not applicable (the child has no child),Yes,Less than $200,Almost everyday,Rarely,Almost everyday,Male,,,,,,,,,,,,,,,,,,,,,,,,,,,,,,,,,,,,,,,,,,,,,,,,,,,,,,,,,,,,,,,,,,,,,,,,,,,,Male,Apr,1959,65,Singapore,,Chinese,,Currently married,Primary,Self-employed,,,,,"Below $1,000","$3,000 - $3,999",HDB 4-room flats,,Co-owned by self and spouse,,Buddhism,,Very good,None,Moderately,Yes,To finance daily living expenses and leisure or travel activities,,,Completely,Somewhat,"Yes, please indicate:",Friends,No,No,No,No,No,Good,,,Good,Moderate,Average
23129021,2312,Never,Not Often,Often,Never,Often,Never,Often,Sometimes,Never,Often,Often,Often,Often,Never,Often,Not Often,Often,Sometimes,Sometimes,Strongly agree,Strongly agree,Strongly agree,Strongly agree,Agree,Most of the time,All of the time,More than half of the time,All of the time,All of the time,1,1,Female,1987,"Single, never married",No child,,,MA degree or above,Full-time employee (30 hours a week or more),Living together in the same house,Very close,No,,Almost everyday,Not applicable (the child has no child),Yes,"$1,000 and above",Once a month,Often,Almost everyday,Male,1991,"Single, never married",No child,,,University-level degree,Full-time employee (30 hours a week or more),Living together in the same house,Very close,No,,Almost everyday,Not applicable (the child has no child),Yes,$800-999,Once a month,Often,Almost everyday,,,,,,,,,,,,,,,,,,,,,,,,,,,,,,,,,,,,,,,,,,,,,,,,,,,,,,,,,,Male,Sep,1959,65,Singapore,,Chinese,,Currently married,Secondary (‘O’ / ‘N’ level),"Retired (record previous occupation), please specifiy:",Ex-Marketing,,,,"Below $1,000","$10,000 and above",HDB 4-room flats,,Co-owned by self and spouse,,Buddhism,,Very good,None,Mostly,No,,,No need to.,Completely,Completely,"Yes, please indicate:",Friend,No,No,No,No,No,Good,,,Good,Very good,Average
23109001,2310,Not Often,Never,Often,Never,Often,Not Often,Often,Sometimes,Often,Often,Sometimes,Often,Often,Often,Sometimes,Sometimes,Often,Often,Never,Agree,Agree,Agree,Agree,Somewhat disagree,Most of the time,Most of the time,Most of the time,Most of the time,Some of the time,1,2,Female,1967,Divorced or Separated,2 children,At least one girl and one boy,No child below age 6,Less than primary education,Full-time employee (30 hours a week or more),Living together in the same house,Very close,No,,Almost everyday,Almost everyday,Yes,$800-999,Almost everyday,Often,Almost everyday,Female,1969,"Single, never married",No child,,,University-level degree,Full-time employee (30 hours a week or more),Staying in a different country,Very close,No,,Never,Not applicable (the child has no child),Yes,Less than $200,Never,Rarely,Never,Male,1972,Divorced or Separated,2 children,All girl,No child below age 6,ITE diploma,Unemployed,Between 20 and 40 minutes by car,Very close,No,,Never,Never,No,,Never,Never,Never,,,,,,,,,,,,,,,,,,,,,,,,,,,,,,,,,,,,,,,Male,Oct,1951,73,Singapore,,Chinese,,Currently married,No formal schooling / pre-primary,"Unemployed (unable to work) due to disability or other medical conditions (record previous occupation, if any), please specify:",,,do odd jobs,,"Below $1,000","$1,000 - $1,999",HDB 3-room flats,,Co-owned by self and spouse,,Christianity,,Very good,None,None at all,Yes,To finance daily living expenses and leisure or travel activities,,,Completely,Completely,"Yes, please indicate:","grandson, helping to do the translation ",No,Yes,No,No,No,Moderate,,,Good,Good,Average
23109002,2310,Sometimes,Not Often,Not Often,Not Often,Sometimes,Not Often,Sometimes,Sometimes,Not Often,Sometimes,Sometimes,Sometimes,Sometimes,Sometimes,Not Often,Not Often,Sometimes,Sometimes,Not Often,Neither agree nor disagree,Somewhat agree,Somewhat agree,Somewhat agree,Somewhat disagree,More than half of the time,More than half of the time,Less than half of the time,More than half of the time,Some of the time,6,3,Male,1958,Married,3 and more children,At least one girl and one boy,No child below age 6,Polytechnic diploma,Self-employed,Staying in the same housing estate,Close,No,,Never,Never,No,,Never,Rarely,1-2 days a week,Male,1962,Married,No child,,,Less than primary education,Full-time employee (30 hours a week or more),Staying in the same housing estate,Close,No,,Never,Not applicable (the child has no child),No,,Never,Rarely,1-2 days a week,Male,1966,Married,3 and more children,All girl,No child below age 6,MA degree or above,Unemployed,Living together in the same house,Very close,No,,Almost everyday,Almost everyday,Yes,$600-799,Never,Often,Almost everyday,Male,1967,Married,2 children,All boy,No child below age 6,Polytechnic diploma,Full-time employee (30 hours a week or more),Staying in the same housing estate,Close,No,,Never,Never,No,,Never,Sometimes,3-4 days a week,Male,1970,Married,2 children,All boy,No child below age 6,Polytechnic diploma,Full-time employee (30 hours a week or more),Staying in the same housing estate,Close,No,,Never,Never,No,,Never,Rarely,2-3 days a month,Female,Sep,1938,86,Singapore,,Chinese,,Currently married,No formal schooling / pre-primary,Homemaker/housewife,,,,,"Below $1,000","$3,000 - $3,999",Condominiums (including executive condo) and other apartments,,Owned by a child,,Buddhism,,Fair,Moderate,Mostly,Respondent refused to answer,,,,Completely,Somewhat,No,,No,Yes,No,No,No,Good,,,Good,Good,High
23139002,2313,Not Often,Not Often,Often,Never,Often,Not Often,Often,Never,Never,Often,No Response,Often,Sometimes,Sometimes,No Response,Sometimes,Sometimes,Sometimes,Sometimes,Agree,Agree,Agree,Somewhat agree,Somewhat agree,Most of the time,More than half of the time,More than half of the time,More than half of the time,Some of the time,1,0,Male,1994,"Single, never married",No child,,,Polytechnic diploma,Self-employed,Living together in the same house,Close,Yes,"$1,000 and above",Almost everyday,Not applicable (the child has no child),No,,Never,Always,Almost everyday,,,,,,,,,,,,,,,,,,,,,,,,,,,,,,,,,,,,,,,,,,,,,,,,,,,,,,,,,,,,,,,,,,,,,,,,,,,,,Female,Apr,1957,67,Singapore,,Chinese,,Currently married,Secondary (‘O’ / ‘N’ level),Self-employed,,,,,"$3,000 - $3,999","$6,000 - $6,999",HDB 4-room flats,,Co-owned by self and spouse,,No religion,,Good,None,Mostly,No,,,Don't need for the time being.,Mostly,Mostly,No,,No,No,No,No,No,Moderate,,,Good,Very good,High
23129022,2312,Never,Not Often,Sometimes,Not Often,Sometimes,Never,Often,Not Often,Never,Sometimes,Sometimes,Often,Often,Sometimes,Sometimes,Never,Sometimes,Not Often,Sometimes,Agree,Somewhat agree,Agree,Neither agree nor disagree,Disagree,More than half of the time,More than half of the time,More than half of the time,More than half of the time,More than half of the time,3,0,Male,1975,"Single, never married",No child,,,Secondary school,Self-employed,Living together in the same house,Close,No,,3-4 days a week,Not applicable (the child has no child),No,,2-3 days a month,Rarely,Never,Male,1980,Married,1 child,All boy,No child below age 6,Secondary school,Self-employed,Staying in the same housing estate,Fair,No,,Never,3-4 days a week,No,,Never,Sometimes,Never,Male,1983,"Single, never married",No child,,,Secondary school,Self-employed,Within 20 minutes by car,Not very close,No,,Never,Not applicable (the child has no child),No,,Never,Never,Once a month,,,,,,,,,,,,,,,,,,,,,,,,,,,,,,,,,,,,,,,Female,Apr,1952,72,Malaysia,,Chinese,,Currently married,Primary,Homemaker/housewife,,,,,"Below $1,000","$1,000 - $1,999",HDB 4-room flats,,Co-owned by self and spouse,,Christianity,,Fair,None,Completely,No,,,No need to.,Somewhat,Mostly,"Yes, please indicate:",Friends,No,No,No,No,No,Moderate,,,Moderate,Very good,Average
23129023,2312,Never,Not Often,Sometimes,Not Often,Sometimes,Not Often,Often,Never,Sometimes,Often,Sometimes,Sometimes,Often,Sometimes,Often,Sometimes,Sometimes,Sometimes,Sometimes,Agree,Agree,Agree,Agree,Neither agree nor disagree,Most of the time,Most of the time,All of the time,More than half of the time,Less than half of the time,2,2,Female,1990,Married,No child,,,University-level degree,Full-time employee (30 hours a week or more),Staying in a different country,Very close,No,,Never,Not applicable (the child has no child),No,,Never,Never,1-2 days a week,Male,1992,Married,1 child,All boy,1 child below age 6,Polytechnic diploma,Full-time employee (30 hours a week or more),Within 20 minutes by walk,,No,,Never,Never,Yes,$200-399,Never,Never,Once a month,Male,1998,Married,No child,,,Polytechnic diploma,Full-time employee (30 hours a week or more),Living together in the same house,Very close,Yes,Less than $200,Never,Not applicable (the child has no child),Yes,Less than $200,2-3 days a month,Never,Almost everyday,Female,2001,"Single, never married",No child,,,University-level degree,Full-time employee (30 hours a week or more),Living together in the same house,Very close,No,,3-4 days a week,Not applicable (the child has no child),Yes,Less than $200,2-3 days a month,Never,Almost everyday,,,,,,,,,,,,,,,,,,,,Female,Apr,1964,60,Singapore,,Chinese,,Currently married,Primary,Full-time employee (30 hours a week or more),,,,,"$1,000 - $1,999","$6,000 - $6,999","HDB 5-room, 3 gen flats, and executive flats (e.g., executive apartments and executive maisonette)",,Co-owned by self and spouse,,Buddhism,,Good,None,Moderately,Yes,"Other, please specify:",To pay for children's education,,Almost completely,Almost completely,"Yes, please indicate:",Friends,No,No,No,No,No,Good,,,Moderate,Good,High
23129024,2312,Not Often,Sometimes,Sometimes,Never,Often,Never,Sometimes,Never,Not Often,Sometimes,Sometimes,Sometimes,Often,Sometimes,Sometimes,Never,Sometimes,Not Often,Not Often,Somewhat agree,Neither agree nor disagree,Agree,Neither agree nor disagree,Agree,Most of the time,Most of the time,More than half of the time,All of the time,More than half of the time,3,0,Male,1979,"Single, never married",No child,,,University-level degree,Full-time employee (30 hours a week or more),Within 20 minutes by car,Fair,No,,Never,Not applicable (the child has no child),Yes,$200-399,Once every few months,Sometimes,2-3 days a month,Male,1990,"Single, never married",No child,,,University-level degree,Full-time employee (30 hours a week or more),Living together in the same house,Fair,No,,Never,Not applicable (the child has no child),Yes,$200-399,Once every few months,Sometimes,2-3 days a month,Male,1992,"Single, never married",No child,,,ITE diploma,Full-time employee (30 hours a week or more),Living together in the same house,Fair,No,,Never,Not applicable (the child has no child),Yes,Less than $200,Once a month,Sometimes,Almost everyday,,,,,,,,,,,,,,,,,,,,,,,,,,,,,,,,,,,,,,,Male,May,1955,1955,Singapore,,Chinese,,Currently married,Primary,Full-time employee (30 hours a week or more),,,,,"$2,000 - $2,999","$6,000 - $6,999",HDB 4-room flats,,Co-owned by self and spouse,,Taoism,,Fair,None,Mostly,No,,,No need to.,Mostly,Mostly,"Yes, please indicate:",Friends,No,No,No,No,No,Good,,,Good,Very good,High
23129025,2312,Never,Not Often,Sometimes,Never,Often,Never,Often,Not Often,Never,Often,Often,Often,Often,Often,Sometimes,Not Often,Sometimes,Not Often,Often,Agree,Strongly agree,Strongly agree,Agree,Neither agree nor disagree,Less than half of the time,Most of the time,Most of the time,Most of the time,Most of the time,0,4,Female,1985,Married,No child,,,Polytechnic diploma,Staying at home as a housewife or househusband,Between 20 and 40 minutes by car,Very close,No,,Never,Not applicable (the child has no child),Yes,$200-399,Almost everyday,Always,1-2 days a week,Female,1989,Married,1 child,At least one girl and one boy,2 or more children below age 6,Polytechnic diploma,Staying at home as a housewife or househusband,Between 20 and 40 minutes by car,Very close,No,,Never,1-2 days a week,Yes,$200-399,Never,Always,1-2 days a week,Female,1997,"Single, never married",No child,,,Polytechnic diploma,Full-time employee (30 hours a week or more),Living together in the same house,Very close,No,,Never,Not applicable (the child has no child),Yes,$200-399,Almost everyday,Always,Almost everyday,Female,1999,"Single, never married",No child,,,University-level degree,Full-time employee (30 hours a week or more),Living together in the same house,Very close,No,,Never,Not applicable (the child has no child),Yes,$200-399,Almost everyday,Always,Almost everyday,,,,,,,,,,,,,,,,,,,,Male,Jan,1956,68,Singapore,,Chinese,,Currently married,Primary,"Retired (record previous occupation), please specifiy:",Ex-Hawker,,,,"Below $1,000","$3,000 - $3,999",HDB 4-room flats,,Co-owned by self and spouse,,Buddhism,,Good,None,Completely,No,,,No need to.,Completely,Mostly,"Yes, please indicate:",Spouse,No,No,No,No,No,Good,,,Good,Very good,High
23129026,2312,Sometimes,Not Often,Not Often,Never,Sometimes,Never,Often,Sometimes,Never,Often,Often,Often,Often,Often,Not Often,Never,Often,Sometimes,Not Often,Agree,Agree,Strongly agree,Strongly agree,Neither agree nor disagree,More than half of the time,Most of the time,More than half of the time,Most of the time,Most of the time,0,4,Female,1985,Married,No child,,,Polytechnic diploma,Full-time employee (30 hours a week or more),Between 20 and 40 minutes by car,Very close,No,,Never,Not applicable (the child has no child),Yes,$200-399,Almost everyday,Always,3-4 days a week,Female,1989,Married,2 children,At least one girl and one boy,2 or more children below age 6,Polytechnic diploma,Staying at home as a housewife or househusband,Between 20 and 40 minutes by car,Very close,No,,Never,1-2 days a week,Yes,$200-399,Almost everyday,Always,1-2 days a week,Female,1997,"Single, never married",No child,,,Polytechnic diploma,Full-time employee (30 hours a week or more),Living together in the same house,Very close,No,,Never,Not applicable (the child has no child),Yes,$200-399,Almost everyday,Always,Almost everyday,Female,1999,"Single, never married",No child,,,University-level degree,Full-time employee (30 hours a week or more),Living together in the same house,Very close,No,,Never,Not applicable (the child has no child),Yes,$200-399,Almost everyday,Always,Almost everyday,,,,,,,,,,,,,,,,,,,,Female,Oct,1962,62,Singapore,,Chinese,,Currently married,Primary,"Retired (record previous occupation), please specifiy:",Ex-hawker,,,,"Below $1,000","$3,000 - $3,999",HDB 4-room flats,,Co-owned by self and spouse,,Buddhism,,Poor,Mild,Completely,No,,,Not enough.,Completely,Mostly,"Yes, please indicate:",Spouse,No,No,No,No,No,Good,,,Good,Very good,High
23129027,2312,Never,Never,Not Often,Never,Sometimes,Never,Sometimes,Not Often,Never,Often,Often,Often,Sometimes,Sometimes,Not Often,Never,Often,Not Often,Sometimes,Agree,Somewhat agree,Agree,Somewhat disagree,Somewhat disagree,Less than half of the time,Most of the time,Less than half of the time,Less than half of the time,Some of the time,2,1,Male,1982,"Single, never married",No child,,,Polytechnic diploma,Full-time employee (30 hours a week or more),Living together in the same house,Close,No,,Once a month,Not applicable (the child has no child),No,,2-3 days a month,Often,Once a month,Female,1984,"Single, never married",No child,,,Polytechnic diploma,Full-time employee (30 hours a week or more),Living together in the same house,Close,No,,Once a month,Not applicable (the child has no child),No,,2-3 days a month,Always,Once a month,Male,1989,Married,No child,,,Polytechnic diploma,Full-time employee (30 hours a week or more),Within 20 minutes by car,Close,No,,Never,Not applicable (the child has no child),No,,Never,Often,Once a month,,,,,,,,,,,,,,,,,,,,,,,,,,,,,,,,,,,,,,,Female,Nov,1962,62,Singapore,,Chinese,,Currently married,Primary,Full-time employee (30 hours a week or more),,,,,"$2,000 - $2,999","$7,000 - $7,999","HDB 5-room, 3 gen flats, and executive flats (e.g., executive apartments and executive maisonette)",,Co-owned by self and spouse,,Buddhism,,Good,None,Completely,Yes,To finance daily living expenses and leisure or travel activities,,,Completely,Somewhat,No,,No,No,No,No,No,Very good,,,Good,Good,High
23129028,2312,Not Often,Never,Sometimes,Never,Often,Never,Often,Sometimes,Never,Often,Often,Often,Often,Sometimes,Sometimes,Often,Sometimes,Not Often,Sometimes,Agree,Strongly agree,Strongly agree,Strongly agree,Neither agree nor disagree,All of the time,Most of the time,All of the time,Most of the time,More than half of the time,2,1,Male,1982,"Single, never married",No child,,,Polytechnic diploma,Full-time employee (30 hours a week or more),Living together in the same house,Close,No,,Once a month,Not applicable (the child has no child),No,,2-3 days a month,Often,1-2 days a week,Female,1984,"Single, never married",No child,,,Polytechnic diploma,Full-time employee (30 hours a week or more),Living together in the same house,Close,No,,Once a month,,No,,2-3 days a month,Always,1-2 days a week,Male,1989,Married,No child,,,Polytechnic diploma,Full-time employee (30 hours a week or more),Within 20 minutes by car,Close,No,,Never,Not applicable (the child has no child),No,,Never,Often,2-3 days a month,,,,,,,,,,,,,,,,,,,,,,,,,,,,,,,,,,,,,,,Male,Jan,1955,69,Singapore,,Chinese,,Currently married,Primary,Full-time employee (30 hours a week or more),,,,,"$1,000 - $1,999","$7,000 - $7,999","HDB 5-room, 3 gen flats, and executive flats (e.g., executive apartments and executive maisonette)",,Co-owned by self and spouse,,Taoism,,Good,None,Mostly,Yes,To pay off outstanding housing loans or to invest in new property,,,Almost completely,Almost completely,No,,No,No,No,No,No,Good,,,Good,Very good,High
23129029,2312,Often,Often,Never,Sometimes,Not Often,Not Often,Often,Often,Never,Not Often,Sometimes,Often,Sometimes,Sometimes,Sometimes,Not Often,Sometimes,Not Often,Sometimes,Agree,Neither agree nor disagree,Agree,Neither agree nor disagree,Agree,Most of the time,Most of the time,All of the time,All of the time,More than half of the time,2,2,Female,1990,Married,No child,,,University-level degree,Full-time employee (30 hours a week or more),Staying in a different country,Fair,No,,Never,Not applicable (the child has no child),No,,Never,Never,1-2 days a week,Male,1992,Married,1 child,All boy,1 child below age 6,Polytechnic diploma,Full-time employee (30 hours a week or more),Within 20 minutes by walk,Fair,No,,Never,Never,Yes,$200-399,Never,Never,Once a month,Male,1998,"Single, never married",No child,,,Polytechnic diploma,Full-time employee (30 hours a week or more),Living together in the same house,Fair,No,,Never,Not applicable (the child has no child),Yes,Less than $200,2-3 days a month,Often,Almost everyday,Female,2001,"Single, never married",No child,,,University-level degree,Full-time employee (30 hours a week or more),Living together in the same house,Fair,No,,Never,Not applicable (the child has no child),Yes,Less than $200,2-3 days a month,Often,Almost everyday,,,,,,,,,,,,,,,,,,,,Male,Dec,1960,64,Singapore,,Chinese,,Currently married,Primary,"Unemployed (unable to work) due to disability or other medical conditions (record previous occupation, if any), please specify:",,,Ex-heavy vehicle driver,,"Below $1,000","$6,000 - $6,999","HDB 5-room, 3 gen flats, and executive flats (e.g., executive apartments and executive maisonette)",,Co-owned by self and spouse,,Taoism,,Poor,None,Mostly,No,,,No need to.,Mostly,Mostly,No,,Yes,No,No,No,No,"Bad, please specify reason:",,Requires me to repeat a couple of questions.,Moderate,Moderate,Low
23139001,2313,Never,Never,Sometimes,Never,Often,Never,Often,Never,Sometimes,Often,Often,Often,Often,Often,Often,Never,Often,Often,Sometimes,Agree,Agree,Agree,Somewhat agree,Somewhat agree,Most of the time,More than half of the time,More than half of the time,Most of the time,Most of the time,0,4,Female,1994,"Single, never married",No child,,,Polytechnic diploma,Full-time employee (30 hours a week or more),Living together in the same house,Close,No,,Almost everyday,Not applicable (the child has no child),Yes,Less than $200,1-2 days a week,Sometimes,Almost everyday,Female,1996,"Single, never married",No child,,,University-level degree,Full-time employee (30 hours a week or more),Living together in the same house,Close,No,,Almost everyday,Not applicable (the child has no child),Yes,Less than $200,1-2 days a week,Sometimes,Almost everyday,Female,2000,"Single, never married",No child,,,Polytechnic diploma,Part-time employee,Living together in the same house,Close,No,,Almost everyday,Not applicable (the child has no child),Yes,Less than $200,1-2 days a week,Sometimes,Almost everyday,Female,2002,Married,1 child,All boy,1 child below age 6,ITE diploma,Full-time employee (30 hours a week or more),More than 40 minutes by car,Close,No,,1-2 days a week,1-2 days a week,Yes,Less than $200,1-2 days a week,Sometimes,Almost everyday,,,,,,,,,,,,,,,,,,,,Female,Dec,1964,60,Indonesia,,Chinese,,Currently married,Professional qualification and other diploma,Part-time employee,,,,,"Below $1,000","$8,000 - $8,999",HDB 4-room flats,,Co-owned by self and spouse,,Buddhism,,Good,None,Moderately,No,,,No CPF funds available (previous citizenship status was foreigner; no full-time job),Mostly,Mostly,No,,No,No,No,No,No,Good,,,Good,Good,High
23139003,2313,Never,Sometimes,Often,Sometimes,Often,Sometimes,Often,Sometimes,Sometimes,Often,Often,Often,Often,Often,Sometimes,Sometimes,Often,Often,Often,Agree,Agree,Agree,Agree,Somewhat agree,Most of the time,Most of the time,More than half of the time,Most of the time,Most of the time,2,1,Male,1988,"Single, never married",No child,,,Polytechnic diploma,Full-time employee (30 hours a week or more),Living together in the same house,Fair,No,,1-2 days a week,1-2 days a week,Yes,$200-399,Almost everyday,Rarely,Almost everyday,Male,1982,Married,2 children,At least one girl and one boy,No child below age 6,Polytechnic diploma,Full-time employee (30 hours a week or more),Within 20 minutes by car,Fair,Yes,$200-399,Never,Never,Yes,$200-399,Never,Sometimes,3-4 days a week,Female,1977,Married,2 children,At least one girl and one boy,No child below age 6,University-level degree,Part-time employee,Within 20 minutes by car,Fair,No,,Never,Never,Yes,$200-399,Never,Rarely,3-4 days a week,,,,,,,,,,,,,,,,,,,,,,,,,,,,,,,,,,,,,,,Female,Dec,1953,70,Singapore,,Malay,,Widowed,Professional qualification and other diploma,Full-time employee (30 hours a week or more),,,,,"$2,000 - $2,999","$3,000 - $3,999",HDB 4-room flats,,Self-owned,,Islam,,Good,Moderate,Mostly,Yes,To invest to grow retirement savings further,,,Mostly,Mostly,No,,No,No,No,No,No,Very good,,,Very good,Good,Very high
23139004,2313,Sometimes,Sometimes,Not Often,Never,Often,Not Often,Often,Often,Often,Often,Often,Often,Often,Sometimes,Often,Not Often,Sometimes,Sometimes,Often,Somewhat disagree,Agree,Agree,Agree,Agree,Most of the time,Most of the time,Most of the time,Most of the time,Most of the time,0,2,Female,1991,"Single, never married",No child,,,Polytechnic diploma,Full-time employee (30 hours a week or more),Living together in the same house,Close,No,,1-2 days a week,1-2 days a week,Yes,$200-399,Almost everyday,Often,Almost everyday,Female,1996,"Single, never married",No child,,,Polytechnic diploma,Full-time employee (30 hours a week or more),Living together in the same house,Close,No,,1-2 days a week,Not applicable (the child has no child),Yes,$200-399,Almost everyday,Often,Almost everyday,,,,,,,,,,,,,,,,,,,,,,,,,,,,,,,,,,,,,,,,,,,,,,,,,,,,,,,,,,Male,May,1956,68,Singapore,,Malay,,Currently married,Secondary (‘O’ / ‘N’ level),"Retired (record previous occupation), please specifiy:",Logistics,,,,"Below $1,000","$4,000 - $4,999",HDB 4-room flats,,Co-owned by self and spouse,,Islam,,Good,Moderate,Moderately,Yes,To finance daily living expenses and leisure or travel activities,,,Completely,Mostly,No,,No,No,No,No,No,Moderate,,,Moderate,Very good,High
23139005,2313,Never,Never,Often,Never,Often,Never,Often,Never,Often,Often,Often,Often,Often,Often,Often,Often,Never,Sometimes,Often,Strongly disagree,Neither agree nor disagree,Strongly disagree,Strongly disagree,Strongly disagree,All of the time,Less than half of the time,All of the time,Some of the time,All of the time,2,0,Male,1992,Married,1 child,All girl,1 child below age 6,Polytechnic diploma,Full-time employee (30 hours a week or more),Between 20 and 40 minutes by car,Very close,No,,Never,Almost everyday,No,,Never,Never,3-4 days a week,Male,1997,"Single, never married",No child,,,University-level degree,Full-time employee (30 hours a week or more),Living together in the same house,Very close,Yes,$400-599,Once a month,Not applicable (the child has no child),No,,1-2 days a week,Never,Almost everyday,,,,,,,,,,,,,,,,,,,,,,,,,,,,,,,,,,,,,,,,,,,,,,,,,,,,,,,,,,Male,Feb,1962,62,Singapore,,Indian,,Currently married,Post-secondary (non-tertiary): General & Vocational (‘A’ level),Self-employed,,,,,"$1,000 - $1,999","$4,000 - $4,999",HDB 4-room flats,,Co-owned by self and spouse,,Hinduism,,Very good,None,None at all,No,,,No CPF due to employment nature (self-employed),Completely,Not at all,"Yes, please indicate:",Wife (occassionally),No,No,No,No,No,Very good,,,Good,Very good,Average
23139006,2313,Never,Never,Often,Never,Often,Never,Often,Never,Never,Often,Often,Often,Often,Often,Often,Sometimes,Often,Often,Often,Agree,Somewhat disagree,Agree,Agree,Agree,All of the time,More than half of the time,Most of the time,All of the time,All of the time,3,1,Female,1983,Married,3 and more children,At least one girl and one boy,No child below age 6,Polytechnic diploma,Full-time employee (30 hours a week or more),Staying in the same housing estate,Very close,No,,Never,Never,Yes,$200-399,Never,Always,1-2 days a week,Male,1985,Married,No child,,,MA degree or above,Student,Staying in a different country,Very close,No,,Never,Not applicable (the child has no child),Yes,$200-399,Never,Always,1-2 days a week,Male,1990,Married,No child,,,Polytechnic diploma,Full-time employee (30 hours a week or more),Living together in the same house,Very close,No,,Almost everyday,Not applicable (the child has no child),Yes,$200-399,Never,Always,Almost everyday,Male,1990,Married,1 child,All girl,1 child below age 6,Polytechnic diploma,Full-time employee (30 hours a week or more),Staying in the same housing estate,Very close,No,,Never,Never,Yes,$200-399,Never,Always,1-2 days a week,,,,,,,,,,,,,,,,,,,,Female,May,1960,64,Singapore,,Chinese,,Currently married,Secondary (‘O’ / ‘N’ level),Self-employed,,,,,"$1,000 - $1,999","$4,000 - $4,999","HDB 5-room, 3 gen flats, and executive flats (e.g., executive apartments and executive maisonette)",,Co-owned by self and spouse,,Buddhism,,Very good,None,Mostly,Yes,"Other, please specify:",Son's education,,Completely,Almost completely,"Yes, please indicate:",Friend (for some translations and explanation),No,No,No,No,No,Good,,,Good,Good,High
23139007,2313,Never,Never,Often,Never,Often,Never,Often,Never,Never,Often,Often,Often,Often,Often,Often,Not Often,Often,Often,Often,Strongly agree,Strongly agree,Strongly agree,Agree,Agree,Most of the time,Most of the time,Most of the time,Most of the time,Most of the time,0,1,Female,2001,"Single, never married",No child,,,Polytechnic diploma,Student,Living together in the same house,Close,Yes,$600-799,Never,Not applicable (the child has no child),No,,Almost everyday,Always,Almost everyday,,,,,,,,,,,,,,,,,,,,,,,,,,,,,,,,,,,,,,,,,,,,,,,,,,,,,,,,,,,,,,,,,,,,,,,,,,,,,Female,Mar,1962,62,Singapore,,Indian,,Widowed,Professional qualification and other diploma,Self-employed,,,,,"$6,000 - $6,999","$6,000 - $6,999",Landed properties,,Self-owned,,Islam,,Good,None,Moderately,Yes,"Other, please specify:","Living expenses, charity donations",,Completely,Completely,"Yes, please indicate:",Employees were nearby (interview conducted at their workplace),No,No,No,No,No,Good,,,Good,Good,High
23139008,2313,Never,Never,Sometimes,Never,Often,Never,Often,Never,Never,Often,Often,Often,Sometimes,Often,Often,Sometimes,Often,Often,Often,Agree,Agree,Agree,Agree,Agree,Most of the time,Most of the time,Most of the time,Most of the time,Most of the time,0,1,Female,1994,"Single, never married",No child,,,University-level degree,Full-time employee (30 hours a week or more),Living together in the same house,Close,No,,Almost everyday,Not applicable (the child has no child),Yes,Less than $200,Never,Always,1-2 days a week,,,,,,,,,,,,,,,,,,,,,,,,,,,,,,,,,,,,,,,,,,,,,,,,,,,,,,,,,,,,,,,,,,,,,,,,,,,,,Male,Sep,1959,65,Singapore,,Indian,,Currently married,Professional qualification and other diploma,"Retired (record previous occupation), please specifiy:",Masseuse,,,,"$1,000 - $1,999","$6,000 - $6,999",HDB 4-room flats,,Self-owned,,No religion,,Very good,None,Moderately,Yes,"Other, please specify:",Daughter's education,,Mostly,Mostly,No,,No,No,No,No,No,Good,,,Good,Good,Very high
23139009,2313,Sometimes,Not Often,Not Often,Not Often,Sometimes,Not Often,Not Often,Not Often,Never,Never,Sometimes,Sometimes,Often,Sometimes,Not Often,Never,Not Often,Not Often,Sometimes,Somewhat agree,Somewhat agree,Agree,Somewhat agree,Somewhat agree,Some of the time,At no time,Some of the time,Some of the time,At no time,2,0,Male,1990,"Single, never married",No child,,,Polytechnic diploma,Part-time employee,Living together in the same house,Close,No,,Never,Never,Yes,$200-399,Almost everyday,Always,3-4 days a week,Male,1993,"Single, never married",No child,,,Polytechnic diploma,Full-time employee (30 hours a week or more),Living together in the same house,Close,No,,Never,Not applicable (the child has no child),Yes,$200-399,Almost everyday,Always,3-4 days a week,,,,,,,,,,,,,,,,,,,,,,,,,,,,,,,,,,,,,,,,,,,,,,,,,,,,,,,,,,Male,Nov,1962,62,Singapore,,Chinese,,Currently married,Post-secondary (non-tertiary): General & Vocational (‘A’ level),Self-employed,,,,,"$1,000 - $1,999",Respondent refused to answer,"HDB 5-room, 3 gen flats, and executive flats (e.g., executive apartments and executive maisonette)",,Co-owned by self and spouse,,Buddhism,,Good,None,A little,Yes,To finance daily living expenses and leisure or travel activities,,,Mostly,Somewhat,No,,No,No,No,No,No,Good,,,Moderate,Good,Average
23109006,2310,Not Often,Not Often,Sometimes,Sometimes,Often,Often,Not Often,Sometimes,Sometimes,Often,Often,Sometimes,Often,Often,Not Often,Not Often,Often,Sometimes,Sometimes,Agree,Agree,Agree,Somewhat agree,Somewhat agree,Most of the time,More than half of the time,More than half of the time,Some of the time,Some of the time,1,1,Female,1998,"Single, never married",No child,,,University-level degree,Unemployed,Living together in the same house,Close,Yes,Less than $200,1-2 days a week,Not applicable (the child has no child),No,,1-2 days a week,Often,3-4 days a week,Male,2000,"Single, never married",No child,,,Polytechnic diploma,Student,Living together in the same house,Very close,Yes,Less than $200,1-2 days a week,Not applicable (the child has no child),No,,Never,Often,Almost everyday,,,,,,,,,,,,,,,,,,,,,,,,,,,,,,,,,,,,,,,,,,,,,,,,,,,,,,,,,,Female,Mar,1963,61,Singapore,,Chinese,,Currently married,Secondary (‘O’ / ‘N’ level),Homemaker/housewife,,,,,"Below $1,000","$3,000 - $3,999","HDB 5-room, 3 gen flats, and executive flats (e.g., executive apartments and executive maisonette)",,Co-owned by self and spouse,,Christianity,,Good,Mild,Mostly,No,,,dun see the need to redraw money,Almost completely,Completely,No,,No,Yes,No,No,No,Good,,,Good,Good,High
23109007,2310,Never,Never,Often,Never,Often,Not Often,Often,Never,Never,Often,Often,Often,Often,Often,Not Often,Often,Often,Often,Not Often,Somewhat agree,Agree,Agree,Agree,Agree,Most of the time,Most of the time,Most of the time,Most of the time,Most of the time,2,1,Male,1988,Married,2 children,At least one girl and one boy,2 or more children below age 6,University-level degree,Full-time employee (30 hours a week or more),Within 20 minutes by car,Very close,No,,Never,3-4 days a week,No,,Never,Never,1-2 days a week,Male,1991,"Single, never married",No child,,,University-level degree,Full-time employee (30 hours a week or more),Living together in the same house,Very close,No,,Almost everyday,Not applicable (the child has no child),Yes,$400-599,Almost everyday,Always,Almost everyday,Female,2002,"Single, never married",No child,,,Polytechnic diploma,Part-time employee,Living together in the same house,Very close,Yes,$400-599,Almost everyday,Not applicable (the child has no child),No,,2-3 days a month,Always,Almost everyday,,,,,,,,,,,,,,,,,,,,,,,,,,,,,,,,,,,,,,,Female,Sep,1963,61,Singapore,,Indian,,Currently married,Secondary (‘O’ / ‘N’ level),Full-time employee (30 hours a week or more),,,,,"$3,000 - $3,999","$6,000 - $6,999",HDB 4-room flats,,Co-owned by self and spouse,,Hinduism,,Fair,None,Completely,Yes,To do business or invest in businesses,,,Almost completely,Completely,No,,No,No,No,No,No,Good,,,Good,Good,High
23109004,2310,Not Often,Sometimes,Not Often,Never,Often,Never,Often,Never,Never,Often,Not Often,Often,Often,Never,Often,Not Often,Not Often,Not Often,Not Often,Strongly disagree,Somewhat agree,Somewhat agree,Somewhat agree,Strongly disagree,More than half of the time,More than half of the time,Most of the time,Most of the time,Most of the time,0,3,Female,1989,"Single, never married",No child,,,University-level degree,Full-time employee (30 hours a week or more),More than 40 minutes by car,Not close at all,No,,Never,Not applicable (the child has no child),No,,Never,Never,Never,Female,1993,Married,No child,,,University-level degree,Full-time employee (30 hours a week or more),More than 40 minutes by car,Close,No,,Never,Not applicable (the child has no child),Yes,$400-599,Never,Sometimes,1-2 days a week,Female,1999,"Single, never married",No child,,,MA degree or above,Full-time employee (30 hours a week or more),Living together in the same house,Close,No,,Almost everyday,Not applicable (the child has no child),Yes,$600-799,1-2 days a week,Sometimes,Almost everyday,,,,,,,,,,,,,,,,,,,,,,,,,,,,,,,,,,,,,,,Female,Oct,1963,61,Singapore,,Chinese,,Currently married,Secondary (‘O’ / ‘N’ level),Full-time employee (30 hours a week or more),,,,,"$1,000 - $1,999","$6,000 - $6,999","HDB 5-room, 3 gen flats, and executive flats (e.g., executive apartments and executive maisonette)",,Co-owned by self and spouse,,No religion,,Good,None,Completely,Yes,To finance daily living expenses and leisure or travel activities,,,Mostly,Completely,No,,No,No,No,No,No,Good,,,Good,Good,High
23109005,2310,Never,Often,Often,Never,Often,Never,Often,Never,Never,Often,Often,Often,Often,Never,Often,Often,Often,Often,Often,Agree,Strongly agree,Strongly agree,Strongly agree,Neither agree nor disagree,Most of the time,Most of the time,Most of the time,Most of the time,Most of the time,1,2,Female,1987,Married,1 child,All girl,2 or more children below age 6,University-level degree,Full-time employee (30 hours a week or more),More than 40 minutes by car,Very close,No,,Never,Never,Yes,$400-599,Never,Often,3-4 days a week,Female,1990,"Single, never married",No child,,,Polytechnic diploma,Full-time employee (30 hours a week or more),Living together in the same house,Close,No,,Never,Not applicable (the child has no child),Yes,Less than $200,Never,Often,Almost everyday,Male,1992,Married,2 children,All girl,2 or more children below age 6,Polytechnic diploma,Full-time employee (30 hours a week or more),Within 20 minutes by car,Close,No,,Never,Never,Yes,$200-399,Never,Often,3-4 days a week,,,,,,,,,,,,,,,,,,,,,,,,,,,,,,,,,,,,,,,Female,Aug,1964,60,Singapore,,Chinese,,Divorced,Primary,Full-time employee (30 hours a week or more),,,,,"$2,000 - $2,999","$5,000 - $6,999",HDB 4-room flats,,Co-owned by self and a child,,No religion,,Good,None,Completely,Yes,To finance daily living expenses and leisure or travel activities,,,Completely,Completely,No,,No,No,No,No,No,Moderate,,,Good,Good,High
23109003,2310,Not Often,Never,Often,Not Often,Often,Not Often,Often,Not Often,Never,Sometimes,Often,Often,Often,Often,Often,Often,Often,Often,Often,Strongly agree,Strongly agree,Strongly agree,Strongly agree,Strongly agree,All of the time,All of the time,All of the time,All of the time,All of the time,4,0,Male,1990,Married,2 children,At least one girl and one boy,2 or more children below age 6,ITE diploma,Full-time employee (30 hours a week or more),Within 20 minutes by car,Very close,Yes,Less than $200,Never,Never,Yes,Less than $200,Never,Always,Almost everyday,Male,1995,Married,2 children,At least one girl and one boy,2 or more children below age 6,Polytechnic diploma,Full-time employee (30 hours a week or more),Within 20 minutes by car,Close,No,,Never,Never,Yes,Less than $200,Never,Always,3-4 days a week,Male,1996,Married,2 children,At least one girl and one boy,2 or more children below age 6,Polytechnic diploma,Full-time employee (30 hours a week or more),Between 20 and 40 minutes by car,Close,No,,Never,Never,Yes,$400-599,Never,Often,3-4 days a week,Male,2000,"Single, never married",No child,,,Polytechnic diploma,Student,Living together in the same house,Close,No,,Almost everyday,Not applicable (the child has no child),Yes,Less than $200,3-4 days a week,Often,Almost everyday,,,,,,,,,,,,,,,,,,,,Female,Jun,1956,68,Singapore,,Malay,,Currently married,Secondary (‘O’ / ‘N’ level),Homemaker/housewife,,,,,"Below $1,000","$1,000 - $1,999",HDB 4-room flats,,Co-owned by self and spouse,,Islam,,Very good,None,Moderately,Yes,To finance daily living expenses and leisure or travel activities,,,Completely,Somewhat,No,,No,No,No,No,No,Moderate,,,Moderate,Moderate,Average
23139010,2313,Not Often,Sometimes,Never,Never,Often,Sometimes,Often,Not Often,Not Often,Often,Never,Often,Often,Sometimes,Sometimes,Often,Often,Often,Often,Strongly agree,Strongly agree,Strongly agree,Strongly agree,Agree,All of the time,All of the time,All of the time,All of the time,All of the time,1,1,Male,1976,"Single, never married",No child,,,Secondary school,Self-employed,Living together in the same house,Close,Yes,$400-599,Almost everyday,Not applicable (the child has no child),Yes,"$1,000 and above",1-2 days a week,Always,Almost everyday,Female,1981,Divorced or Separated,No child,,,MA degree or above,Self-employed,Living together in the same house,Close,Yes,$400-599,Almost everyday,Not applicable (the child has no child),Yes,"$1,000 and above",1-2 days a week,Always,Almost everyday,,,,,,,,,,,,,,,,,,,,,,,,,,,,,,,,,,,,,,,,,,,,,,,,,,,,,,,,,,Female,Nov,1954,70,Singapore,,Indian,,Currently married,Primary,Homemaker/housewife,,,,,"Below $1,000","$8,000 - $8,999",HDB 4-room flats,,Owned by a child,,Hinduism,,Fair,None,Moderately,No,,,Keeping for future.,Completely,Almost completely,"Yes, please indicate:",Daughter,No,No,No,No,No,Good,,,Good,Good,Average
23139011,2313,Sometimes,Not Often,Often,Often,Sometimes,Never,Often,Never,Often,Sometimes,Never,Often,Often,Often,Often,Often,Never,Often,Often,Strongly agree,Agree,Agree,Agree,Agree,All of the time,All of the time,All of the time,All of the time,All of the time,1,1,Female,1981,Divorced or Separated,No child,,,MA degree or above,Self-employed,Living together in the same house,Close,Yes,$400-599,Almost everyday,Not applicable (the child has no child),Yes,"$1,000 and above",1-2 days a week,Always,Almost everyday,Female,,Married,,,,,,,,,,,,,,,,,,,,,,,,,,,,,,,,,,,,,,,,,,,,,,,,,,,,,,,,,,,,,,,,,,,,,,,,,,Male,Oct,1949,75,Singapore,,Indian,,Currently married,Secondary (‘O’ / ‘N’ level),"Retired (record previous occupation), please specifiy:",Warehouse Storeman,,,,"Below $1,000","$8,000 - $8,999",HDB 4-room flats,,Owned by a child,,Hinduism,,Good,Mild,Moderately,No,,,Keeping for future use.,Almost completely,A little,"Yes, please indicate:",Daughter,No,No,No,No,No,Moderate,,,Moderate,Good,Average
23139012,2313,Never,Never,Often,Never,Often,Never,Often,Never,Never,Often,Often,Often,Often,Often,Often,Sometimes,Often,Often,Often,Agree,Agree,Agree,Agree,Agree,Most of the time,Most of the time,Most of the time,Most of the time,Most of the time,1,0,Male,1985,Married,1 child,All boy,No child below age 6,Polytechnic diploma,Self-employed,Within 20 minutes by car,Very close,No,,Never,Never,Yes,"$1,000 and above",Never,Sometimes,1-2 days a week,,,,,,,,,,,,,,,,,,,,,,,,,,,,,,,,,,,,,,,,,,,,,,,,,,,,,,,,,,,,,,,,,,,,,,,,,,,,,Female,Nov,1955,69,Singapore,,Chinese,,Currently married,Secondary (‘O’ / ‘N’ level),Homemaker/housewife,,,,,Respondent refused to answer,Respondent refused to answer,"HDB 5-room, 3 gen flats, and executive flats (e.g., executive apartments and executive maisonette)",,Co-owned by self and spouse,,No religion,,Good,None,Mostly,Yes,To finance daily living expenses and leisure or travel activities,,,Completely,Completely,No,,No,No,No,No,No,Good,,,Very good,Very good,High
23139014,2313,Not Often,Sometimes,Not Often,Sometimes,Not Often,Sometimes,Often,Sometimes,Often,Often,Often,Often,Often,Often,Often,Often,Often,Often,Often,Agree,Agree,Agree,Agree,Agree,All of the time,All of the time,All of the time,All of the time,All of the time,1,1,Female,1995,"Single, never married",No child,,,MA degree or above,Full-time employee (30 hours a week or more),Living together in the same house,Close,Yes,$200-399,1-2 days a week,Not applicable (the child has no child),Yes,$200-399,Never,Rarely,Almost everyday,Male,2001,"Single, never married",No child,,,University-level degree,Student,Living together in the same house,Close,Yes,$200-399,1-2 days a week,Not applicable (the child has no child),No,,Never,Rarely,Almost everyday,,,,,,,,,,,,,,,,,,,,,,,,,,,,,,,,,,,,,,,,,,,,,,,,,,,,,,,,,,Male,Aug,1956,68,Singapore,,Chinese,,Currently married,Post-secondary (non-tertiary): General & Vocational (‘A’ level),"Retired (record previous occupation), please specifiy:",Project Engineer,,,,"Below $1,000","$5,000 - $6,999",HDB 4-room flats,,Self-owned,,No religion,,Fair,Moderate,Mostly,Yes,"To cover personal or family healthcare expenses (e.g., hospital bills, long-term care costs, purchase of additional private insurance)",,,Mostly,Somewhat,No,,No,No,No,No,No,Good,,,Good,Good,High
23139015,2313,Sometimes,Never,Often,Not Often,Often,Never,Often,Not Often,Never,Often,Not Often,Often,Often,Often,Often,Often,Often,Never,Often,Agree,Agree,Agree,Agree,Agree,All of the time,All of the time,All of the time,All of the time,All of the time,1,1,Male,1977,"Single, never married",No child,,,University-level degree,Full-time employee (30 hours a week or more),Living together in the same house,Fair,No,,3-4 days a week,Not applicable (the child has no child),Yes,"$1,000 and above",Never,Often,3-4 days a week,Female,1981,"Single, never married",No child,,,University-level degree,Full-time employee (30 hours a week or more),Living together in the same house,Fair,No,,3-4 days a week,Not applicable (the child has no child),Yes,"$1,000 and above",Never,Often,3-4 days a week,,,,,,,,,,,,,,,,,,,,,,,,,,,,,,,,,,,,,,,,,,,,,,,,,,,,,,,,,,Female,Sep,1953,71,Singapore,,Chinese,,Currently married,Secondary (‘O’ / ‘N’ level),"Retired (record previous occupation), please specifiy:",Sales 卖衣服,,,,"Below $1,000","$10,000 and above",HDB 4-room flats,,Co-owned by self and spouse,,Buddhism,,Fair,Mild,Completely,No,,,No need 不需要,Mostly,Somewhat,No,,No,No,No,No,No,Moderate,,,Moderate,Good,High
23139016,2313,Never,Never,Often,Never,Often,Never,Often,Never,Not Often,Often,Often,Often,Often,Often,Often,Often,Often,Often,Often,Strongly agree,Agree,Strongly agree,Strongly agree,Strongly agree,All of the time,All of the time,All of the time,All of the time,All of the time,0,2,Female,1990,Married,No child,,,Polytechnic diploma,Part-time employee,Between 20 and 40 minutes by car,Fair,No,,Never,Not applicable (the child has no child),No,,Never,Never,Once every few months,Female,1991,"Single, never married",No child,,,University-level degree,Part-time employee,Living together in the same house,Very close,No,,Never,Not applicable (the child has no child),Yes,$200-399,1-2 days a week,Sometimes,Almost everyday,,,,,,,,,,,,,,,,,,,,,,,,,,,,,,,,,,,,,,,,,,,,,,,,,,,,,,,,,,Female,Mar,1962,62,Singapore,,Chinese,,Divorced,Secondary (‘O’ / ‘N’ level),Part-time employee,,,,,"Below $1,000","$2,000 - $2,999",HDB 4-room flats,,Self-owned,,No religion,,Very good,None,Mostly,Yes,"Other, please specify:",Renovation,,Completely,Completely,No,,No,No,No,No,No,Very good,,,Good,Very good,Very high
23139017,2313,Never,Sometimes,Often,Not Often,Often,Not Often,Often,Never,Never,Often,Often,Often,Often,Often,Sometimes,Sometimes,Often,Often,Often,Agree,Agree,Agree,Agree,Agree,Most of the time,All of the time,All of the time,All of the time,All of the time,0,1,Female,1994,Cohabiting with her/his partner,No child,,,University-level degree,Self-employed,Within 20 minutes by car,Close,No,,Never,Not applicable (the child has no child),Yes,$400-599,Never,Never,1-2 days a week,,,,,,,,,,,,,,,,,,,,,,,,,,,,,,,,,,,,,,,,,,,,,,,,,,,,,,,,,,,,,,,,,,,,,,,,,,,,,Female,Jun,1962,62,Singapore,,Chinese,,Currently married,Secondary (‘O’ / ‘N’ level),Homemaker/housewife,,,,,"Below $1,000","$4,000 - $4,999","HDB 5-room, 3 gen flats, and executive flats (e.g., executive apartments and executive maisonette)",,Co-owned by self and spouse,,Buddhism,,Good,None,Mostly,No,,,To grow retirement savings further,Mostly,Mostly,No,,No,No,No,No,No,Good,,,Good,Good,High
23139018,2313,Not Often,Sometimes,Often,Never,Often,Not Often,Often,Never,Never,Often,Often,Often,Often,Often,Sometimes,Not Often,Often,Often,Often,Agree,Somewhat agree,Agree,Neither agree nor disagree,Somewhat disagree,Most of the time,Most of the time,Most of the time,Most of the time,Most of the time,0,1,Female,1979,Married,1 child,All boy,No child below age 6,University-level degree,Unemployed,Within 20 minutes by car,Very close,No,,Never,Never,Yes,$400-599,Never,Never,1-2 days a week,,,,,,,,,,,,,,,,,,,,,,,,,,,,,,,,,,,,,,,,,,,,,,,,,,,,,,,,,,,,,,,,,,,,,,,,,,,,,Female,May,1943,81,Singapore,,Chinese,,Currently married,Primary,Homemaker/housewife,,,,,"Below $1,000","Below $1,000",HDB 4-room flats,,Co-owned by self and spouse,,Buddhism,,Good,Mild,Mostly,No,,,"Does not have a lot of CPF funds (due to being a homemaker mostly/ never working CPF-providing jobs), intending to keep whatever available amounts for the future.",Completely,Mostly,No,,No,No,No,No,No,Good,,,Good,Good,High
23139019,2313,Not Often,Sometimes,Often,Never,Often,Never,Often,Not Often,Never,Often,Often,Often,Often,Often,Often,Never,Often,Sometimes,Often,Strongly agree,Agree,Strongly agree,Strongly agree,Strongly agree,All of the time,Most of the time,All of the time,All of the time,All of the time,4,0,Male,1965,Divorced or Separated,No child,,,Secondary school,Full-time employee (30 hours a week or more),Staying in the same or next block,Very close,No,,Never,Never,Yes,Less than $200,Never,Often,1-2 days a week,Male,1966,Married,3 and more children,At least one girl and one boy,2 or more children below age 6,Secondary school,Self-employed,Within 20 minutes by car,Fair,No,,Never,Never,Yes,Less than $200,Never,Never,Once a month,Male,1968,Married,2 children,At least one girl and one boy,No child below age 6,Secondary school,Full-time employee (30 hours a week or more),Between 20 and 40 minutes by car,Fair,No,,Never,Never,Yes,Less than $200,Never,Never,Once a month,Male,1973,Married,2 children,All boy,No child below age 6,ITE diploma,Self-employed,Between 20 and 40 minutes by car,Close,No,,Never,Never,Yes,Less than $200,Never,Often,1-2 days a week,Female,,,,,,,,,,,,,,,,,,,Female,Oct,1945,79,Singapore,,Chinese,,Widowed,Primary,"Retired (record previous occupation), please specifiy:",Cleaner,,,,"Below $1,000","Below $1,000",HDB 1- and 2-Room Flats,,Self-owned,,Buddhism,,Fair,None,Moderately,No,,,"里面很少钱, CPF interest 比较高 – inside account very little money, CPF interest is higher.",Mostly,Somewhat,No,,No,No,No,No,No,Very good,,,Very good,Very good,Very high
23159003,2315,Not Often,Not Often,Often,Never,Often,Never,Often,Not Often,Never,Often,Often,Sometimes,Not Often,Often,Sometimes,Not Often,Often,Often,Often,Agree,Agree,Agree,Agree,Somewhat agree,Most of the time,Most of the time,Most of the time,Most of the time,Most of the time,2,1,Male,1999,"Single, never married",No child,,,Polytechnic diploma,Self-employed,Living together in the same house,Close,Yes,Less than $200,Never,Not applicable (the child has no child),No,,Never,Sometimes,Almost everyday,Male,2002,"Single, never married",No child,,,University-level degree,Student,Living together in the same house,Close,Yes,$800-999,Never,Not applicable (the child has no child),No,,Never,Sometimes,Almost everyday,Female,2006,"Single, never married",No child,,,GCE A-level or NUS high school diploma,Student,Living together in the same house,Very close,Yes,"$1,000 and above",Never,Not applicable (the child has no child),No,,Never,Never,Almost everyday,,,,,,,,,,,,,,,,,,,,,,,,,,,,,,,,,,,,,,,Male,Jul,1959,65,Singapore,,Chinese,,Currently married,Master’s and Doctorate or equivalent,"Retired (record previous occupation), please specifiy:",Dental surgeon,,,,"$9,000 - $9,999","$10,000 and above",Landed properties,,Self-owned,,Catholicism,,Very good,None,Completely,No,,,Do not see the need to withdraw,Almost completely,Completely,"Yes, please indicate:",,No,No,No,No,No,Very good,,,Very good,Very good,Very high
23159002,2315,Sometimes,Sometimes,Not Often,Never,Sometimes,Sometimes,Often,Not Often,Often,Often,Often,Often,Not Often,Often,Often,Not Often,Often,Sometimes,Often,Strongly agree,Agree,Strongly agree,Somewhat agree,Strongly agree,All of the time,Some of the time,Most of the time,All of the time,Most of the time,2,0,Male,1966,Married,1 child,All boy,No child below age 6,GCE A-level or NUS high school diploma,Other,Between 20 and 40 minutes by car,Fair,Yes,Less than $200,Never,Never,No,,Never,Never,1-2 days a week,Male,1982,Married,3 and more children,At least one girl and one boy,2 or more children below age 6,Polytechnic diploma,Full-time employee (30 hours a week or more),Within 20 minutes by car,Very close,No,,Never,Almost everyday,No,,Never,Sometimes,Almost everyday,,,,,,,,,,,,,,,,,,,,,,,,,,,,,,,,,,,,,,,,,,,,,,,,,,,,,,,,,,Female,Nov,1943,81,Singapore,,Chinese,,Currently married,Primary,"Retired (record previous occupation), please specifiy:",,,,,"Below $1,000","Below $1,000",HDB 3-room flats,,Self-owned,,Taoism,,Good,None,Moderately,Yes,To finance daily living expenses and leisure or travel activities,,,Completely,Mostly,"Yes, please indicate:",,Yes,No,No,No,No,Good,,,Good,Very good,Very high
23159001,2315,Sometimes,Not Often,Often,Sometimes,Often,Never,Often,Sometimes,Not Often,Often,Often,Often,Often,Often,Sometimes,Never,Sometimes,Sometimes,Often,Somewhat agree,Agree,Agree,Agree,Somewhat agree,Most of the time,Most of the time,Most of the time,Most of the time,Most of the time,0,2,Female,1970,Married,3 and more children,At least one girl and one boy,No child below age 6,Secondary school,Staying at home as a housewife or househusband,Between 20 and 40 minutes by car,Close,No,,Never,Not applicable (the child has no child),Yes,$200-399,Never,Sometimes,Almost everyday,Female,1975,Widowed,No child,,,Secondary school,Full-time employee (30 hours a week or more),Within 20 minutes by car,Close,No,,Never,Not applicable (the child has no child),Yes,$200-399,Never,Rarely,Once a month,,,,,,,,,,,,,,,,,,,,,,,,,,,,,,,,,,,,,,,,,,,,,,,,,,,,,,,,,,Female,May,1948,76,Singapore,,Chinese,,Divorced,No formal schooling / pre-primary,"Retired (record previous occupation), please specifiy:",,,,,"Below $1,000","Below $1,000",HDB 3-room flats,,Self-owned,,Taoism,,Fair,None,Moderately,No,,,Not enough to withdraw,Somewhat,Somewhat,"Yes, please indicate:",,No,Yes,No,No,No,Good,,,Good,Good,High
23109008,2310,Often,Sometimes,Sometimes,Sometimes,Sometimes,Sometimes,Sometimes,Never,Not Often,Sometimes,Sometimes,Often,Sometimes,Sometimes,Sometimes,Sometimes,Often,Sometimes,Sometimes,Agree,Agree,Agree,Somewhat agree,Agree,More than half of the time,More than half of the time,More than half of the time,More than half of the time,More than half of the time,2,0,Male,1994,"Single, never married",No child,,,Polytechnic diploma,Full-time employee (30 hours a week or more),Living together in the same house,Very close,No,,Almost everyday,Not applicable (the child has no child),Yes,Less than $200,1-2 days a week,Always,Almost everyday,Male,1996,"Single, never married",No child,,,Polytechnic diploma,Student,Living together in the same house,Very close,Yes,Less than $200,Almost everyday,Not applicable (the child has no child),No,,1-2 days a week,Always,Almost everyday,,,,,,,,,,,,,,,,,,,,,,,,,,,,,,,,,,,,,,,,,,,,,,,,,,,,,,,,,,Male,Jun,1962,62,Singapore,,Chinese,,Currently married,Primary,"Retired (record previous occupation), please specifiy:",bus captain,,,,"Below $1,000","$2,000 - $2,999",HDB 4-room flats,,Co-owned by self and spouse,,Buddhism,,Fair,Moderate,Mostly,No,,,"self sufficient, dun need to use CPF",Completely,Mostly,No,,No,No,No,No,No,Very good,,,Very good,Very good,Very high
23109009,2310,Often,Often,Never,Never,Sometimes,Never,Sometimes,Often,Never,Sometimes,Sometimes,Often,Often,Often,Sometimes,Sometimes,Often,Sometimes,Sometimes,Agree,Agree,Agree,Agree,Strongly agree,Most of the time,Most of the time,Most of the time,Most of the time,Most of the time,2,6,Male,1962,Married,2 children,All boy,No child below age 6,PSLE certificate,Unemployed,Living together in the same house,Very close,No,,Almost everyday,Never,Yes,Less than $200,Almost everyday,Always,Almost everyday,Female,1963,Married,3 and more children,At least one girl and one boy,No child below age 6,Secondary school,Staying at home as a housewife or househusband,Within 20 minutes by car,Very close,No,,Never,Never,No,,Never,Sometimes,1-2 days a week,Female,1964,Married,3 and more children,At least one girl and one boy,No child below age 6,Secondary school,Staying at home as a housewife or househusband,Staying in the same housing estate,Close,No,,Never,Never,No,,Never,Rarely,Once a month,Female,1965,Married,3 and more children,At least one girl and one boy,No child below age 6,Secondary school,Staying at home as a housewife or househusband,More than 40 minutes by car,Very close,No,,Never,Never,No,,Never,Always,3-4 days a week,Female,1966,Married,3 and more children,At least one girl and one boy,No child below age 6,Polytechnic diploma,Unemployed,Within 20 minutes by car,Close,No,,Never,Never,No,,Never,Often,1-2 days a week,Female,Jan,1938,86,Singapore,,Chinese,,Currently married,Primary,Homemaker/housewife,,,,,"Below $1,000","$2,000 - $2,999",HDB 4-room flats,,Self-owned,,Buddhism,,Fair,Mild,Mostly,No,,,"no cpf, she never work in her life ",Almost completely,Not at all,No,,No,No,No,No,No,Moderate,,,Moderate,Moderate,Average
23139013,2313,Never,Never,Sometimes,Never,Often,Never,Often,Never,Never,Never,Often,Often,Often,Not Often,Often,Never,Often,Often,Often,Agree,Agree,Agree,Agree,Agree,All of the time,Most of the time,Most of the time,Most of the time,Most of the time,0,1,Female,1979,Married,No child,,,University-level degree,Full-time employee (30 hours a week or more),Within 20 minutes by walk,Close,No,,Never,Not applicable (the child has no child),Yes,"$1,000 and above",Never,Always,3-4 days a week,,,,,,,,,,,,,,,,,,,,,,,,,,,,,,,,,,,,,,,,,,,,,,,,,,,,,,,,,,,,,,,,,,,,,,,,,,,,,Female,Jun,1951,73,Singapore,,Chinese,,Currently married,Secondary (‘O’ / ‘N’ level),Part-time employee,,,,,"Below $1,000","$2,000 - $2,999",HDB 4-room flats,,Co-owned by self and spouse,,Taoism,,Good,None,Mostly,No,,,Don't need,Completely,Mostly,No,,No,No,No,No,No,Good,,,Good,Good,High
23139020,2313,Never,Sometimes,Often,Never,Often,Not Often,Often,Never,Never,Sometimes,Often,Often,Often,Sometimes,Sometimes,Sometimes,Often,Often,Often,Strongly agree,Agree,Somewhat agree,Agree,Somewhat agree,Most of the time,Some of the time,Some of the time,Some of the time,Most of the time,0,2,Female,1989,Married,2 children,At least one girl and one boy,2 or more children below age 6,Polytechnic diploma,Staying at home as a housewife or househusband,Between 20 and 40 minutes by car,Close,No,,Never,1-2 days a week,No,,Never,Always,1-2 days a week,Female,1991,"Single, never married",No child,,,Polytechnic diploma,Full-time employee (30 hours a week or more),Living together in the same house,Close,No,,1-2 days a week,Not applicable (the child has no child),Yes,$400-599,Once every few months,Always,Almost everyday,,,,,,,,,,,,,,,,,,,,,,,,,,,,,,,,,,,,,,,,,,,,,,,,,,,,,,,,,,Female,Feb,1956,68,Malaysia,,Chinese,,Widowed,Primary,Part-time employee,,,,,"Below $1,000",Respondent refused to answer,"HDB 5-room, 3 gen flats, and executive flats (e.g., executive apartments and executive maisonette)",,Co-owned by self and spouse,,Buddhism,,Very good,None,Moderately,Yes,"To cover personal or family healthcare expenses (e.g., hospital bills, long-term care costs, purchase of additional private insurance)",,,Mostly,Somewhat,No,,No,No,No,No,No,Good,,,Good,Good,High
23139021,2313,Never,Never,Often,Never,Often,Never,Often,Never,Never,Often,Often,Often,Often,Often,Sometimes,Sometimes,Often,Often,Often,Agree,Agree,Agree,Agree,Agree,All of the time,More than half of the time,More than half of the time,More than half of the time,All of the time,2,1,Female,1974,Married,No child,,,Secondary school,Full-time employee (30 hours a week or more),Between 20 and 40 minutes by car,Close,No,,Never,Not applicable (the child has no child),No,,Never,Rarely,1-2 days a week,Male,1980,"Single, never married",No child,,,University-level degree,Full-time employee (30 hours a week or more),Living together in the same house,Very close,No,,Almost everyday,Not applicable (the child has no child),Yes,Less than $200,2-3 days a month,Never,1-2 days a week,Female,1986,"Single, never married",No child,,,University-level degree,Unemployed,Between 20 and 40 minutes by car,Fair,No,,Almost everyday,Not applicable (the child has no child),No,,Never,Never,1-2 days a week,Male,,,,,,,,,,,,,,,,,,,,,,,,,,,,,,,,,,,,,,Male,Aug,1950,74,Singapore,,Chinese,,Currently married,Secondary (‘O’ / ‘N’ level),"Retired (record previous occupation), please specifiy:",Engineering sector,,,,Respondent refused to answer,"$5,000 - $6,999","HDB 5-room, 3 gen flats, and executive flats (e.g., executive apartments and executive maisonette)",,Co-owned by self and spouse,,Buddhism,,Good,None,Completely,Yes,To finance daily living expenses and leisure or travel activities,,,Mostly,Mostly,No,,No,No,No,No,No,Good,,,Good,Very good,High
23139022,2313,Never,Never,Sometimes,Never,Often,Never,Often,Never,Never,Often,Often,Often,Often,Often,Often,Never,Often,Often,Often,Strongly agree,Strongly agree,Strongly agree,Strongly agree,Agree,All of the time,All of the time,All of the time,All of the time,All of the time,0,4,Female,1968,Married,2 children,All boy,No child below age 6,Secondary school,Full-time employee (30 hours a week or more),Between 20 and 40 minutes by car,Very close,No,,Never,Never,Yes,Less than $200,Never,Sometimes,1-2 days a week,Female,1970,Married,2 children,At least one girl and one boy,No child below age 6,Secondary school,Full-time employee (30 hours a week or more),Within 20 minutes by car,Very close,No,,Never,Never,Yes,Less than $200,Never,Sometimes,1-2 days a week,Female,1975,Married,2 children,At least one girl and one boy,No child below age 6,University-level degree,Staying at home as a housewife or househusband,Staying in the same or next block,Very close,No,,Never,Never,Yes,Less than $200,Never,Often,1-2 days a week,Female,1976,Married,2 children,All girl,No child below age 6,University-level degree,Full-time employee (30 hours a week or more),Between 20 and 40 minutes by car,Very close,No,,Never,Never,Yes,Less than $200,Never,Sometimes,1-2 days a week,,,,,,,,,,,,,,,,,,,,Male,Dec,1943,81,Singapore,,Chinese,,Widowed,Primary,"Retired (record previous occupation), please specifiy:",Manufactoring sector,,,,Respondent refused to answer,Respondent refused to answer,HDB 4-room flats,,Self-owned,,Buddhism,,Very good,None,Completely,No,,,No CPF,Completely,Completely,No,,No,No,No,No,No,Very good,,,Very good,Very good,Very high
23139023,2313,Never,Never,Often,Never,Often,Never,Often,Never,Never,Never,Often,Often,Often,Often,Sometimes,Sometimes,Often,Often,Often,Strongly agree,Agree,Agree,Strongly agree,Strongly agree,Most of the time,Most of the time,More than half of the time,Some of the time,Most of the time,1,1,Male,1981,Married,2 children,All boy,No child below age 6,University-level degree,Full-time employee (30 hours a week or more),Between 20 and 40 minutes by car,Fair,No,,Never,Never,Yes,$200-399,Never,Often,Once every few months,Female,1985,Married,No child,,,Polytechnic diploma,Full-time employee (30 hours a week or more),Between 20 and 40 minutes by car,Fair,No,,Never,Not applicable (the child has no child),Yes,$400-599,Never,Often,Once every few months,,,,,,,,,,,,,,,,,,,,,,,,,,,,,,,,,,,,,,,,,,,,,,,Within 20 minutes by car,,,,,,,,,,,Female,May,1954,70,Singapore,,Chinese,,Widowed,Primary,"Retired (record previous occupation), please specifiy:",Hawker,,,,Respondent refused to answer,Respondent refused to answer,HDB 3-room flats,,Self-owned,,Taoism,,Very good,None,Completely,Yes,To finance daily living expenses and leisure or travel activities,,,Completely,Completely,No,,No,No,No,No,No,Very good,,,Good,Very good,Very high
23139024,2313,Sometimes,Not Often,Not Often,Sometimes,Sometimes,Never,Not Often,Sometimes,Sometimes,Often,Sometimes,Sometimes,Often,Sometimes,Sometimes,Not Often,Not Often,Not Often,Not Often,Somewhat agree,Somewhat disagree,Somewhat disagree,Somewhat disagree,Agree,Less than half of the time,Less than half of the time,More than half of the time,Some of the time,More than half of the time,1,1,Male,1977,Married,No child,,,University-level degree,Full-time employee (30 hours a week or more),Staying in a different country,Not close at all,No,,Never,Never,No,,Never,Never,Never,Female,1978,,,,,University-level degree,Full-time employee (30 hours a week or more),Between 20 and 40 minutes by car,Not close at all,No,,Never,Never,No,,Never,Never,Never,,,,,,,,,,,,,,,,,,,,,,,,,,,,,,,,,,,,,,,,,,,,,,,Between 20 and 40 minutes by car,,,,,,,,,,,Male,Mar,1950,74,Singapore,,Chinese,,Currently married,Polytechnic diploma,"Retired (record previous occupation), please specifiy:",EMS Controller (Engineer),,,,"Below $1,000","$1,000 - $1,999",HDB 1- and 2-Room Flats,,Co-owned by self and spouse,,No religion,,Fair,None,A little,Yes,To finance daily living expenses and leisure or travel activities,,,Not at all,Somewhat,No,,Yes,No,No,No,No,Moderate,,,Good,Good,Average
23139025,2313,Sometimes,Sometimes,Often,Never,Often,Never,Often,Never,Never,Often,Often,Often,Often,Often,Often,Sometimes,Often,Sometimes,Sometimes,Agree,Somewhat agree,Agree,Strongly agree,Disagree,All of the time,No Response,Less than half of the time,Some of the time,All of the time,1,1,Male,1984,Married,2 children,At least one girl and one boy,2 or more children below age 6,University-level degree,Full-time employee (30 hours a week or more),Between 20 and 40 minutes by car,Not very close,No,,Never,Never,Yes,Less than $200,Never,Rarely,2-3 days a month,Female,1988,Married,1 child,All boy,1 child below age 6,MA degree or above,Full-time employee (30 hours a week or more),Between 20 and 40 minutes by car,Not very close,No,,Never,Never,Yes,Less than $200,Never,Rarely,2-3 days a month,,,,,,,,,,,,,,,,,,,,,,,,,,,,,,,,,,,,,,,,,,,,,,,,,,,,,,,,,,Female,Dec,1955,69,Singapore,,Chinese,,Currently married,Secondary (‘O’ / ‘N’ level),"Retired (record previous occupation), please specifiy:",Manufacturing supervisor,,,,Respondent refused to answer,Respondent refused to answer,HDB 4-room flats,,Co-owned by self and spouse,,Taoism,,Good,None,Moderately,Yes,To finance daily living expenses and leisure or travel activities,,,Completely,Completely,No,,No,No,No,No,No,Good,,,Good,Very good,High
23139026,2313,Not Often,Not Often,Often,Not Often,Sometimes,Not Often,Often,Not Often,Not Often,Often,Often,Often,Often,Often,Sometimes,Not Often,Often,Sometimes,Sometimes,Agree,Agree,Agree,Agree,Agree,Most of the time,Most of the time,Most of the time,Most of the time,More than half of the time,0,1,Female,1994,"Single, never married",No child,,,University-level degree,Full-time employee (30 hours a week or more),Within 20 minutes by car,Close,No,,Never,Not applicable (the child has no child),Yes,$400-599,Never,Rarely,2-3 days a month,,,,,,,,,,,,,,,,,,,,,,,,,,,,,,,,,,,,,,,,,,,,,,,,,,,,,,,,,,,,,,,,,,,,,,,,,,,,,Male,Jul,1960,64,Singapore,,Chinese,,Currently married,Polytechnic diploma,Full-time employee (30 hours a week or more),,,,,"$10,000 and above","$10,000 and above","HDB 5-room, 3 gen flats, and executive flats (e.g., executive apartments and executive maisonette)",,Co-owned by self and spouse,,Buddhism,,Good,None,Completely,No,,,No need at the moment,Almost completely,Almost completely,No,,No,No,No,No,No,Very good,,,Good,Good,High
23149001,2314,Never,Never,Often,Never,Often,Not Often,Sometimes,Sometimes,No Response,Often,Often,Often,Sometimes,Sometimes,Often,Never,Often,Often,Often,Agree,Strongly agree,Strongly agree,Strongly agree,Agree,All of the time,All of the time,All of the time,Most of the time,Most of the time,2,1,Female,1985,Married,3 and more children,All boy,1 child below age 6,University-level degree,Full-time employee (30 hours a week or more),Between 20 and 40 minutes by car,Very close,No,,Never,2-3 days a month,Yes,$200-399,Never,Never,1-2 days a week,Male,1988,"Single, never married",No child,,,ITE diploma,Full-time employee (30 hours a week or more),Living together in the same house,Close,No,,Almost everyday,Not applicable (the child has no child),No,,Once every few months,Never,Once every few months,Male,1994,Married,2 children,All boy,2 or more children below age 6,Secondary school,Staying at home as a housewife or househusband,More than 40 minutes by car,Close,No,,Never,Never,No,,Never,Never,Once every few months,,,,,,,,,,,,,,,,,,,,,,,,,,,,,,,,,,,,,,,Male,Apr,1961,63,Singapore,,Chinese,,Currently married,No formal schooling / pre-primary,Part-time employee,,,,,"$1,000 - $1,999","$2,000 - $2,999",HDB 4-room flats,,Co-owned by self and spouse,,Buddhism,,Good,Mild,Moderately,Yes,To pay off outstanding housing loans or to invest in new property,,,Mostly,Almost completely,"Yes, please indicate:",Spouse,No,No,No,No,No,Good,,,Good,Very good,High
23149002,2314,Never,Never,Sometimes,Sometimes,Often,Never,Sometimes,Never,Never,Often,Often,Often,Sometimes,Sometimes,Sometimes,Not Often,Often,Sometimes,Sometimes,Agree,Agree,Agree,Agree,Disagree,More than half of the time,More than half of the time,More than half of the time,More than half of the time,More than half of the time,1,1,Female,1990,Married,No child,,,University-level degree,Full-time employee (30 hours a week or more),Within 20 minutes by walk,Very close,No,,Never,Not applicable (the child has no child),Yes,$400-599,Once every few months,Sometimes,3-4 days a week,Male,1993,"Single, never married",No child,,,University-level degree,Full-time employee (30 hours a week or more),Living together in the same house,Fair,No,,Almost everyday,Not applicable (the child has no child),No,,Once every few months,Rarely,Almost everyday,,,,,,,,,,,,,,,,,,,,,,,,,,,,,,,,,,,,,,,,,,,,,,,,,,,,,,,,,,Female,Sep,1964,60,Singapore,,Chinese,,Currently married,Secondary (‘O’ / ‘N’ level),"Retired (record previous occupation), please specifiy:",,,,,"Below $1,000","$10,000 and above","HDB 5-room, 3 gen flats, and executive flats (e.g., executive apartments and executive maisonette)",,Co-owned by self and spouse,,Buddhism,,Good,None,Mostly,No,,,Not needed,Almost completely,Somewhat,No,,No,No,No,No,No,Very good,,,Good,Very good,Very high
23149003,2314,Never,Never,Often,Never,Often,Never,Often,Never,Often,Often,Often,Often,Often,Often,Often,Often,Often,Often,Often,Agree,Agree,Strongly agree,Agree,Disagree,All of the time,All of the time,All of the time,Most of the time,All of the time,2,1,Female,1973,Married,3 and more children,At least one girl and one boy,No child below age 6,University-level degree,Full-time employee (30 hours a week or more),Within 20 minutes by car,Very close,No,,Never,Never,Yes,$200-399,1-2 days a week,Never,3-4 days a week,Male,1976,Married,3 and more children,At least one girl and one boy,No child below age 6,ITE diploma,Full-time employee (30 hours a week or more),Between 20 and 40 minutes by car,Close,No,,Never,Never,Yes,Less than $200,Never,Never,1-2 days a week,Male,1980,Married,1 child,All boy,1 child below age 6,ITE diploma,Full-time employee (30 hours a week or more),Between 20 and 40 minutes by car,Close,No,,Never,Never,Yes,$200-399,Never,Often,1-2 days a week,,,,,,,,,,,,,,,,,,,,,,,,,,,,,,,,,,,,,,,Male,Nov,1949,75,Malaysia,,Chinese,,Widowed,Secondary (‘O’ / ‘N’ level),"Retired (record previous occupation), please specifiy:","Wholesales, self-employed ",,,,"$1,000 - $1,999","$1,000 - $1,999","HDB 5-room, 3 gen flats, and executive flats (e.g., executive apartments and executive maisonette)",,Self-owned,,Buddhism,,Very good,None,Mostly,No,,,Not needed,Completely,Almost completely,No,,No,No,No,No,No,Good,,,Good,Very good,High
23149004,2314,Sometimes,Never,Often,Never,Often,Never,Often,Sometimes,Sometimes,Often,Often,Often,Often,Often,Not Often,Not Often,Often,Often,Often,Agree,Agree,Strongly agree,Agree,Somewhat disagree,More than half of the time,Most of the time,More than half of the time,At no time,Less than half of the time,1,2,Female,1986,Married,3 and more children,At least one girl and one boy,2 or more children below age 6,University-level degree,Full-time employee (30 hours a week or more),Between 20 and 40 minutes by car,Very close,No,,Never,1-2 days a week,Yes,$400-599,Never,Rarely,Almost everyday,Female,1990,Married,2 children,At least one girl and one boy,2 or more children below age 6,University-level degree,Full-time employee (30 hours a week or more),Within 20 minutes by car,Close,No,,Never,1-2 days a week,Yes,Less than $200,Never,Rarely,Almost everyday,Male,1998,"Single, never married",No child,,,Polytechnic diploma,Full-time employee (30 hours a week or more),Living together in the same house,Very close,No,,Almost everyday,Not applicable (the child has no child),Yes,Less than $200,Almost everyday,Rarely,Almost everyday,,,,,,,,,,,,,,,,,,,,,,,,,,,,,,,,,,,,,,,Female,Aug,1960,64,Singapore,,Chinese,,Currently married,Primary,"Retired (record previous occupation), please specifiy:",Hairdresser,,,,"$1,000 - $1,999","$2,000 - $2,999",HDB 4-room flats,,Co-owned by self and spouse,,Buddhism,,Poor,Mild,A little,Yes,To finance daily living expenses and leisure or travel activities,,,Completely,Almost completely,No,,No,No,No,No,No,Good,,,Very good,Good,High
23149005,2314,Never,Never,Often,Never,Often,Never,Often,Never,Sometimes,Often,Often,Often,Often,Often,Sometimes,Never,Often,Often,Often,Agree,Agree,Agree,Agree,Strongly disagree,Most of the time,Most of the time,Most of the time,Most of the time,Most of the time,1,3,Male,1981,Married,2 children,All boy,2 or more children below age 6,ITE diploma,Full-time employee (30 hours a week or more),Living together in the same house,Fair,No,,Never,Never,No,,Once a month,Never,1-2 days a week,Female,1982,Married,2 children,At least one girl and one boy,No child below age 6,Polytechnic diploma,Full-time employee (30 hours a week or more),Within 20 minutes by car,Close,No,,Never,Never,Yes,Less than $200,1-2 days a week,Sometimes,1-2 days a week,Female,1988,Married,1 child,All boy,1 child below age 6,Polytechnic diploma,Full-time employee (30 hours a week or more),Between 20 and 40 minutes by car,Close,No,,Never,1-2 days a week,Yes,Less than $200,1-2 days a week,Sometimes,1-2 days a week,Female,1991,Married,2 children,All girl,1 child below age 6,Polytechnic diploma,Full-time employee (30 hours a week or more),Between 20 and 40 minutes by car,Close,No,,Never,Never,No,,Once a month,Never,Once every few months,,,,,,,,,,,,,,,,,,,,Male,Aug,1952,72,Singapore,,Chinese,,Currently married,Primary,Part-time employee,,,,,"$1,000 - $1,999","$2,000 - $2,999",HDB 4-room flats,,Co-owned by self and spouse,,Buddhism,,Fair,None,A little,Yes,To pay off outstanding housing loans or to invest in new property,,,Mostly,Mostly,No,,No,No,No,No,No,Good,,,Good,Good,High
23149006,2314,Not Often,Not Often,Often,Never,Often,Not Often,Often,Never,Never,Often,Often,Often,Often,Often,Often,Often,Often,Often,Often,Agree,Agree,Agree,Agree,Somewhat disagree,Most of the time,More than half of the time,More than half of the time,Most of the time,Most of the time,0,3,Female,1980,Married,1 child,All boy,No child below age 6,GCE A-level or NUS high school diploma,Part-time employee,Between 20 and 40 minutes by car,Close,No,,3-4 days a week,1-2 days a week,Yes,$400-599,Never,Sometimes,3-4 days a week,Female,1982,Married,2 children,At least one girl and one boy,No child below age 6,Polytechnic diploma,Self-employed,Between 20 and 40 minutes by car,Fair,No,,Never,Never,Yes,$200-399,Never,Rarely,1-2 days a week,Female,1984,Married,3 and more children,At least one girl and one boy,2 or more children below age 6,University-level degree,Staying at home as a housewife or househusband,Living together in the same house,Close,No,,3-4 days a week,3-4 days a week,Yes,Less than $200,3-4 days a week,Rarely,3-4 days a week,,,,,,,,,,,,,,,,,,,,,,,,,,,,,,,,,,,,,,,Female,Sep,1960,64,Singapore,,Chinese,,Widowed,Secondary (‘O’ / ‘N’ level),Part-time employee,,,,,"$1,000 - $1,999","$1,000 - $1,999",HDB 1- and 2-Room Flats,,Self-owned,,Buddhism,,Good,None,Completely,Yes,To finance daily living expenses and leisure or travel activities,,,Mostly,Mostly,No,,No,No,No,No,No,Good,,,Good,Good,High
23139027,2313,Never,Not Often,Often,Never,Often,Not Often,Often,Never,Never,Often,Often,Often,Often,Sometimes,Often,Not Often,Often,Often,Often,Agree,Somewhat agree,Somewhat agree,Agree,Agree,Most of the time,All of the time,All of the time,All of the time,All of the time,3,0,Male,1985,"Single, never married",No child,,,University-level degree,Full-time employee (30 hours a week or more),Living together in the same house,Fair,No,,Never,Not applicable (the child has no child),Yes,$200-399,1-2 days a week,Sometimes,3-4 days a week,Male,1990,Married,2 children,At least one girl and one boy,2 or more children below age 6,ITE diploma,Full-time employee (30 hours a week or more),Between 20 and 40 minutes by car,Fair,No,,Never,Never,No,,1-2 days a week,Sometimes,3-4 days a week,Male,1997,"Single, never married",No child,,,University-level degree,Full-time employee (30 hours a week or more),Living together in the same house,Fair,No,,Never,Not applicable (the child has no child),Yes,$200-399,1-2 days a week,Sometimes,3-4 days a week,,,,,,,,,,,,,,,,,,,,,,,,,,,,,,,,,,,,,,,Female,Sep,1957,67,Singapore,,Chinese,,Currently married,Secondary (‘O’ / ‘N’ level),Part-time employee,,,,,"$1,000 - $1,999","$3,000 - $3,999",HDB 3-room flats,,Self-owned,,Christianity,,Very good,None,Mostly,No,,,"Still working, so still got $ (money)",Mostly,Mostly,No,,No,No,No,No,No,Very good,,,Very good,Very good,Average
23139028,2313,Sometimes,Sometimes,Sometimes,Often,Often,Often,Often,Sometimes,Often,Often,Often,Often,Often,Sometimes,Often,Often,Often,Sometimes,Sometimes,Neither agree nor disagree,Neither agree nor disagree,Somewhat agree,Neither agree nor disagree,Neither agree nor disagree,Less than half of the time,Some of the time,Most of the time,Less than half of the time,Less than half of the time,0,1,Female,1982,Married,2 children,At least one girl and one boy,No child below age 6,ITE diploma,Full-time employee (30 hours a week or more),Between 20 and 40 minutes by car,Very close,No,,Never,Never,Yes,$600-799,Once every few months,Always,Almost everyday,,,,,,,,,,,,,,,,,,,,,,,,,,,,,,,,,,,,,,,,,,,,,,,,,,,,,,,,,,,,,,,,,,,,,,,,,,,,,Female,Nov,1957,67,Singapore,,Malay,,Currently married,Secondary (‘O’ / ‘N’ level),Homemaker/housewife,,,,,"Below $1,000","Below $1,000",HDB 1- and 2-Room Flats,,Rented entire housing unit,,Islam,,Fair,Moderate,A little,No,,,No CPF (has always been a housemaker/housewife),Completely,Completely,No,,No,No,No,No,No,"Bad, please specify reason:",,"Does not understand English, and has poor understanding of concepts when reading the Malay translations. Interview took a while as participant took time to understand all available options, and required much elaboration for more than half of the questions.",Moderate,Good,High
23139029,2313,Not Often,Not Often,No Response,Sometimes,Often,Not Often,Often,Sometimes,Sometimes,Often,Often,Often,No Response,Sometimes,Often,Sometimes,Sometimes,Often,Often,Agree,Somewhat agree,No Response,Neither agree nor disagree,Somewhat disagree,Most of the time,Most of the time,Most of the time,Most of the time,All of the time,1,2,Female,1979,Married,3 and more children,At least one girl and one boy,No child below age 6,University-level degree,Full-time employee (30 hours a week or more),More than 40 minutes by car,Fair,No,,Once a month,Never,Yes,$200-399,Never,Sometimes,1-2 days a week,Female,1982,Married,1 child,All girl,No child below age 6,University-level degree,Full-time employee (30 hours a week or more),More than 40 minutes by car,Fair,No,,Once every few months,Never,Yes,$200-399,Never,Sometimes,1-2 days a week,Male,1986,Married,2 children,All boy,1 child below age 6,University-level degree,Full-time employee (30 hours a week or more),More than 40 minutes by car,Fair,No,,Once a month,Never,Yes,$400-599,Never,Sometimes,1-2 days a week,,,,,,,,,,,,,,,,,,,,,,,,,,,,,,,,,,,,,,,Female,Feb,1959,65,Singapore,,Chinese,,Currently married,Primary,Homemaker/housewife,,,,,"Below $1,000","$1,000 - $1,999",HDB 4-room flats,,Co-owned by self and spouse,,Christianity,,Fair,None,A little,Yes,To finance daily living expenses and leisure or travel activities,,,Almost completely,Somewhat,No,,No,No,No,No,No,Good,,,Good,Good,High
23139030,2313,Not Often,Not Often,Often,Sometimes,Often,Sometimes,Often,Not Often,Sometimes,Often,Sometimes,Often,Often,Sometimes,Often,Sometimes,Often,Sometimes,Often,Somewhat agree,Neither agree nor disagree,Agree,Agree,Neither agree nor disagree,More than half of the time,More than half of the time,More than half of the time,Less than half of the time,More than half of the time,2,0,Male,1990,Married,1 child,All boy,1 child below age 6,University-level degree,Full-time employee (30 hours a week or more),More than 40 minutes by car,Very close,No,,Never,Never,No,,Never,Never,Once every few months,Male,1988,Married,No child,,,University-level degree,Full-time employee (30 hours a week or more),Between 20 and 40 minutes by car,Very close,No,,Never,Not applicable (the child has no child),Yes,$200-399,Never,Never,Once every few months,,,,,,,,,,,,,,,,,,,,,,,,,,,,,,,,,,,,,,,,,,,,,,,,,,,,,,,,,,Female,Feb,1964,60,Singapore,,Chinese,,Currently married,Primary,Part-time employee,,,,,"Below $1,000","$4,000 - $4,999","HDB 5-room, 3 gen flats, and executive flats (e.g., executive apartments and executive maisonette)",,Co-owned by self and spouse,,Taoism,,Fair,Mild,Moderately,No,,,Don't need to use.,Almost completely,Mostly,No,,No,No,No,No,No,Good,,,Good,Good,High
23109010,2310,Never,Sometimes,Sometimes,Never,Often,Not Often,Not Often,Never,Never,Sometimes,Often,Often,Sometimes,Often,Sometimes,Sometimes,Sometimes,Often,Often,Agree,Agree,Agree,Somewhat agree,Somewhat agree,Most of the time,Most of the time,Most of the time,Most of the time,More than half of the time,0,2,Female,2001,"Single, never married",No child,,,Polytechnic diploma,Student,Living together in the same house,Close,Yes,$200-399,3-4 days a week,Not applicable (the child has no child),No,,Almost everyday,Often,Almost everyday,Female,2007,"Single, never married",No child,,,Secondary school,Student,Living together in the same house,Close,Yes,$200-399,3-4 days a week,Not applicable (the child has no child),No,,Almost everyday,Often,Almost everyday,,,,,,,,,,,,,,,,,,,,,,,,,,,,,,,,,,,,,,,,,,,,,,,,,,,,,,,,,,Male,Jul,1961,63,"Others, please specify:",he is a PR,Indian,,Currently married,Bachelor’s or equivalent,Full-time employee (30 hours a week or more),,,,,"$4,000 - $4,999","$4,000 - $4,999",HDB 3-room flats,,Self-owned,,Hinduism,,Fair,None,Moderately,No,,,present not required,Almost completely,Mostly,No,,No,No,No,No,No,Good,,,Good,Good,High
23139032,2313,Sometimes,Never,Often,Sometimes,Often,Often,Often,Often,Never,Often,Sometimes,Often,Often,Sometimes,Sometimes,Sometimes,Often,Often,Often,Agree,Agree,Agree,Somewhat agree,Agree,More than half of the time,Most of the time,More than half of the time,Most of the time,Most of the time,1,1,Male,1978,Married,No child,,,University-level degree,Full-time employee (30 hours a week or more),Within 20 minutes by car,Not very close,No,,Never,Not applicable (the child has no child),No,,Never,Sometimes,Once a month,Female,1984,Married,2 children,All boy,1 child below age 6,Polytechnic diploma,Full-time employee (30 hours a week or more),Living together in the same house,Very close,No,,Almost everyday,Almost everyday,No,,Almost everyday,Sometimes,Almost everyday,,,,,,,,,,,,,,,,,,,,,,,,,,,,,,,,,,,,,,,,,,,,,,,,,,,,,,,,,,Male,Oct,1954,70,Singapore,,Chinese,,Currently married,Primary,"Retired (record previous occupation), please specifiy:",Storeman,,,,"$2,000 - $2,999","$6,000 - $6,999","HDB 5-room, 3 gen flats, and executive flats (e.g., executive apartments and executive maisonette)",,Owned by a child,,Buddhism,,Fair,None,Moderately,Yes,"To cover personal or family healthcare expenses (e.g., hospital bills, long-term care costs, purchase of additional private insurance)",,,Completely,Almost completely,No,,No,No,No,No,No,Good,,,Good,Good,High
23139033,2313,Sometimes,Sometimes,Often,Sometimes,Often,Sometimes,Often,Sometimes,Not Often,Never,Not Often,Sometimes,Not Often,Sometimes,Sometimes,Not Often,Never,Sometimes,Sometimes,Somewhat agree,Agree,Agree,Agree,Agree,All of the time,Most of the time,All of the time,All of the time,All of the time,1,1,Female,1994,"Single, never married",No child,,,University-level degree,Full-time employee (30 hours a week or more),Living together in the same house,Very close,No,,Never,Not applicable (the child has no child),Yes,$200-399,1-2 days a week,Never,Almost everyday,Male,1997,"Single, never married",No child,,,University-level degree,Full-time employee (30 hours a week or more),Living together in the same house,Very close,No,,Never,Not applicable (the child has no child),Yes,$200-399,1-2 days a week,Never,Almost everyday,,,,,,,,,,,,,,,,,,,,,,,,,,,,,,,,,,,,,,,,,,,,,,,,,,,,,,,,,,Male,Dec,1955,69,Singapore,,Chinese,,Currently married,Secondary (‘O’ / ‘N’ level),"Retired (record previous occupation), please specifiy:",Taxi Driver,,,,"Below $1,000","$3,000 - $3,999",HDB 4-room flats,,Co-owned by self and spouse,,Buddhism,,Good,None,A little,No,,,No CPF available due to nature of previous employment.,Completely,A little,No,,No,No,No,No,No,Good,,,Good,Good,High
23139034,2313,Never,Never,Often,Never,Often,Never,Often,Never,Never,Often,Often,Often,Often,Often,Often,Sometimes,Often,Often,Often,Agree,Agree,Agree,Agree,Strongly agree,Most of the time,All of the time,All of the time,All of the time,Most of the time,1,1,Female,1995,"Single, never married",No child,,,University-level degree,Full-time employee (30 hours a week or more),Living together in the same house,Very close,No,,Almost everyday,Not applicable (the child has no child),Yes,$200-399,Never,Never,3-4 days a week,Male,1999,"Single, never married",No child,,,University-level degree,Full-time employee (30 hours a week or more),Living together in the same house,Very close,No,,Almost everyday,Not applicable (the child has no child),Yes,$400-599,Never,Never,Almost everyday,,,,,,,,,,,,,,,,,,,,,,,,,,,,,,,,,,,,,,,,,,,,,,,,,,,,,,,,,,Male,Jan,1963,61,Singapore,,Chinese,,Currently married,Secondary (‘O’ / ‘N’ level),Full-time employee (30 hours a week or more),,,,,"$2,000 - $2,999","$10,000 and above","HDB 5-room, 3 gen flats, and executive flats (e.g., executive apartments and executive maisonette)",,Co-owned by self and spouse,,No religion,,Good,None,Mostly,No,,,No need.,Completely,Mostly,No,,No,No,No,No,No,Good,,,Good,Good,High
23139035,2313,Sometimes,Never,Often,Never,Often,Never,Often,Sometimes,Never,Sometimes,Often,Often,Often,Often,Often,Sometimes,Often,Often,Often,Agree,Strongly agree,Strongly agree,Somewhat agree,Agree,All of the time,All of the time,All of the time,All of the time,Most of the time,1,1,Female,1990,Married,1 child,All boy,1 child below age 6,University-level degree,Full-time employee (30 hours a week or more),Within 20 minutes by car,Very close,No,,Once every few months,3-4 days a week,Yes,$200-399,Once every few months,Sometimes,1-2 days a week,Male,1992,"Single, never married",No child,,,University-level degree,Full-time employee (30 hours a week or more),Living together in the same house,Close,No,,Never,Not applicable (the child has no child),Yes,$200-399,Once every few months,Sometimes,1-2 days a week,,,,,,,,,,,,,,,,,,,,,,,,,,,,,,,,,,,,,,,,,,,,,,,,,,,,,,,,,,Male,Mar,1955,69,Singapore,,Chinese,,Currently married,Secondary (‘O’ / ‘N’ level),"Retired (record previous occupation), please specifiy:",Engineer,,,,"Below $1,000","$9,000 - $9,999","HDB 5-room, 3 gen flats, and executive flats (e.g., executive apartments and executive maisonette)",,Co-owned by self and spouse,,No religion,,Good,Mild,Completely,Yes,To finance daily living expenses and leisure or travel activities,,,Completely,Completely,No,,No,No,No,No,No,Very good,,,Very good,Very good,High
23139036,2313,Not Often,Not Often,Often,Not Often,Often,Never,Often,Sometimes,Never,Often,Often,Often,Sometimes,Often,Sometimes,Sometimes,Often,Often,Often,Agree,Somewhat agree,Agree,Agree,Agree,More than half of the time,Most of the time,More than half of the time,More than half of the time,Most of the time,1,2,Female,1979,Married,1 child,All girl,No child below age 6,University-level degree,Full-time employee (30 hours a week or more),Staying in a different country,Very close,No,,Never,Never,Yes,$200-399,Never,Never,3-4 days a week,Female,1982,Married,2 children,At least one girl and one boy,1 child below age 6,University-level degree,Full-time employee (30 hours a week or more),More than 40 minutes by car,Fair,No,,Never,Never,Yes,$200-399,Never,Sometimes,1-2 days a week,Male,1986,Married,2 children,At least one girl and one boy,2 or more children below age 6,University-level degree,Full-time employee (30 hours a week or more),More than 40 minutes by car,Close,No,,Never,Never,Yes,$200-399,Never,Sometimes,2-3 days a month,,,,,,,,,,,,,,,,,,,,,,,,,,,,,,,,,,,,,,,Male,Apr,1955,69,Singapore,,Chinese,,Currently married,Primary,"Retired (record previous occupation), please specifiy:",Shipyard industry,,,,"Below $1,000","Below $1,000","HDB 5-room, 3 gen flats, and executive flats (e.g., executive apartments and executive maisonette)",,Self-owned,,Christianity,,Fair,Mild,Moderately,Yes,To finance daily living expenses and leisure or travel activities,,,Almost completely,Mostly,No,,No,No,No,No,No,Good,,,Good,Good,High
23139037,2313,Sometimes,Not Often,Often,Never,Often,Never,Often,Never,Never,Often,Often,Often,Often,Often,Often,Never,Often,Often,Often,Strongly agree,Strongly agree,Strongly agree,Strongly agree,Strongly agree,All of the time,Most of the time,Most of the time,Most of the time,Most of the time,1,1,Female,1974,Married,2 children,At least one girl and one boy,No child below age 6,GCE A-level or NUS high school diploma,Full-time employee (30 hours a week or more),Between 20 and 40 minutes by car,Close,No,,Never,Almost everyday,No,,Never,Rarely,3-4 days a week,Male,1979,Married,1 child,All boy,No child below age 6,GCE A-level or NUS high school diploma,Full-time employee (30 hours a week or more),Living together in the same house,Close,No,,3-4 days a week,Once every few months,Yes,Less than $200,1-2 days a week,Always,3-4 days a week,,,,,,,,,,,,,,,,,,,,,,,,,,,,,,,,,,,,,,,,,,,,,,,,,,,,,,,,,,Female,Aug,1946,78,Singapore,,Chinese,,Widowed,Primary,"Retired (record previous occupation), please specifiy:",Cook,,,,"Below $1,000","$2,000 - $2,999","HDB 5-room, 3 gen flats, and executive flats (e.g., executive apartments and executive maisonette)",,Self-owned,,Buddhism,,Good,Mild,Mostly,Yes,To finance daily living expenses and leisure or travel activities,,,Almost completely,Mostly,No,,No,No,No,No,No,Good,,,Good,Good,Average
23139039,2313,Sometimes,Sometimes,Often,Never,Often,Not Often,Often,Not Often,Never,Often,Often,Often,Often,Often,Often,Often,Often,Often,Often,Agree,Agree,Agree,Agree,Agree,Most of the time,Most of the time,Most of the time,Most of the time,Most of the time,2,0,Male,1992,Married,No child,,,University-level degree,Full-time employee (30 hours a week or more),Within 20 minutes by car,Close,No,,Never,Not applicable (the child has no child),No,,Never,Never,Almost everyday,Male,1999,"Single, never married",No child,,,University-level degree,Full-time employee (30 hours a week or more),Living together in the same house,Close,No,,Never,Not applicable (the child has no child),No,,Once every few months,Never,Almost everyday,,,,,,,,,,,,,,,,,,,,,,,,,,,,,,,,,,,,,,,,,,,,,,,,,,,,,,,,,,Male,Jun,1961,63,Singapore,,Chinese,,Widowed,Secondary (‘O’ / ‘N’ level),"Retired (record previous occupation), please specifiy:",Did not specify,,,,Respondent refused to answer,Respondent refused to answer,"HDB 5-room, 3 gen flats, and executive flats (e.g., executive apartments and executive maisonette)",,Self-owned,,No religion,,Good,None,Mostly,Yes,"To cover personal or family healthcare expenses (e.g., hospital bills, long-term care costs, purchase of additional private insurance)",,,Completely,Almost completely,No,,No,No,No,No,No,Good,,,Good,Good,Average
23139038,2313,Never,Sometimes,Sometimes,Never,Often,Often,Often,Often,Often,Often,Often,Often,Often,Often,Often,Often,Often,Often,Often,Agree,Agree,Agree,Agree,Agree,Most of the time,Most of the time,Most of the time,Most of the time,Most of the time,2,3,Female,1968,Married,2 children,At least one girl and one boy,No child below age 6,University-level degree,Full-time employee (30 hours a week or more),Between 20 and 40 minutes by car,Very close,No,,Once every few months,Never,Yes,$200-399,Never,Sometimes,2-3 days a month,Female,1969,"Single, never married",No child,,,Secondary school,Full-time employee (30 hours a week or more),Living together in the same house,Very close,No,,Once every few months,Never,Yes,$200-399,Never,Sometimes,2-3 days a month,Male,1972,Married,3 and more children,At least one girl and one boy,No child below age 6,Less than primary education,Full-time employee (30 hours a week or more),Staying in the same or next block,Very close,No,,Never,Never,Yes,Less than $200,Never,Sometimes,2-3 days a month,Female,1971,Married,1 child,All girl,No child below age 6,Secondary school,Unemployed,Within 20 minutes by walk,Very close,No,,Never,Never,Yes,$200-399,Never,Sometimes,2-3 days a month,Male,1976,"Single, never married",No child,,,University-level degree,Full-time employee (30 hours a week or more),Staying in a different country,Very close,No,,Never,Not applicable (the child has no child),Yes,$200-399,Never,Sometimes,2-3 days a month,Female,Dec,1942,82,Malaysia,,Chinese,,Widowed,No formal schooling / pre-primary,"Retired (record previous occupation), please specifiy:",Did not answer,,,,"Below $1,000","$2,000 - $2,999",HDB 4-room flats,,Self-owned,,Buddhism,,Good,None,Completely,Yes,To finance daily living expenses and leisure or travel activities,,,Completely,Mostly,No,,No,No,No,No,No,Good,,,Moderate,Good,Average
23109011,2310,Never,Never,Often,Never,Often,Never,Often,Never,Often,Often,Often,Sometimes,Often,Sometimes,Sometimes,Never,Sometimes,Sometimes,Sometimes,Somewhat agree,Somewhat agree,Somewhat agree,Disagree,Neither agree nor disagree,Most of the time,Less than half of the time,More than half of the time,More than half of the time,More than half of the time,1,1,Female,1979,Married,1 child,All girl,No child below age 6,Secondary school,Full-time employee (30 hours a week or more),More than 40 minutes by car,Close,No,,Never,Never,Yes,Less than $200,1-2 days a week,Sometimes,Almost everyday,Male,1982,Married,3 and more children,At least one girl and one boy,1 child below age 6,Secondary school,Self-employed,Between 20 and 40 minutes by car,Close,No,,Never,Never,No,,Never,Never,1-2 days a week,,,,,,,,,,,,,,,,,,,,,,,,,,,,,,,,,,,,,,,,,,,,,,,,,,,,,,,,,,Female,May,1961,64,Singapore,,Chinese,,Widowed,Primary,Part-time employee,,,,,"$1,000 - $1,999","$1,000 - $1,999",HDB 4-room flats,,Self-owned,,Buddhism,,Fair,None,None at all,No,,,"not yet 65, feel dun need redraw",Mostly,Somewhat,No,,No,No,No,No,No,Good,,,Good,Good,High
23109012,2310,Not Often,Never,Often,Never,Often,Often,Often,Never,Never,Often,Often,Often,Often,Often,Often,Often,Often,Often,Often,Agree,Agree,Agree,Agree,Disagree,All of the time,All of the time,All of the time,All of the time,All of the time,3,0,Male,1979,Married,3 and more children,At least one girl and one boy,No child below age 6,Secondary school,Full-time employee (30 hours a week or more),Within 20 minutes by car,Fair,No,,Never,Never,Yes,Less than $200,Never,Never,Once a month,Male,1980,Married,3 and more children,All boy,1 child below age 6,ITE diploma,Full-time employee (30 hours a week or more),Living together in the same house,Very close,No,,Almost everyday,Never,Yes,Less than $200,1-2 days a week,Always,Almost everyday,Male,1995,Married,No child,,,ITE diploma,Full-time employee (30 hours a week or more),Between 20 and 40 minutes by car,Very close,No,,1-2 days a week,Not applicable (the child has no child),Yes,Less than $200,1-2 days a week,Often,3-4 days a week,Female,"Nil, sorry saw wrong and press wrongly, the participant only has 3 child",,,,,,,,,,,,,,,,,,,,,,,,,,,,,,,,,,,,,Female,Mar,1958,66,Singapore,,Malay,,Separated,Primary,Part-time employee,,,,,"Below $1,000","Below $1,000",HDB 4-room flats,,Owned by a child,,Islam,,Very good,None,Moderately,No,,,"got income, dun need too",Completely,Almost completely,No,,No,No,No,No,No,Good,,,Good,Good,High
23179001,2317,Not Often,Never,Sometimes,Sometimes,Sometimes,Sometimes,Sometimes,Sometimes,Sometimes,Often,Often,Often,Sometimes,Sometimes,Not Often,Not Often,Not Often,Sometimes,Sometimes,Neither agree nor disagree,Agree,Agree,Agree,Somewhat disagree,Most of the time,More than half of the time,Some of the time,Some of the time,Most of the time,0,2,Female,1991,Married,No child,,,MA degree or above,Full-time employee (30 hours a week or more),Staying in a different country,Close,No,,Once every few months,Not applicable (the child has no child),Yes,Less than $200,Never,Always,Almost everyday,Female,1996,"Single, never married",No child,,,University-level degree,Full-time employee (30 hours a week or more),Living together in the same house,Close,No,,Almost everyday,Not applicable (the child has no child),Yes,$200-399,Once a month,Always,Almost everyday,,,,,,,,,,,,,,,,,,,,,,,,,,,,,,,,,,,,,,,,,,,,,,,,,,,,,,,,,,Female,Dec,1960,64,Malaysia,,Malay,,Currently married,Secondary (‘O’ / ‘N’ level),Homemaker/housewife,,,,,"Below $1,000","$6,000 - $6,999",HDB 4-room flats,,Co-owned by self and spouse,,Islam,,Good,None,Moderately,No,,,No CPF,Completely,Mostly,"Yes, please indicate:",Youngest Daughter,No,No,No,No,No,Very good,,,Very good,Very good,Very high
23109014,2310,Not Often,Not Often,Sometimes,Not Often,Often,Not Often,Often,Not Often,Often,Often,Often,Often,Often,Sometimes,Often,Never,Often,Sometimes,Sometimes,Neither agree nor disagree,Agree,Strongly agree,Somewhat agree,Agree,Most of the time,Most of the time,Most of the time,More than half of the time,Most of the time,2,3,Female,1982,"Single, never married",No child,,,University-level degree,Full-time employee (30 hours a week or more),Living together in the same house,Very close,No,,3-4 days a week,Not applicable (the child has no child),Yes,$400-599,3-4 days a week,Always,3-4 days a week,Female,1984,Married,No child,,,Polytechnic diploma,Full-time employee (30 hours a week or more),More than 40 minutes by car,Very close,No,,Never,Not applicable (the child has no child),Yes,Less than $200,Never,Always,1-2 days a week,Male,1986,Married,2 children,At least one girl and one boy,1 child below age 6,Secondary school,Full-time employee (30 hours a week or more),More than 40 minutes by car,Very close,No,,Never,Never,No,,Never,Often,2-3 days a month,Female,1990,Married,No child,,,Polytechnic diploma,Full-time employee (30 hours a week or more),Within 20 minutes by car,Very close,No,,Never,Not applicable (the child has no child),No,,Never,Often,2-3 days a month,Male,1993,Married,1 child,All girl,1 child below age 6,Polytechnic diploma,Full-time employee (30 hours a week or more),Between 20 and 40 minutes by car,Close,No,,Never,Never,No,,Never,Often,2-3 days a month,Female,Feb,1962,62,Singapore,,Malay,,Divorced,Primary,Full-time employee (30 hours a week or more),,,,,"$1,000 - $1,999","$2,000 - $2,999",HDB 4-room flats,,Owned by a child,,Islam,,Good,None,Moderately,Yes,To finance daily living expenses and leisure or travel activities,,,Somewhat,Mostly,No,,No,No,No,No,No,Moderate,,,Good,Good,Average
23139064,2313,Never,Not Often,Often,Never,Often,Not Often,Often,Never,Never,Often,Often,Often,Often,Often,Often,Sometimes,Often,Often,Often,Somewhat agree,Agree,Agree,Agree,Somewhat agree,Most of the time,Most of the time,Most of the time,Most of the time,More than half of the time,2,0,Male,1992,"Single, never married",No child,,,MA degree or above,Full-time employee (30 hours a week or more),Staying in a different country,Fair,No,,Never,Not applicable (the child has no child),Yes,$200-399,Never,Rarely,1-2 days a week,Male,1996,"Single, never married",No child,,,MA degree or above,Full-time employee (30 hours a week or more),Living together in the same house,Close,No,,Almost everyday,Not applicable (the child has no child),Yes,$600-799,Almost everyday,Always,Almost everyday,,,,,,,,,,,,,,,,,,,,,,,,,,,,,,,,,,,,,,,,,,,,,,,,,,,,,,,,,,Female,Oct,1963,60,"Others, please specify:",Hong Kong,Chinese,,Currently married,Professional qualification and other diploma,"Retired (record previous occupation), please specifiy:",Director,,,,"$2,000 - $2,999","$10,000 and above","HDB 5-room, 3 gen flats, and executive flats (e.g., executive apartments and executive maisonette)",,Co-owned by self and spouse,,No religion,,Good,None,Mostly,No,,,No need.,Almost completely,Mostly,No,,No,No,No,No,No,Good,,,Good,Good,High
23139040,2313,Never,Never,Often,Never,Often,Never,Often,Never,Never,Often,Often,Often,Often,Often,Often,Never,Often,Often,Often,Strongly agree,Strongly agree,Strongly agree,Strongly agree,Strongly agree,All of the time,All of the time,All of the time,All of the time,All of the time,1,1,Male,1971,"Single, never married",No child,,,MA degree or above,Full-time employee (30 hours a week or more),Living together in the same house,Very close,No,,Once every few months,Not applicable (the child has no child),Yes,"$1,000 and above",1-2 days a week,Rarely,Almost everyday,Female,1978,"Single, never married",No child,,,University-level degree,Full-time employee (30 hours a week or more),More than 40 minutes by car,Very close,No,,Once every few months,Not applicable (the child has no child),Yes,"$1,000 and above",1-2 days a week,Rarely,Almost everyday,,,,,,,,,,,,,,,,,,,,,,,,,,,,,,,,,,,,,,,,,,,,,,,,,,,,,,,,,,Female,Dec,1949,76,Singapore,,Chinese,,Widowed,Post-secondary (non-tertiary): General & Vocational (‘A’ level),Homemaker/housewife,,,,,"Below $1,000","Below $1,000",HDB 4-room flats,,Co-owned by self and a child,,No religion,,Very good,None,Completely,No,,,"No withdrawal, as keeping it for legacy planning purposes",Completely,Almost completely,No,,No,No,No,No,No,Good,,,Good,Good,High
23139041,2313,Sometimes,Sometimes,Not Often,Sometimes,Sometimes,Not Often,Sometimes,Sometimes,Not Often,Sometimes,Sometimes,Often,Often,Sometimes,Often,Sometimes,Often,Often,Sometimes,Agree,Somewhat agree,Agree,Agree,Somewhat agree,Most of the time,Most of the time,More than half of the time,All of the time,All of the time,1,1,Male,1977,Married,2 children,All girl,No child below age 6,GCE A-level or NUS high school diploma,Full-time employee (30 hours a week or more),Between 20 and 40 minutes by car,Very close,No,,Never,Never,Yes,$200-399,Never,Never,Almost everyday,Female,1982,Married,No child,,,ITE diploma,Full-time employee (30 hours a week or more),Between 20 and 40 minutes by car,Close,No,,Never,Not applicable (the child has no child),No,,Never,Never,Once every few months,,,,,,,,,,,,,,,,,,,,,,,,,,,,,,,,,,,,,,,,,,,,,,,,,,,,,,,,,,Female,Nov,1951,73,Singapore,,Chinese,,Widowed,Secondary (‘O’ / ‘N’ level),"Retired (record previous occupation), please specifiy:",Cashier,,,,"$1,000 - $1,999","Below $1,000","HDB 5-room, 3 gen flats, and executive flats (e.g., executive apartments and executive maisonette)",,Self-owned,,Buddhism,,Good,None,Moderately,Yes,To finance daily living expenses and leisure or travel activities,,,Completely,Completely,No,,No,No,No,No,No,Good,,,Good,Good,High
23139042,2313,Not Often,Not Often,Often,Not Often,Often,Not Often,Often,Sometimes,Sometimes,Often,Often,Often,Often,Often,Often,Sometimes,Often,Often,Often,Agree,Agree,Agree,Agree,Disagree,Most of the time,Most of the time,Most of the time,Most of the time,Most of the time,2,1,Male,1980,Married,No child,,,Polytechnic diploma,Full-time employee (30 hours a week or more),Between 20 and 40 minutes by car,Fair,No,,Never,Not applicable (the child has no child),No,,Never,Rarely,Never,Female,1984,"Single, never married",No child,,,Polytechnic diploma,Full-time employee (30 hours a week or more),Staying in the same housing estate,Close,No,,Never,Not applicable (the child has no child),Yes,$600-799,1-2 days a week,Always,1-2 days a week,Male,1990,"Single, never married",No child,,,Polytechnic diploma,Full-time employee (30 hours a week or more),Living together in the same house,Very close,No,,Never,Not applicable (the child has no child),Yes,$800-999,1-2 days a week,Always,1-2 days a week,,,,,,,,,,,,,,,,,,,,,,,,,,,,,,,,,,,,,,,Female,Oct,1957,67,Singapore,,Chinese,,Currently married,Secondary (‘O’ / ‘N’ level),Self-employed,,,,,"$1,000 - $1,999","$3,000 - $3,999","HDB 5-room, 3 gen flats, and executive flats (e.g., executive apartments and executive maisonette)",,Co-owned by self and spouse,,Buddhism,,Good,None,Mostly,No,,,Savings,Somewhat,Almost completely,No,,No,No,No,No,No,Good,,,Good,Good,High
23139043,2313,Not Often,Not Often,Often,Never,Often,Not Often,Often,Not Often,Not Often,Often,Often,Often,Often,Often,Often,Sometimes,Often,Sometimes,Often,Agree,Agree,Agree,Agree,Agree,Most of the time,More than half of the time,More than half of the time,More than half of the time,More than half of the time,1,1,Male,1994,"Single, never married",No child,,,University-level degree,Full-time employee (30 hours a week or more),Living together in the same house,Very close,No,,Never,Not applicable (the child has no child),Yes,Less than $200,3-4 days a week,Never,Almost everyday,Female,1996,"Single, never married",No child,,,University-level degree,Unemployed,Living together in the same house,Very close,Yes,$400-599,Never,Not applicable (the child has no child),No,,Almost everyday,Never,Almost everyday,,,,,,,,,,,,,,,,,,,,,,,,,,,,,,,,,,,,,,,,,,,,,,,,,,,,,,,,,,Female,Sep,1961,62,Singapore,,Chinese,,Currently married,Post-secondary (non-tertiary): General & Vocational (‘A’ level),Full-time employee (30 hours a week or more),,,,,"$5,000 - $6,999","$9,000 - $9,999",Condominiums (including executive condo) and other apartments,,Self-owned,,Taoism,,Good,None,Mostly,Yes,To finance daily living expenses and leisure or travel activities,,,Completely,Completely,No,,No,No,No,No,No,Very good,,,Very good,Very good,Very high
23139044,2313,Never,Sometimes,Often,Never,Often,Never,Often,Never,Sometimes,Often,Often,Often,Often,Often,Often,Not Often,Often,Often,Often,Agree,Agree,Agree,Agree,Somewhat disagree,Most of the time,Most of the time,Most of the time,Most of the time,Most of the time,1,1,Male,1974,Married,2 children,All girl,No child below age 6,University-level degree,Full-time employee (30 hours a week or more),Within 20 minutes by car,Fair,No,,Never,Never,No,,Never,Sometimes,2-3 days a month,Female,1980,Married,1 child,All boy,No child below age 6,University-level degree,Full-time employee (30 hours a week or more),Within 20 minutes by car,Fair,No,,Never,Never,Yes,$200-399,Never,Never,2-3 days a month,,,,,,,,,,,,,,,,,,,,,,,,,,,,,,,,,,,,,,,,,,,,,,,,,,,,,,,,,,Female,Nov,1949,75,Singapore,,Chinese,,Widowed,Secondary (‘O’ / ‘N’ level),Full-time employee (30 hours a week or more),,,,,"$2,000 - $2,999","$2,000 - $2,999",HDB 1- and 2-Room Flats,,Self-owned,,Christianity,,Fair,None,A little,No,,,To save until I retire completely.,Mostly,Mostly,No,,No,No,No,No,No,Very good,,,Very good,Very good,Very high
23199001,2319,Never,Never,Often,Never,Often,Never,Often,Never,Never,Often,Often,Often,Often,Often,Often,Never,Often,Often,Often,Strongly agree,Strongly agree,Strongly agree,Strongly agree,Strongly agree,All of the time,All of the time,All of the time,All of the time,All of the time,2,1,Female,1987,Married,3 and more children,All girl,1 child below age 6,Secondary school,Full-time employee (30 hours a week or more),More than 40 minutes by car,Very close,No,,2-3 days a month,2-3 days a month,No,,Never,Never,2-3 days a month,Male,1988,"Single, never married",No child,,,University-level degree,Full-time employee (30 hours a week or more),More than 40 minutes by car,Very close,No,,Never,Not applicable (the child has no child),Yes,$200-399,Never,Never,2-3 days a month,Male,1990,"Single, never married",No child,,,PSLE certificate,Full-time employee (30 hours a week or more),More than 40 minutes by car,Very close,No,,Never,Not applicable (the child has no child),Yes,Less than $200,Never,Never,2-3 days a month,,,,,,,,,,,,,,,,,,,,,,,,,,,,,,,,,,,,,,,Male,Feb,1955,69,Singapore,,Chinese,,Divorced,Primary,"Retired (record previous occupation), please specifiy:",Hawker,,,,"Below $1,000","Below $1,000",HDB 3-room flats,,Self-owned,,Buddhism,,Very good,None,Completely,Yes,To finance daily living expenses and leisure or travel activities,,,Completely,Completely,"Yes, please indicate:",Sister-in-law and brother,No,No,No,No,No,Good,,,Very good,Very good,High
23199002,2319,Never,Never,Often,Never,Often,Never,Often,Never,Sometimes,Often,Often,Often,Often,Often,Often,Never,Often,Often,Often,Agree,Agree,Agree,Agree,Strongly agree,All of the time,All of the time,All of the time,All of the time,All of the time,4,0,Male,1982,"Single, never married",No child,,,Polytechnic diploma,Full-time employee (30 hours a week or more),Living together in the same house,Very close,No,,Almost everyday,Not applicable (the child has no child),Yes,Less than $200,Never,Never,1-2 days a week,Male,1984,Married,No child,,,Secondary school,Full-time employee (30 hours a week or more),Within 20 minutes by walk,Very close,No,,Never,Not applicable (the child has no child),Yes,Less than $200,Never,Never,Once every few months,Male,1989,Married,No child,,,ITE diploma,Full-time employee (30 hours a week or more),Living together in the same house,Very close,No,,Almost everyday,Not applicable (the child has no child),Yes,Less than $200,Never,Never,1-2 days a week,Male,1990,"Single, never married",No child,,,Secondary school,Full-time employee (30 hours a week or more),Living together in the same house,Very close,No,,Almost everyday,Not applicable (the child has no child),Yes,Less than $200,Never,Never,1-2 days a week,,,,,,,,,,,,,,,,,,,,Male,Apr,1957,67,Singapore,,Chinese,,Currently married,Primary,"Retired (record previous occupation), please specifiy:",Ad-hoc part time work,,,,"Below $1,000","Below $1,000",HDB 4-room flats,,"Others, please specify:","co-owned by self, spouse and child",Buddhism,,Very good,None,Completely,Yes,To finance daily living expenses and leisure or travel activities,,,Completely,Completely,"Yes, please indicate:",wife and brother,No,No,No,No,No,Very good,,,Very good,Very good,High
23199003,2319,Never,Often,Sometimes,Never,Often,Never,Often,Never,Never,Not Often,Sometimes,Often,Often,Often,Often,Never,Sometimes,Often,Often,Agree,Agree,Agree,Strongly agree,Agree,All of the time,All of the time,All of the time,All of the time,All of the time,4,0,Male,1982,"Single, never married",No child,,,Polytechnic diploma,Full-time employee (30 hours a week or more),Living together in the same house,Very close,No,,Almost everyday,Not applicable (the child has no child),Yes,Less than $200,Never,Never,1-2 days a week,Male,1984,Married,No child,,,Secondary school,Full-time employee (30 hours a week or more),Within 20 minutes by walk,Very close,No,,Never,Not applicable (the child has no child),No,,Never,Never,Once every few months,Male,1989,Married,No child,,,ITE diploma,Full-time employee (30 hours a week or more),Living together in the same house,Very close,No,,Almost everyday,Not applicable (the child has no child),Yes,Less than $200,Never,,1-2 days a week,Male,1990,"Single, never married",No child,,,Secondary school,Full-time employee (30 hours a week or more),Living together in the same house,Very close,No,,Almost everyday,Not applicable (the child has no child),Yes,Less than $200,Never,Never,1-2 days a week,,,,,,,,,,,,,,,,,,,,Female,Jun,1963,61,Malaysia,,Chinese,,Currently married,Primary,Part-time employee,,,,,"Below $1,000",Respondent refused to answer,HDB 4-room flats,,"Others, please specify:","co-owned by self, spouse and child",Buddhism,,Very good,Mild,Completely,Yes,To finance daily living expenses and leisure or travel activities,,,Completely,Completely,"Yes, please indicate:","sister in law, brother in law, friend and husband",No,No,No,No,No,Good,,,Very good,Very good,Very high
23199004,2319,Never,Never,Often,Never,Not Often,Never,Often,Sometimes,Sometimes,Often,Often,Often,Sometimes,Often,Often,Never,Often,Not Often,Sometimes,Neither agree nor disagree,Agree,Strongly agree,Strongly agree,Strongly agree,All of the time,All of the time,All of the time,All of the time,All of the time,3,1,Male,1967,Married,1 child,All girl,No child below age 6,University-level degree,Full-time employee (30 hours a week or more),More than 40 minutes by car,Very close,No,,Never,Never,Yes,Less than $200,3-4 days a week,Often,2-3 days a month,Female,1970,Married,3 and more children,At least one girl and one boy,No child below age 6,Secondary school,Full-time employee (30 hours a week or more),More than 40 minutes by car,Very close,No,,Never,Never,Yes,Less than $200,3-4 days a week,Often,2-3 days a month,Male,1980,Married,3 and more children,At least one girl and one boy,No child below age 6,Secondary school,Full-time employee (30 hours a week or more),More than 40 minutes by car,Very close,No,,Never,Never,Yes,Less than $200,3-4 days a week,Often,2-3 days a month,Male,1984,Married,3 and more children,All boy,No child below age 6,Secondary school,Full-time employee (30 hours a week or more),More than 40 minutes by car,Very close,No,,3-4 days a week,Never,Yes,Less than $200,3-4 days a week,Often,2-3 days a month,,,,,,,,,,,,,,,,,,,,Female,Mar,1945,79,Singapore,,Malay,,Currently married,Secondary (‘O’ / ‘N’ level),"Retired (record previous occupation), please specifiy:",factory worker,,,,"Below $1,000","Below $1,000",HDB 1- and 2-Room Flats,,Rented part of other’s housing or subleased housing,,Islam,,Good,None,Moderately,Yes,To finance daily living expenses and leisure or travel activities,,,Completely,Completely,"Yes, please indicate:",husband,No,No,No,No,No,Very good,,,Very good,Very good,Very high
23199005,2319,Never,Never,Often,Never,Not Often,Never,Often,Sometimes,Sometimes,Often,Often,Often,Sometimes,Often,Often,Never,Often,Not Often,Often,Neither agree nor disagree,Agree,Agree,Strongly agree,Disagree,All of the time,All of the time,All of the time,All of the time,All of the time,0,1,Female,1975,Married,2 children,All girl,No child below age 6,Secondary school,Other,More than 40 minutes by car,Not close at all,No,,Never,Never,No,,Never,Never,Never,,,,,,,,,,,,,,,,,,,,,,,,,,,,,,,,,,,,,,,,,,,,,,,,,,,,,,,,,,,,,,,,,,,,,,,,,,,,,Male,Apr,1948,76,Singapore,,Malay,,Currently married,Post-secondary (non-tertiary): General & Vocational (‘A’ level),"Retired (record previous occupation), please specifiy:",cleaner,,,,"Below $1,000","Below $1,000",HDB 1- and 2-Room Flats,,Rented part of other’s housing or subleased housing,,Islam,,Fair,Mild,Moderately,Yes,To finance daily living expenses and leisure or travel activities,,,Somewhat,Completely,"Yes, please indicate:",wife,No,No,No,No,No,Good,,,Moderate,Good,High
23199006,2319,Never,Never,Not Often,Never,Often,Never,Often,Often,Never,Often,Often,Often,Often,Often,Sometimes,Often,Often,Often,Often,Strongly agree,Strongly agree,Strongly agree,Strongly agree,Strongly agree,All of the time,All of the time,All of the time,All of the time,All of the time,2,1,Male,1975,Married,2 children,At least one girl and one boy,No child below age 6,University-level degree,Full-time employee (30 hours a week or more),More than 40 minutes by car,Very close,No,,Never,Never,Yes,"$1,000 and above",Never,Sometimes,Once a month,Male,1976,"Single, never married",No child,,,University-level degree,Self-employed,Living together in the same house,Very close,No,,Never,Not applicable (the child has no child),Yes,$800-999,Never,Sometimes,Almost everyday,Female,1978,Cohabiting with her/his partner,No child,,,GCE A-level or NUS high school diploma,Full-time employee (30 hours a week or more),More than 40 minutes by car,Very close,No,,Never,Not applicable (the child has no child),Yes,$400-599,Never,Sometimes,Once a month,,,,,,,,,,,,,,,,,,,,,,,,,,,,,,,,,,,,,,,Female,Aug,1954,70,Singapore,,Chinese,,Currently married,Primary,Self-employed,,,,,Respondent refused to answer,Respondent refused to answer,"HDB 5-room, 3 gen flats, and executive flats (e.g., executive apartments and executive maisonette)",,Co-owned by self and spouse,,Buddhism,,Fair,Severe,Completely,Yes,To finance daily living expenses and leisure or travel activities,,,Completely,Almost completely,"Yes, please indicate:",spouse and friend,No,No,No,No,No,Good,,,Very good,Very good,Very high
23199007,2319,Sometimes,Often,Never,Never,Often,Often,Often,Often,Never,Often,Often,Often,Often,Often,Sometimes,No Response,Often,Often,Often,Strongly agree,Strongly agree,Strongly agree,Strongly agree,Strongly agree,All of the time,All of the time,All of the time,All of the time,All of the time,2,1,Male,1975,Married,2 children,At least one girl and one boy,No child below age 6,University-level degree,Full-time employee (30 hours a week or more),More than 40 minutes by car,Very close,No,,Never,Never,Yes,"$1,000 and above",Never,Sometimes,Once a month,Male,1976,"Single, never married",No child,,,University-level degree,Self-employed,Living together in the same house,Very close,No,,Never,Not applicable (the child has no child),Yes,$800-999,Never,Sometimes,Almost everyday,Female,1978,Cohabiting with her/his partner,No child,,,GCE A-level or NUS high school diploma,Full-time employee (30 hours a week or more),More than 40 minutes by car,Very close,No,,Never,Not applicable (the child has no child),Yes,$400-599,Never,Sometimes,Once a month,,,,,,,,,,,,,,,,,,,,,,,,,,,,,,,,,,,,,,,Male,Sep,1954,70,Singapore,,Chinese,,Currently married,Bachelor’s or equivalent,Self-employed,,,,,Respondent refused to answer,Respondent refused to answer,"HDB 5-room, 3 gen flats, and executive flats (e.g., executive apartments and executive maisonette)",,Co-owned by self and spouse,,Buddhism,,Very good,None,Completely,Yes,To finance daily living expenses and leisure or travel activities,,,Completely,Completely,"Yes, please indicate:","spouse, friend",No,No,No,No,No,Good,,,Moderate,Good,Average
23199008,2319,Not Often,Often,Not Often,Often,Often,Never,Often,Often,Sometimes,Often,Often,Often,Often,Often,Sometimes,Often,Often,Often,Often,Strongly agree,Strongly agree,Strongly agree,Agree,Strongly agree,All of the time,All of the time,All of the time,All of the time,All of the time,1,2,Female,1973,"Single, never married",No child,,,Secondary school,Full-time employee (30 hours a week or more),Living together in the same house,Close,No,,Never,Not applicable (the child has no child),Yes,$200-399,1-2 days a week,Never,2-3 days a month,Male,1978,"Single, never married",No child,,,GCE A-level or NUS high school diploma,Unemployed,Living together in the same house,Close,No,,Never,Not applicable (the child has no child),No,,1-2 days a week,Never,2-3 days a month,Female,1981,"Single, never married",No child,,,Polytechnic diploma,Full-time employee (30 hours a week or more),Between 20 and 40 minutes by car,Close,No,,Never,Not applicable (the child has no child),Yes,$600-799,Never,Never,2-3 days a month,,,,,,,,,,,,,,,,,,,,,,,,,,,,,,,,,,,,,,,Female,Sep,1953,71,Malaysia,,Chinese,,Widowed,Primary,"Retired (record previous occupation), please specifiy:",part time waitress ,,,,"Below $1,000",Respondent refused to answer,HDB 3-room flats,,Co-owned by self and a child,,No religion,,Fair,Moderate,Moderately,Yes,To finance daily living expenses and leisure or travel activities,,,Mostly,Almost completely,"Yes, please indicate:",friends,No,No,No,No,No,Good,,,Good,Very good,High
23199009,2319,Never,Never,Often,Never,Often,Never,Often,Never,Not Often,Often,Often,Often,Often,Sometimes,Often,Never,Often,Often,Often,Somewhat disagree,Strongly agree,Agree,Somewhat agree,Strongly disagree,All of the time,All of the time,All of the time,Most of the time,Less than half of the time,2,1,Male,1995,"Single, never married",No child,,,Polytechnic diploma,Full-time employee (30 hours a week or more),Living together in the same house,Very close,No,,1-2 days a week,Not applicable (the child has no child),No,,Never,Never,1-2 days a week,Female,1996,"Single, never married",No child,,,Polytechnic diploma,Full-time employee (30 hours a week or more),Living together in the same house,Very close,No,,1-2 days a week,Not applicable (the child has no child),No,,Never,Never,1-2 days a week,Male,2001,"Single, never married",No child,,,Polytechnic diploma,Full-time employee (30 hours a week or more),Living together in the same house,Very close,No,,1-2 days a week,Not applicable (the child has no child),No,,Never,Never,1-2 days a week,,,,,,,,,,,,,,,,,,,,,,,,,,,,,,,,,,,,,,,Male,Jul,1961,63,Singapore,,Chinese,,Currently married,Secondary (‘O’ / ‘N’ level),Full-time employee (30 hours a week or more),,,,,"$10,000 and above","$10,000 and above","HDB 5-room, 3 gen flats, and executive flats (e.g., executive apartments and executive maisonette)",,Co-owned by self and spouse,,No religion,,Good,None,Completely,Yes,"Other, please specify:",put in bank for savings purpose,,Completely,Mostly,No,,No,No,No,No,No,Very good,,,Very good,Very good,Very high
23109013,2310,Often,Sometimes,Sometimes,Sometimes,Sometimes,Sometimes,Sometimes,Often,Sometimes,Often,Often,Often,Often,Often,Not Often,Not Often,Sometimes,Sometimes,Sometimes,Agree,Somewhat agree,Agree,Agree,Agree,More than half of the time,More than half of the time,Less than half of the time,Some of the time,Less than half of the time,0,1,Female,2002,"Single, never married",No child,,,University-level degree,Student,Living together in the same house,Very close,Yes,Less than $200,Almost everyday,Not applicable (the child has no child),No,,Almost everyday,Always,1-2 days a week,,,,,,,,,,,,,,,,,,,,,,,,,,,,,,,,,,,,,,,,,,,,,,,,,,,,,,,,,,,,,,,,,,,,,,,,,,,,,Male,Oct,1963,61,"Others, please specify:","philippines, he is a PR","Others, please specify:",Filipino,Currently married,Professional qualification and other diploma,Full-time employee (30 hours a week or more),,,,,"$2,000 - $2,999","$6,000 - $6,999",HDB 3-room flats,,Self-owned,,Catholicism,,Poor,Moderate,Mostly,Yes,To pay off outstanding housing loans or to invest in new property,,,Mostly,Somewhat,No,,No,No,No,No,No,Moderate,,,Moderate,Good,Average
23219001,2321,Often,Sometimes,Often,Often,Often,Often,Often,Often,Never,Never,Sometimes,Often,Often,Sometimes,Often,Sometimes,Often,Sometimes,Sometimes,Somewhat agree,Agree,Agree,Strongly agree,Strongly agree,Most of the time,All of the time,All of the time,All of the time,Most of the time,1,0,Male,2002,"Single, never married",No child,,,GCE A-level or NUS high school diploma,Full-time employee (30 hours a week or more),Within 20 minutes by car,Very close,No,,1-2 days a week,Not applicable (the child has no child),Yes,$400-599,1-2 days a week,Always,Almost everyday,,,,,,,,,,,,,,,,,,,,,,,,,,,,,,,,,,,,,,,,,,,,,,,,,,,,,,,,,,,,,,,,,,,,,,,,,,,,,Male,Nov,1957,67,Singapore,,Indian,,Divorced,Primary,Full-time employee (30 hours a week or more),,,,,"$2,000 - $2,999","$2,000 - $2,999",HDB 4-room flats,,Self-owned,,Islam,,Good,None,Completely,Yes,"Other, please specify:",For donations and charity,,Completely,Almost completely,No,,No,No,No,No,No,Good,,,Good,Very good,Very high
23219002,2321,Sometimes,Not Often,Often,Never,Sometimes,Never,Sometimes,Not Often,Never,Often,Often,Sometimes,Often,Often,Not Often,Never,Sometimes,Often,Often,Agree,Agree,Agree,Strongly agree,Somewhat disagree,All of the time,All of the time,All of the time,All of the time,Most of the time,4,3,Male,"Forgot birth year, but is certain that the child is more than 21 years old.",Married,3 and more children,At least one girl and one boy,No child below age 6,ITE diploma,Full-time employee (30 hours a week or more),Living together in the same house,Very close,No,,Almost everyday,Almost everyday,Yes,$600-799,Once a month,Often,Almost everyday,Female,1994,"Single, never married",No child,,,Secondary school,Full-time employee (30 hours a week or more),Living together in the same house,Very close,No,,Almost everyday,Not applicable (the child has no child),Yes,$400-599,Almost everyday,Often,Almost everyday,Female,1995,"Single, never married",No child,,,Secondary school,Other,Living together in the same house,Fair,Yes,Less than $200,Almost everyday,Not applicable (the child has no child),No,,Almost everyday,Always,Almost everyday,Male,1997,"Single, never married",No child,,,ITE diploma,Full-time employee (30 hours a week or more),Living together in the same house,Very close,No,,Almost everyday,Not applicable (the child has no child),Yes,$200-399,Almost everyday,Always,Almost everyday,Female,1990,Married,3 and more children,At least one girl and one boy,1 child below age 6,Secondary school,Full-time employee (30 hours a week or more),Between 20 and 40 minutes by car,Fair,No,,Never,Never,No,,Never,Rarely,1-2 days a week,Female,Jun,1964,60,Singapore,,Malay,,Widowed,Primary,"Retired (record previous occupation), please specifiy:",Worked in the gas cylinder industry,,,,"Below $1,000",Respondent refused to answer,HDB 4-room flats,,Owned by a child,,Islam,,Good,Mild,Completely,Yes,"To cover personal or family healthcare expenses (e.g., hospital bills, long-term care costs, purchase of additional private insurance)",,,Almost completely,Almost completely,"Yes, please indicate:",Daughter,No,No,No,No,No,Good,,,Very good,Very good,High
23219003,2321,Often,Often,Often,Sometimes,Often,Never,Often,Sometimes,Never,Often,Often,Sometimes,Not Often,Often,Sometimes,Sometimes,Often,Not Often,Not Often,Neither agree nor disagree,Strongly agree,Strongly agree,Strongly agree,Strongly agree,Most of the time,All of the time,All of the time,More than half of the time,Most of the time,0,1,Female,1967,Married,3 and more children,All boy,No child below age 6,GCE A-level or NUS high school diploma,Staying at home as a housewife or househusband,Living together in the same house,Very close,No,,1-2 days a week,Never,Yes,$400-599,Almost everyday,Always,Almost everyday,,,,,,,,,,,,,,,,,,,,,,,,,,,,,,,,,,,,,,,,,,,,,,,,,,,,,,,,,,,,,,,,,,,,,,,,,,,,,Female,Aug,1946,78,Singapore,,Indian,,Widowed,Secondary (‘O’ / ‘N’ level),"Unemployed (able to work) (record previous occupation), please specify:",,"NIL. She chose not to work at all her entire life, hence no record.",,,"Below $1,000",Respondent refused to answer,"HDB 5-room, 3 gen flats, and executive flats (e.g., executive apartments and executive maisonette)",,Owned by a child,,Islam,,Fair,None,Completely,No,,,Participant did not find any necessity to withdraw the money.,Completely,Completely,"Yes, please indicate:",Daughter,No,No,No,No,No,Very good,,,Good,Very good,Very high
23109015,2310,Often,Often,Not Often,Sometimes,Not Often,Never,Not Often,Often,Never,Sometimes,Sometimes,Sometimes,Often,Sometimes,Not Often,Not Often,Sometimes,Sometimes,Sometimes,Somewhat agree,Somewhat disagree,Somewhat agree,Agree,Somewhat agree,More than half of the time,More than half of the time,At no time,Less than half of the time,Less than half of the time,2,0,Male,1976,Married,2 children,All girl,No child below age 6,Polytechnic diploma,Full-time employee (30 hours a week or more),Staying in the same housing estate,Very close,No,,Never,Almost everyday,Yes,$800-999,Never,Always,1-2 days a week,Male,1981,Married,2 children,All girl,No child below age 6,ITE diploma,Self-employed,Between 20 and 40 minutes by car,Close,No,,Never,Never,Yes,$200-399,Never,Sometimes,1-2 days a week,,,,,,,,,,,,,,,,,,,,,,,,,,,,,,,,,,,,,,,,,,,,,,,,,,,,,,,,,,Male,Jan,1938,86,India,,Indian,,Currently married,Primary,"Retired (record previous occupation), please specifiy:",school operation manager,,,,"$4,000 - $4,999","$6,000 - $6,999",HDB 1- and 2-Room Flats,,Rented entire housing unit,,Hinduism,,Poor,Severe,Completely,Yes,"To cover personal or family healthcare expenses (e.g., hospital bills, long-term care costs, purchase of additional private insurance)",,,Almost completely,Somewhat,"Yes, please indicate:",the grandson was helping to translate ,No,No,No,No,No,Moderate,,,Moderate,Moderate,Average
23179002,2317,Sometimes,Often,Not Often,Sometimes,Sometimes,Not Often,Not Often,Sometimes,Sometimes,Not Often,Not Often,Sometimes,Not Often,Not Often,Not Often,Not Often,Not Often,Not Often,Not Often,Neither agree nor disagree,Somewhat disagree,Neither agree nor disagree,Agree,Neither agree nor disagree,Some of the time,Some of the time,More than half of the time,More than half of the time,Some of the time,1,1,Male,1991,"Single, never married",No child,,,University-level degree,Full-time employee (30 hours a week or more),Living together in the same house,Close,No,,Almost everyday,Not applicable (the child has no child),Yes,$200-399,1-2 days a week,Sometimes,3-4 days a week,Female,1994,"Single, never married",No child,,,University-level degree,Full-time employee (30 hours a week or more),Living together in the same house,Close,Yes,$200-399,Almost everyday,Not applicable (the child has no child),Yes,$200-399,3-4 days a week,Rarely,3-4 days a week,Female,,,,,,,,,,,,,,,,,,,,,,,,,,,,,,,,,,,,,,,,,,,,,,,,,,,,,,,,,Male,Aug,1951,74,Singapore,,Chinese,,Currently married,No formal schooling / pre-primary,"Retired (record previous occupation), please specifiy:",cab,,,,"Below $1,000","$4,000 - $4,999",HDB 4-room flats,,Co-owned by self and spouse,,Buddhism,,Fair,Mild,Moderately,Yes,To finance daily living expenses and leisure or travel activities,,,Almost completely,Somewhat,"Yes, please indicate:",Daughter,No,No,No,No,No,Good,,,Good,Very good,High
23179003,2317,Often,Often,Never,Never,Not Often,Not Often,Never,Sometimes,Often,Not Often,Never,Not Often,Not Often,Sometimes,Not Often,Never,Not Often,Not Often,Never,Disagree,Disagree,Disagree,Somewhat agree,Somewhat disagree,At no time,Some of the time,At no time,At no time,Some of the time,1,1,Male,1991,"Single, never married",No child,,,University-level degree,Full-time employee (30 hours a week or more),Living together in the same house,Close,No,,Almost everyday,Not applicable (the child has no child),Yes,$400-599,1-2 days a week,Rarely,1-2 days a week,Female,1995,"Single, never married",No child,,,University-level degree,Full-time employee (30 hours a week or more),Living together in the same house,Fair,No,,Almost everyday,Not applicable (the child has no child),Yes,$400-599,2-3 days a month,Rarely,1-2 days a week,,,,,,,,,,,,,,,,,,,,,,,,,,,,,,,,,,,,,,,,,,,,,,,,,,,,,,,,,,Female,Nov,1956,67,Singapore,,Chinese,,Currently married,No formal schooling / pre-primary,Part-time employee,,,,,"Below $1,000","$4,000 - $4,999",HDB 4-room flats,,Co-owned by self and spouse,,Buddhism,,Poor,Moderate,A little,No,,,No cpf,Somewhat,Somewhat,"Yes, please indicate:",Son,No,No,No,No,No,Very good,,,Very good,Very good,Very high
23169001,2316,Sometimes,Sometimes,Often,Not Often,Often,Sometimes,Often,Sometimes,Sometimes,Often,Often,Often,Often,Often,Sometimes,Sometimes,Often,Often,Often,Agree,Agree,Agree,Agree,Agree,All of the time,All of the time,Most of the time,All of the time,All of the time,1,2,Female,1991,Married,1 child,All boy,1 child below age 6,University-level degree,Full-time employee (30 hours a week or more),Between 20 and 40 minutes by car,Very close,No,,Never,Once every few months,Yes,$200-399,Never,Rarely,2-3 days a month,Female,1993,"Single, never married",No child,,,University-level degree,Full-time employee (30 hours a week or more),More than 40 minutes by car,Very close,No,,Never,Not applicable (the child has no child),No,,Never,Rarely,2-3 days a month,Female,2000,"Single, never married",No child,,,University-level degree,Full-time employee (30 hours a week or more),Living together in the same house,Very close,No,,1-2 days a week,Not applicable (the child has no child),No,,Once a month,Rarely,Almost everyday,,,,,,,,,,,,,,,,,,,,,,,,,,,,,,,,,,,,,,,Female,Aug,1961,63,Singapore,,Chinese,,Currently married,Professional qualification and other diploma,Full-time employee (30 hours a week or more),,,,,"$7,000 - $7,999","$10,000 and above","HDB 5-room, 3 gen flats, and executive flats (e.g., executive apartments and executive maisonette)",,Co-owned by self and spouse,,Christianity,,Fair,Mild,Completely,Yes,To finance daily living expenses and leisure or travel activities,,,Almost completely,Somewhat,No,,No,No,No,No,No,Very good,,,Very good,Very good,Very high
23169002,2316,Never,Never,Never,Never,Never,Never,Never,Never,Sometimes,Often,Often,Often,Often,Often,Often,Sometimes,Often,Often,Often,Agree,Agree,Agree,Agree,Agree,All of the time,All of the time,Most of the time,Most of the time,Most of the time,0,3,Female,1993,Married,1 child,All boy,1 child below age 6,University-level degree,Staying at home as a housewife or househusband,Staying in a different country,Close,No,,Never,Once every few months,No,,Never,Often,Once a month,Female,1994,"Single, never married",No child,,,Polytechnic diploma,Part-time employee,Living together in the same house,Very close,No,,1-2 days a week,Not applicable (the child has no child),Yes,$200-399,3-4 days a week,Often,Almost everyday,Female,2002,"Single, never married",No child,,,Polytechnic diploma,Student,Living together in the same house,Very close,Yes,$600-799,1-2 days a week,Not applicable (the child has no child),No,,3-4 days a week,Often,Almost everyday,,,,,,,,,,,,,,,,,,,,,,,,,,,,,,,,,,,,,,,Male,Feb,1962,62,Singapore,,Malay,,Currently married,Polytechnic diploma,Self-employed,,,,,"$3,000 - $3,999","$4,000 - $4,999","HDB 5-room, 3 gen flats, and executive flats (e.g., executive apartments and executive maisonette)",,Self-owned,,Islam,,Good,None,Moderately,Yes,To finance daily living expenses and leisure or travel activities,,,Completely,Almost completely,No,,No,No,No,No,No,Very good,,,Very good,Very good,Very high
23109016,2310,Sometimes,Not Often,Sometimes,Sometimes,Sometimes,Often,Not Often,Sometimes,Sometimes,Not Often,Not Often,Not Often,Often,Not Often,Not Often,Never,Not Often,Not Often,Sometimes,Neither agree nor disagree,Neither agree nor disagree,Disagree,Disagree,Strongly disagree,Some of the time,Some of the time,Some of the time,Some of the time,Some of the time,2,0,Male,1995,"Single, never married",No child,,,ITE diploma,Student,Living together in the same house,Fair,Yes,Less than $200,Almost everyday,Not applicable (the child has no child),No,,Never,Always,3-4 days a week,Male,1997,"Single, never married",No child,,,University-level degree,Full-time employee (30 hours a week or more),Living together in the same house,Fair,Yes,Less than $200,Almost everyday,Not applicable (the child has no child),Yes,$400-599,Never,Never,3-4 days a week,,,,,,,,,,,,,,,,,,,,,,,,,,,,,,,,,,,,,,,,,,,,,,,,,,,,,,,,,,Female,Nov,1961,62,Indonesia,,Chinese,,Currently married,Secondary (‘O’ / ‘N’ level),Homemaker/housewife,,,,,"Below $1,000","$5,000 - $6,999",HDB 3-room flats,,Co-owned by self and spouse,,Buddhism,,Fair,Mild,Mostly,No,,,unemployed,Somewhat,Somewhat,No,,No,No,No,No,No,Moderate,,,Moderate,Moderate,Average
23179004,2317,Often,Often,Not Often,Never,Not Often,Never,Sometimes,Often,Never,Sometimes,Sometimes,Sometimes,Sometimes,Often,Not Often,Often,Sometimes,Never,Sometimes,Strongly agree,Strongly agree,Strongly agree,Agree,Neither agree nor disagree,Most of the time,All of the time,Some of the time,All of the time,All of the time,1,0,Male,1966,Married,2 children,At least one girl and one boy,No child below age 6,MA degree or above,Full-time employee (30 hours a week or more),Staying in the same or next block,Close,No,,Never,Never,Yes,$800-999,Almost everyday,Always,1-2 days a week,,,,,,,,,,,,,,,,,,,,,,,,,,,,,,,,,,,,,,,,,,,,,,,,,,,,,,,,,,,,,,,,,,,,,,,,,,,,,Male,Dec,1942,82,Singapore,,Chinese,,Widowed,Primary,"Retired (record previous occupation), please specifiy:",Taxi driver,,,,"Below $1,000","Below $1,000",HDB 3-room flats,,Self-owned,,Buddhism,,Fair,Severe,Completely,Yes,To finance daily living expenses and leisure or travel activities,,,Completely,Completely,"Yes, please indicate:",Domestic worker,Yes,No,No,Yes,No,Good,,,Good,Very good,Very high
23179005,2317,Sometimes,Sometimes,Not Often,Not Often,Not Often,Not Often,Often,Not Often,Never,Sometimes,Often,Often,Often,Often,Often,Never,Often,Never,Not Often,Strongly agree,Strongly agree,Strongly agree,Strongly agree,Disagree,All of the time,All of the time,All of the time,All of the time,All of the time,1,1,Female,1974,Married,2 children,All girl,No child below age 6,Polytechnic diploma,Full-time employee (30 hours a week or more),Within 20 minutes by car,Close,No,,Never,Never,No,,Never,Sometimes,3-4 days a week,Male,1977,Married,1 child,All girl,No child below age 6,University-level degree,Full-time employee (30 hours a week or more),Within 20 minutes by walk,Close,No,,Never,Never,No,,Never,Sometimes,3-4 days a week,,,,,,,,,,,,,,,,,,,,,,,,,,,,,,,,,,,,,,,,,,,,,,,,,,,,,,,,,,Male,Mar,1948,76,Singapore,,Chinese,,Currently married,Primary,"Retired (record previous occupation), please specifiy:",Clerical,,,,"Below $1,000","Below $1,000",Condominiums (including executive condo) and other apartments,,Co-owned by self and spouse,,No religion,,Good,None,Completely,Yes,To finance daily living expenses and leisure or travel activities,,,Completely,Not at all,No,,No,No,No,No,No,Very good,,,Very good,Very good,Very high
23179006,2317,Never,Never,Never,Never,Often,Never,Often,Never,Never,Often,Often,Often,Often,Often,Often,Often,Often,Often,Often,Strongly agree,Strongly agree,Strongly agree,Strongly agree,Strongly agree,All of the time,All of the time,All of the time,All of the time,All of the time,1,1,Male,1984,Married,1 child,All boy,1 child below age 6,Polytechnic diploma,Full-time employee (30 hours a week or more),Staying in the same or next block,Close,No,,Never,Almost everyday,Yes,$400-599,Never,Often,Almost everyday,Female,1989,Married,1 child,All boy,1 child below age 6,University-level degree,Full-time employee (30 hours a week or more),Staying in the same or next block,Very close,No,,Never,Almost everyday,Yes,$400-599,Never,Often,Almost everyday,,,,,,,,,,,,,,,,,,,,,,,,,,,,,,,,,,,,,,,,,,,,,,,,,,,,,,,,,,Male,Dec,1957,67,Singapore,,Chinese,,Currently married,Primary,Full-time employee (30 hours a week or more),,,,,"Below $1,000","Below $1,000",HDB 4-room flats,,Co-owned by self and spouse,,No religion,,Very good,None,Completely,Yes,To pay off outstanding housing loans or to invest in new property,,,Completely,Somewhat,No,,No,No,No,No,No,Very good,,,Very good,Very good,Very high
23219004,2321,Never,Never,Often,Never,Often,Never,Often,Sometimes,Never,Sometimes,Often,Often,Often,Often,Sometimes,Never,Often,Often,Often,Strongly agree,Strongly agree,Strongly agree,Somewhat disagree,Somewhat disagree,All of the time,All of the time,All of the time,Most of the time,Most of the time,0,2,Female,1972,Married,3 and more children,At least one girl and one boy,No child below age 6,ITE diploma,Full-time employee (30 hours a week or more),Staying in the same housing estate,Very close,No,,Never,Never,Yes,$200-399,Once a month,Never,Almost everyday,Female,"Forgot year, but remembers that child 2 is born in the 1970s",Married,3 and more children,At least one girl and one boy,No child below age 6,Polytechnic diploma,Full-time employee (30 hours a week or more),Within 20 minutes by walk,Close,No,,Never,Never,Yes,$200-399,Once a month,Always,Almost everyday,,,,,,,,,,,,,,,,,,,,,,,,,,,,,,,,,,,,,,,,,,,,,,,,,,,,,,,,,,Male,Apr,1944,80,Malaysia,,Malay,,Currently married,Primary,"Retired (record previous occupation), please specifiy:",Firefighter,,,,"Below $1,000","Below $1,000",HDB 4-room flats,,Co-owned by self and spouse,,Islam,,Fair,Mild,Completely,Yes,To finance daily living expenses and leisure or travel activities,,,Completely,Completely,No,,No,No,No,No,No,Good,,,Good,Very good,Very high
23219005,2321,Never,Never,Often,Never,Often,Sometimes,Sometimes,Not Often,Often,Sometimes,Often,Sometimes,Often,Sometimes,Never,Sometimes,Often,Sometimes,Often,Neither agree nor disagree,Agree,Somewhat agree,Somewhat agree,Somewhat disagree,Most of the time,Most of the time,Most of the time,All of the time,More than half of the time,2,0,Male,"Doesn't remember specific birth year, but remembers that son is already 30+ years old. ",Married,No child,,,Polytechnic diploma,Full-time employee (30 hours a week or more),Living together in the same house,Close,No,,Almost everyday,Not applicable (the child has no child),Yes,$200-399,Almost everyday,Always,Almost everyday,Male,"Doesn't remember specific birth year, but remembers that son is already 30+ years old. ",Married,No child,,,Polytechnic diploma,Full-time employee (30 hours a week or more),Living together in the same house,Close,Yes,Less than $200,Almost everyday,Not applicable (the child has no child),No,,2-3 days a month,Never,Almost everyday,,,,,,,,,,,,,,,,,,,,,,,,,,,,,,,,,,,,,,,,,,,,,,,,,,,,,,,,,,Female,Apr,1948,76,Singapore,,Malay,,Currently married,Secondary (‘O’ / ‘N’ level),"Retired (record previous occupation), please specifiy:",Packing Industry,,,,"Below $1,000","$2,000 - $2,999",HDB 4-room flats,,Co-owned by self and spouse,,Islam,,Good,None,Moderately,Yes,To finance daily living expenses and leisure or travel activities,,,Mostly,Mostly,No,,No,No,No,No,No,Good,,,Very good,Good,Average
23129030,2312,Never,Never,Often,Not Often,Often,Not Often,Sometimes,Never,Never,Often,Often,Often,Often,Often,Sometimes,Never,Often,Often,Sometimes,Strongly agree,Agree,Agree,Strongly agree,Agree,All of the time,Most of the time,All of the time,Less than half of the time,More than half of the time,1,0,Male,1990,"Single, never married",No child,,,MA degree or above,Full-time employee (30 hours a week or more),Living together in the same house,Very close,No,,Never,Not applicable (the child has no child),Yes,$200-399,2-3 days a month,Often,Almost everyday,,,,,,,,,,,,,,,,,,,,,,,,,,,,,,,,,,,,,,,,,,,,,,,,,,,,,,,,,,,,,,,,,,,,,,,,,,,,,Male,Nov,1957,67,Singapore,,Chinese,,Currently married,Primary,Part-time employee,,,,,"$1,000 - $1,999","$7,000 - $7,999",HDB 4-room flats,,Co-owned by self and spouse,,Taoism,,Fair,None,Completely,No,,,Not enough,Almost completely,Almost completely,"Yes, please indicate:",Friends,No,No,No,No,No,Good,,,Good,Very good,High
23129031,2312,Sometimes,Sometimes,Often,Sometimes,Often,Sometimes,Often,Sometimes,Never,Often,Often,Often,Often,Sometimes,Often,Not Often,Often,Often,Sometimes,Agree,Somewhat agree,Agree,Somewhat agree,Neither agree nor disagree,Most of the time,Most of the time,More than half of the time,Most of the time,Most of the time,1,0,Male,1985,"Single, never married",No child,,,MA degree or above,Full-time employee (30 hours a week or more),Within 20 minutes by car,Close,No,,Never,Not applicable (the child has no child),No,,Never,Never,2-3 days a month,,,,,,,,,,,,,,,,,,,,,,,,,,,,,,,,,,,,,,,,,,,,,,,,,,,,,,,,,,,,,,,,,,,,,,,,,,,,,Male,Apr,1957,67,Singapore,,Chinese,,Currently married,Polytechnic diploma,"Retired (record previous occupation), please specifiy:",Ex- HDB senior estate manager,,,,"Below $1,000","Below $1,000","HDB 5-room, 3 gen flats, and executive flats (e.g., executive apartments and executive maisonette)",,Co-owned by self and spouse,,No religion,,Good,None,Mostly,No,,,no need to,Almost completely,Almost completely,No,,No,No,No,No,No,Very good,,,Very good,Very good,Very high
23129032,2312,Never,Not Often,Sometimes,Sometimes,Often,Sometimes,Not Often,Not Often,Not Often,Sometimes,Often,Often,Often,Often,Sometimes,Never,Often,Often,Often,Neither agree nor disagree,Neither agree nor disagree,Agree,Neither agree nor disagree,Neither agree nor disagree,All of the time,Most of the time,Most of the time,All of the time,Most of the time,2,1,Female,1992,"Single, never married",No child,,,University-level degree,Full-time employee (30 hours a week or more),Living together in the same house,Fair,No,,Almost everyday,Not applicable (the child has no child),Yes,Less than $200,Never,Never,2-3 days a month,Male,1994,"Single, never married",No child,,,University-level degree,Full-time employee (30 hours a week or more),Living together in the same house,Fair,No,,Almost everyday,Never,Yes,Less than $200,Never,Never,2-3 days a month,Male,2000,"Single, never married",No child,,,University-level degree,Student,Living together in the same house,Fair,No,,Almost everyday,Not applicable (the child has no child),No,,Never,Never,2-3 days a month,,,,,,,,,,,,,,,,,,,,,,,,,,,,,,,,,,,,,,,Male,Jul,1962,62,Singapore,,Chinese,,Currently married,Primary,Part-time employee,,,,,"$1,000 - $1,999","$5,000 - $6,999","HDB 5-room, 3 gen flats, and executive flats (e.g., executive apartments and executive maisonette)",,Co-owned by self and spouse,,Taoism,,Very good,None,Mostly,Yes,To finance daily living expenses and leisure or travel activities,,,Mostly,Almost completely,"Yes, please indicate:",Friends,No,No,No,No,No,Moderate,,,Good,Good,High
23129033,2312,Never,Never,Often,Never,Sometimes,Sometimes,Often,Never,Sometimes,Often,Often,Often,Often,Often,Often,Sometimes,Often,Often,Sometimes,Agree,Somewhat agree,Agree,Agree,Somewhat disagree,More than half of the time,More than half of the time,Most of the time,Most of the time,Most of the time,1,1,Female,1978,Married,3 and more children,All boy,1 child below age 6,University-level degree,Staying at home as a housewife or househusband,Staying in a different country,Close,No,,Never,Never,No,,Never,Never,1-2 days a week,Male,1983,Married,2 children,At least one girl and one boy,2 or more children below age 6,University-level degree,Full-time employee (30 hours a week or more),Living together in the same house,Very close,No,,Never,Almost everyday,No,,Never,Rarely,Almost everyday,,,,,,,,,,,,,,,,,,,,,,,,,,,,,,,,,,,,,,,,,,,,,,,,,,,,,,,,,,Female,Nov,1951,73,Singapore,,Chinese,,Widowed,Secondary (‘O’ / ‘N’ level),Full-time employee (30 hours a week or more),,,,,"$1,000 - $1,999","$10,000 and above",HDB 4-room flats,,Owned by a child,,Taoism,,Good,None,Completely,Yes,To finance daily living expenses and leisure or travel activities,,,Almost completely,Mostly,No,,No,No,No,No,No,Good,,,Moderate,Good,High
23129034,2312,Never,Never,Often,Never,Often,Sometimes,Often,Not Often,Never,Often,Often,Often,Often,Often,Often,Not Often,Often,Often,Often,Strongly agree,Strongly agree,Strongly agree,Agree,Agree,Most of the time,Most of the time,Most of the time,Most of the time,All of the time,1,1,Female,1990,Married,1 child,All girl,No child below age 6,Less than primary education,Staying at home as a housewife or househusband,Living together in the same house,Very close,No,,Almost everyday,Once every few months,No,,3-4 days a week,Never,Almost everyday,Male,1994,"Single, never married",No child,,,University-level degree,Full-time employee (30 hours a week or more),Living together in the same house,Very close,No,,Almost everyday,Not applicable (the child has no child),Yes,Less than $200,Almost everyday,Always,Almost everyday,,,,,,,,,,,,,,,,,,,,,,,,,,,,,,,,,,,,,,,,,,,,,,,,,,,,,,,,,,Male,Dec,1961,63,Singapore,,Chinese,,Currently married,Secondary (‘O’ / ‘N’ level),Full-time employee (30 hours a week or more),,,,,"$4,000 - $4,999","$5,000 - $6,999","HDB 5-room, 3 gen flats, and executive flats (e.g., executive apartments and executive maisonette)",,Self-owned,,No religion,,Good,None,Completely,No,,,no need to,Completely,Almost completely,"Yes, please indicate:",Friends,No,No,No,No,No,Good,,,Good,Very good,Very high
23129035,2312,Never,Never,Sometimes,Never,Often,Never,Often,Never,Never,Sometimes,Often,Often,Sometimes,Often,Sometimes,Sometimes,Often,Often,Often,Strongly agree,Agree,Agree,Agree,Strongly agree,All of the time,All of the time,Most of the time,More than half of the time,Most of the time,2,1,Male,1984,"Single, never married",No child,,,Polytechnic diploma,Full-time employee (30 hours a week or more),Living together in the same house,Close,No,,Never,Not applicable (the child has no child),Yes,$200-399,2-3 days a month,Always,1-2 days a week,Male,1988,Married,2 children,All boy,2 or more children below age 6,University-level degree,Full-time employee (30 hours a week or more),Between 20 and 40 minutes by car,Close,No,,Never,Never,Yes,$200-399,2-3 days a month,Always,1-2 days a week,Female,1994,Married,No child,,,Polytechnic diploma,Full-time employee (30 hours a week or more),Within 20 minutes by car,Close,No,,Never,Not applicable (the child has no child),Yes,$200-399,2-3 days a month,Always,1-2 days a week,,,,,,,,,,,,,,,,,,,,,,,,,,,,,,,,,,,,,,,Female,May,1959,66,Singapore,,Chinese,,Currently married,Primary,"Retired (record previous occupation), please specifiy:",ex-store supervisor,,,,"Below $1,000","$6,000 - $6,999",HDB 4-room flats,,Co-owned by self and spouse,,Buddhism,,Good,None,Completely,Yes,To finance daily living expenses and leisure or travel activities,,,Almost completely,Almost completely,"Yes, please indicate:",Friends,No,No,No,No,No,Moderate,,,Moderate,Good,Average
23129036,2312,Sometimes,Not Often,Not Often,Never,Often,Sometimes,Often,Often,Not Often,Sometimes,Often,Often,Sometimes,Often,Not Often,Often,Often,Not Often,Sometimes,Disagree,Agree,Agree,Agree,Neither agree nor disagree,More than half of the time,Most of the time,More than half of the time,Most of the time,Some of the time,3,2,Female,1980,Married,3 and more children,At least one girl and one boy,No child below age 6,University-level degree,Full-time employee (30 hours a week or more),Within 20 minutes by car,Close,No,,Never,3-4 days a week,Yes,Less than $200,Never,Never,1-2 days a week,Male,1981,Married,No child,,,Polytechnic diploma,Full-time employee (30 hours a week or more),Within 20 minutes by car,Very close,No,,Never,Not applicable (the child has no child),Yes,Less than $200,Never,Never,1-2 days a week,Male,1984,Married,1 child,All girl,No child below age 6,Polytechnic diploma,Full-time employee (30 hours a week or more),Within 20 minutes by car,Close,No,,Never,3-4 days a week,Yes,Less than $200,Never,Sometimes,1-2 days a week,Female,1995,Married,No child,,,University-level degree,Full-time employee (30 hours a week or more),Staying in the same housing estate,Very close,No,,Never,Not applicable (the child has no child),Yes,Less than $200,Never,Never,1-2 days a week,Male,2003,"Single, never married",No child,,,University-level degree,Part-time employee,Living together in the same house,Very close,No,,Almost everyday,Not applicable (the child has no child),No,,1-2 days a week,Never,1-2 days a week,Female,Aug,1964,60,Singapore,,Chinese,,Currently married,Primary,Homemaker/housewife,,,,,"Below $1,000","$2,000 - $2,999",HDB 4-room flats,,Co-owned by self and spouse,,Taoism,,Good,None,Moderately,No,,,not enough,Completely,Almost completely,No,,No,No,No,No,No,Good,,,Moderate,Good,High
23129037,2312,Sometimes,Sometimes,Often,Sometimes,Often,Sometimes,Often,Sometimes,Sometimes,Often,Often,Often,Often,Often,Sometimes,Often,Often,Often,Sometimes,Agree,Agree,Agree,Agree,Agree,More than half of the time,Most of the time,Most of the time,Most of the time,Most of the time,1,2,Female,1984,Married,2 children,All girl,No child below age 6,University-level degree,Full-time employee (30 hours a week or more),Living together in the same house,Very close,No,,Almost everyday,Almost everyday,Yes,$200-399,3-4 days a week,Always,3-4 days a week,Male,1988,Married,2 children,All girl,No child below age 6,ITE diploma,Full-time employee (30 hours a week or more),Within 20 minutes by car,Very close,No,,Never,Never,Yes,Less than $200,Never,Rarely,2-3 days a month,Female,1996,"Single, never married",No child,,,University-level degree,Full-time employee (30 hours a week or more),Staying in a different country,Close,No,,Never,Not applicable (the child has no child),No,,Never,Never,2-3 days a month,,,,,,,,,,,,,,,,,,,,,,,,,,,,,,,,,,,,,,,Male,Sep,1961,63,Singapore,,Chinese,,Currently married,Secondary (‘O’ / ‘N’ level),"Retired (record previous occupation), please specifiy:",ex-business owner,,,,"Below $1,000","$10,000 and above","HDB 5-room, 3 gen flats, and executive flats (e.g., executive apartments and executive maisonette)",,Co-owned by self and spouse,,Buddhism,,Fair,None,Moderately,No,,,Not enough,Almost completely,Almost completely,No,,No,No,No,No,No,Good,,,Good,Good,High
23129038,2312,Sometimes,Not Often,Sometimes,Never,Often,Never,Often,Never,Sometimes,Sometimes,Often,Often,Often,Often,Often,Not Often,Often,Sometimes,Sometimes,Strongly agree,Strongly agree,Strongly agree,Strongly agree,Agree,All of the time,All of the time,Most of the time,Most of the time,More than half of the time,2,1,Male,1984,"Single, never married",2 children,All boy,2 or more children below age 6,University-level degree,Full-time employee (30 hours a week or more),Between 20 and 40 minutes by car,Very close,No,,Never,1-2 days a week,Yes,$200-399,Never,Never,1-2 days a week,Male,1988,"Single, never married",No child,,,Polytechnic diploma,Full-time employee (30 hours a week or more),Living together in the same house,Very close,No,,1-2 days a week,Not applicable (the child has no child),Yes,$200-399,3-4 days a week,Never,Almost everyday,Female,1995,"Single, never married",No child,,,Polytechnic diploma,Full-time employee (30 hours a week or more),Living together in the same house,Very close,No,,1-2 days a week,Not applicable (the child has no child),Yes,$200-399,3-4 days a week,Never,Almost everyday,,,,,,,,,,,,,,,,,,,,,,,,,,,,,,,,,,,,,,,Male,Mar,1958,67,Singapore,,Chinese,,Currently married,Primary,Part-time employee,,,,,"$7,000 - $7,999","$7,000 - $7,999",HDB 4-room flats,,Co-owned by self and spouse,,Buddhism,,Fair,None,Mostly,No,,,not enough,Completely,Mostly,"Yes, please indicate:",Friends,No,No,No,No,No,Good,,,Good,Good,High
23129039,2312,Not Often,Sometimes,Not Often,Sometimes,Sometimes,Not Often,Often,Not Often,Not Often,Often,Often,Sometimes,Often,Often,Sometimes,Sometimes,Sometimes,Never,Sometimes,Agree,Somewhat agree,Neither agree nor disagree,Somewhat agree,Disagree,All of the time,More than half of the time,Less than half of the time,Most of the time,Most of the time,1,1,Male,1982,Married,2 children,At least one girl and one boy,No child below age 6,Polytechnic diploma,Full-time employee (30 hours a week or more),Within 20 minutes by car,Close,No,,Never,Never,No,,Never,Rarely,2-3 days a month,Female,1986,"Single, never married",No child,,,Polytechnic diploma,Full-time employee (30 hours a week or more),Living together in the same house,Close,No,,1-2 days a week,Not applicable (the child has no child),No,,1-2 days a week,Rarely,2-3 days a month,,,,,,,,,,,,,,,,,,,,,,,,,,,,,,,,,,,,,,,,,,,,,,,,,,,,,,,,,,Male,Aug,1954,70,Singapore,,Chinese,,Currently married,Secondary (‘O’ / ‘N’ level),Full-time employee (30 hours a week or more),,,,,"$2,000 - $2,999","$5,000 - $6,999",HDB 4-room flats,,Co-owned by self and spouse,,Taoism,,Good,None,Moderately,Yes,To pay off outstanding housing loans or to invest in new property,,,Almost completely,Mostly,No,,No,No,No,No,No,Good,,,Very good,Moderate,High
23129040,2312,Sometimes,Sometimes,Not Often,Not Often,Not Often,Not Often,Sometimes,Sometimes,Not Often,Sometimes,Sometimes,Sometimes,Often,Not Often,Not Often,Never,Sometimes,Sometimes,Not Often,Somewhat disagree,Disagree,Disagree,Somewhat agree,Neither agree nor disagree,Less than half of the time,More than half of the time,Less than half of the time,Less than half of the time,Some of the time,2,2,Male,1991,Married,No child,,,University-level degree,Full-time employee (30 hours a week or more),Staying in the same or next block,Close,No,,Never,Not applicable (the child has no child),No,,Never,Rarely,1-2 days a week,Female,1993,Married,1 child,All boy,1 child below age 6,University-level degree,Full-time employee (30 hours a week or more),Living together in the same house,Close,No,,Never,Almost everyday,No,,1-2 days a week,Rarely,1-2 days a week,Female,1994,Married,No child,,,University-level degree,Full-time employee (30 hours a week or more),Between 20 and 40 minutes by car,Close,No,,Never,Not applicable (the child has no child),No,,Never,Rarely,1-2 days a week,Male,1998,Married,No child,,,University-level degree,Full-time employee (30 hours a week or more),Living together in the same house,Close,No,,Never,Not applicable (the child has no child),No,,Never,Rarely,1-2 days a week,,,,,,,,,,,,,,,,,,,,Male,Sep,1963,61,Singapore,,Chinese,,Currently married,Primary,Full-time employee (30 hours a week or more),,,,,"$1,000 - $1,999","$7,000 - $7,999",HDB 4-room flats,,Co-owned by self and spouse,,Taoism,,Very poor,Mild,Moderately,Yes,"Other, please specify:",End of life planning,,Somewhat,Almost completely,No,,No,No,No,No,No,Moderate,,,Moderate,Good,Average
23129041,2312,Never,Never,Sometimes,Never,Often,Never,Often,Never,Never,Often,Often,Often,Often,Often,Often,Not Often,Often,Often,Often,Agree,Agree,Agree,Agree,Agree,Most of the time,Most of the time,Most of the time,More than half of the time,Most of the time,1,2,Female,1981,Married,2 children,All boy,No child below age 6,ITE diploma,Full-time employee (30 hours a week or more),Within 20 minutes by walk,Very close,No,,Never,Almost everyday,Yes,$400-599,Never,Always,Almost everyday,Male,1985,Married,2 children,All girl,No child below age 6,University-level degree,Full-time employee (30 hours a week or more),Within 20 minutes by walk,Very close,No,,Never,Almost everyday,Yes,$400-599,Never,Always,Almost everyday,Female,1991,Married,1 child,At least one girl and one boy,2 or more children below age 6,University-level degree,Full-time employee (30 hours a week or more),Within 20 minutes by walk,Very close,No,,Never,Almost everyday,Yes,$400-599,Never,Always,Almost everyday,,,,,,,,,,,,,,,,,,,,,,,,,,,,,,,,,,,,,,,Female,Mar,1954,70,Singapore,,Chinese,,Widowed,No formal schooling / pre-primary,Homemaker/housewife,,,,,"Below $1,000","Below $1,000",HDB 4-room flats,,Self-owned,,Taoism,,Very good,None,Completely,No,,,No CPF,Completely,Completely,"Yes, please indicate:",Friends,No,No,No,No,No,Good,,,Moderate,Good,High
23129042,2312,Never,Never,Sometimes,Never,Sometimes,Never,Often,Never,Never,Sometimes,Often,Often,Often,Not Often,Not Often,Never,Often,Not Often,Sometimes,Agree,Somewhat agree,Agree,Agree,Agree,All of the time,All of the time,More than half of the time,All of the time,Most of the time,3,2,Male,1963,"Single, never married",No child,,,Secondary school,Full-time employee (30 hours a week or more),Within 20 minutes by car,Very close,No,,Never,Not applicable (the child has no child),Yes,$200-399,Never,Always,1-2 days a week,Female,1965,Married,1 child,All boy,No child below age 6,Secondary school,Full-time employee (30 hours a week or more),Within 20 minutes by car,Very close,No,,Never,Never,Yes,$200-399,Never,Always,1-2 days a week,Female,1968,Married,2 children,At least one girl and one boy,No child below age 6,Secondary school,Full-time employee (30 hours a week or more),Within 20 minutes by car,Very close,No,,Never,Never,Yes,$200-399,Never,Always,1-2 days a week,Male,1970,Married,2 children,All boy,No child below age 6,Secondary school,Staying at home as a housewife or househusband,Within 20 minutes by car,Very close,No,,Never,Never,Yes,$200-399,Never,Always,1-2 days a week,Female,1972,Married,2 children,At least one girl and one boy,No child below age 6,Secondary school,Staying at home as a housewife or househusband,Within 20 minutes by car,Very close,No,,Never,Never,Yes,$200-399,Never,Always,1-2 days a week,Female,Nov,1941,84,Singapore,,Chinese,,Widowed,No formal schooling / pre-primary,Homemaker/housewife,,,,,"Below $1,000","Below $1,000",HDB 4-room flats,,Self-owned,,Buddhism,,Fair,Mild,Completely,No,,,no need to,Completely,Completely,"Yes, please indicate:",Friends,Yes,No,No,No,No,Moderate,,,Good,Good,Average
23129043,2312,Not Often,Not Often,Often,Never,Often,Never,Often,Sometimes,Never,Often,Often,Often,Often,Often,Often,Never,Often,Often,Often,Strongly agree,Strongly agree,Strongly agree,Strongly agree,Strongly agree,All of the time,All of the time,All of the time,Most of the time,More than half of the time,3,1,Male,1970,Married,2 children,At least one girl and one boy,1 child below age 6,University-level degree,Full-time employee (30 hours a week or more),Living together in the same house,Very close,No,,Almost everyday,Never,Yes,$200-399,Almost everyday,Always,Almost everyday,Female,1971,Married,1 child,All boy,No child below age 6,University-level degree,Staying at home as a housewife or househusband,Within 20 minutes by car,Very close,No,,Never,Never,Yes,$200-399,Never,Always,1-2 days a week,Male,1973,Married,3 and more children,All boy,No child below age 6,ITE diploma,Full-time employee (30 hours a week or more),Within 20 minutes by car,Very close,No,,Never,Never,Yes,$200-399,Never,Always,1-2 days a week,Male,1975,Married,1 child,All girl,No child below age 6,Polytechnic diploma,Full-time employee (30 hours a week or more),More than 40 minutes by car,Very close,No,,Never,Never,Yes,$200-399,Never,Sometimes,1-2 days a week,,,,,,,,,,,,,,,,,,,,Female,Aug,1952,72,Singapore,,Chinese,,Widowed,Primary,"Retired (record previous occupation), please specifiy:",Ex-office cleaner,,,,"Below $1,000","$3,000 - $3,999","HDB 5-room, 3 gen flats, and executive flats (e.g., executive apartments and executive maisonette)",,Owned by a child,,Taoism,,Good,Mild,Completely,No,,,no need to,Almost completely,Almost completely,"Yes, please indicate:",Friends,No,No,No,No,No,Good,,,Good,Good,High
23129044,2312,Never,Not Often,Sometimes,Never,Not Often,Often,Often,Never,Never,Often,Often,Often,Often,Often,Often,Never,Often,Often,Often,Strongly agree,Strongly agree,Strongly agree,Strongly agree,Strongly agree,All of the time,All of the time,All of the time,All of the time,All of the time,3,0,Male,1972,Married,No child,,,University-level degree,Full-time employee (30 hours a week or more),Between 20 and 40 minutes by car,Very close,No,,Never,Not applicable (the child has no child),Yes,$800-999,Never,Often,1-2 days a week,Male,1973,Married,2 children,At least one girl and one boy,No child below age 6,University-level degree,Self-employed,Within 20 minutes by car,Very close,No,,Never,Never,Yes,$600-799,Never,Often,1-2 days a week,Male,1976,Married,1 child,All girl,No child below age 6,University-level degree,Self-employed,Within 20 minutes by car,Very close,No,,Never,Never,Yes,$600-799,Never,Often,1-2 days a week,,,,,,,,,,,,,,,,,,,,,,,,,,,,,,,,,,,,,,,Female,Mar,1946,78,Singapore,,Chinese,,Widowed,Secondary (‘O’ / ‘N’ level),Part-time employee,,,,,"Below $1,000","Below $1,000",HDB 4-room flats,,"Others, please specify:",Sister's House,Taoism,,Good,None,Completely,No,,,not enough,Completely,Completely,"Yes, please indicate:",Friends,No,No,No,No,No,Good,,,Good,Very good,Very high
23129045,2312,Not Often,Not Often,Often,Sometimes,Often,Never,Often,Sometimes,Never,Often,Often,Often,Often,Often,Often,Often,Often,Often,Often,Agree,Agree,Agree,Agree,Agree,Most of the time,Most of the time,Most of the time,More than half of the time,All of the time,2,0,Male,1976,Married,No child,,,Polytechnic diploma,Full-time employee (30 hours a week or more),Living together in the same house,Very close,No,,Almost everyday,Not applicable (the child has no child),Yes,$600-799,Never,Never,Almost everyday,Male,1979,Married,2 children,All girl,No child below age 6,Polytechnic diploma,Full-time employee (30 hours a week or more),Within 20 minutes by car,Very close,No,,1-2 days a week,Never,Yes,$600-799,Never,Never,1-2 days a week,,,,,,,,,,,,,,,,,,,,,,,,,,,,,,,,,,,,,,,,,,,,,,,,,,,,,,,,,,Female,Oct,1954,70,Malaysia,,Chinese,,Widowed,Secondary (‘O’ / ‘N’ level),"Retired (record previous occupation), please specifiy:",ex-warehouse and sales,,,,"Below $1,000","$4,000 - $4,999",HDB 3-room flats,,Owned by a child,,Buddhism,,Fair,None,Completely,No,,,no need to,Almost completely,Completely,"Yes, please indicate:",Friends,No,No,No,No,No,Very good,,,Good,Very good,High
23129046,2312,Never,Never,Often,Never,Often,Never,Often,Never,Never,Often,Often,Often,Often,Often,Often,Often,Often,Sometimes,Often,Agree,Agree,Agree,Agree,Somewhat disagree,All of the time,All of the time,All of the time,All of the time,All of the time,0,1,Female,1974,"Single, never married",No child,,,Secondary school,Full-time employee (30 hours a week or more),More than 40 minutes by car,Close,No,,Never,Not applicable (the child has no child),No,,Never,Sometimes,2-3 days a month,,,,,,,,,,,,,,,,,,,,,,,,,,,,,,,,,,,,,,,,,,,,,,,,,,,,,,,,,,,,,,,,,,,,,,,,,,,,,Male,Jun,1946,78,Indonesia,,Chinese,,Currently married,Primary,Self-employed,,,,,"Below $1,000","Below $1,000",HDB 3-room flats,,Co-owned by self and spouse,,Buddhism,,Good,None,Completely,No,,,no need to,Mostly,Almost completely,"Yes, please indicate:",spouse,No,No,No,No,No,Good,,,Good,Good,High
23129047,2312,Not Often,Never,Often,Never,Often,Never,Often,Sometimes,Never,Often,Often,Often,Often,Often,Often,Sometimes,Often,Often,Often,Agree,Somewhat agree,Agree,Agree,Agree,Most of the time,Most of the time,Most of the time,More than half of the time,All of the time,0,1,Female,1974,"Single, never married",No child,,,Secondary school,Full-time employee (30 hours a week or more),More than 40 minutes by car,Close,No,,Never,Not applicable (the child has no child),No,,Never,Sometimes,2-3 days a month,,,,,,,,,,,,,,,,,,,,,,,,,,,,,,,,,,,,,,,,,,,,,,,,,,,,,,,,,,,,,,,,,,,,,,,,,,,,,Female,Dec,1950,74,Singapore,,Chinese,,Currently married,Primary,Self-employed,,,,,"Below $1,000","Below $1,000",HDB 3-room flats,,Co-owned by self and spouse,,Buddhism,,Fair,None,Completely,No,,,no need to,Somewhat,Mostly,"Yes, please indicate:",spouse,No,No,No,No,No,Good,,,Good,Good,High
23129048,2312,Never,Not Often,Often,Never,Often,Never,Often,Not Often,Never,Often,Often,Often,Often,Often,Often,Often,Often,Often,Often,Agree,Agree,Strongly agree,Agree,Somewhat disagree,All of the time,All of the time,All of the time,All of the time,All of the time,2,0,Male,2000,"Single, never married",No child,,,University-level degree,Student,Living together in the same house,Close,Yes,"$1,000 and above",2-3 days a month,Not applicable (the child has no child),No,,Never,Rarely,1-2 days a week,Male,2002,"Single, never married",No child,,,Polytechnic diploma,Student,Living together in the same house,Close,Yes,$200-399,2-3 days a month,Not applicable (the child has no child),No,,Never,Rarely,1-2 days a week,,,,,,,,,,,,,,,,,,,,,,,,,,,,,,,,,,,,,,,,,,,,,,,,,,,,,,,,,,Female,Jun,1964,60,Singapore,,Chinese,,Currently married,Secondary (‘O’ / ‘N’ level),"Retired (record previous occupation), please specifiy:",ex-Mediacorp video editor,,,,"Below $1,000","$5,000 - $6,999","HDB 5-room, 3 gen flats, and executive flats (e.g., executive apartments and executive maisonette)",,Co-owned by self and spouse,,Catholicism,,Good,None,Completely,Yes,To pay off outstanding housing loans or to invest in new property,,,Almost completely,Almost completely,"Yes, please indicate:",spouse,No,No,No,No,No,Good,,,Good,Good,High
23189001,2318,Not Often,Not Often,Not Often,Not Often,Not Often,Not Often,Not Often,Not Often,Not Often,Not Often,Not Often,Not Often,Not Often,Not Often,Not Often,Not Often,Not Often,Not Often,Not Often,Somewhat disagree,Neither agree nor disagree,Neither agree nor disagree,Somewhat disagree,Neither agree nor disagree,More than half of the time,Less than half of the time,Less than half of the time,More than half of the time,Less than half of the time,2,2,Male,1989,Widowed,No child,,,GCE A-level or NUS high school diploma,Staying at home as a housewife or househusband,Within 20 minutes by walk,Fair,Yes,$600-799,2-3 days a month,Not applicable (the child has no child),No,,2-3 days a month,Sometimes,2-3 days a month,Female,1991,Married,1 child,At least one girl and one boy,2 or more children below age 6,ITE diploma,Staying at home as a housewife or househusband,Within 20 minutes by car,Fair,No,,2-3 days a month,2-3 days a month,Yes,Less than $200,Almost everyday,Always,Almost everyday,Male,1991,"Single, never married",No child,,,ITE diploma,Full-time employee (30 hours a week or more),Living together in the same house,Fair,No,,2-3 days a month,2-3 days a month,Yes,Less than $200,2-3 days a month,Sometimes,2-3 days a month,Female,1995,Married,No child,,,GCE A-level or NUS high school diploma,Part-time employee,Within 20 minutes by walk,Fair,No,,2-3 days a month,Once every few months,Yes,$200-399,Once every few months,Rarely,Once every few months,,,,,,,,,,,,,,,,,,,,Female,Oct,1959,65,Indonesia,,Malay,,Currently married,Primary,Homemaker/housewife,,,,,"$1,000 - $1,999","$3,000 - $3,999",HDB 3-room flats,,Co-owned by self and spouse,,Islam,,Fair,Mild,Moderately,Respondent refused to answer,,,,Mostly,Mostly,No,,No,No,No,No,No,Good,,,Good,Good,High
23179007,2317,Never,Never,Never,Never,Often,Never,Often,Never,Never,Often,Often,Often,Often,Never,Sometimes,Not Often,Sometimes,Often,Often,Strongly agree,Agree,Strongly agree,Strongly agree,Strongly agree,All of the time,All of the time,All of the time,All of the time,All of the time,2,1,Male,1985,Married,No child,,,University-level degree,Full-time employee (30 hours a week or more),More than 40 minutes by car,Very close,No,,Never,Not applicable (the child has no child),Yes,$400-599,Never,Often,Almost everyday,Male,1987,"Single, never married",No child,,,ITE diploma,Full-time employee (30 hours a week or more),Living together in the same house,Very close,No,,Almost everyday,Not applicable (the child has no child),Yes,$200-399,Almost everyday,Always,Almost everyday,Female,1993,Married,1 child,All boy,1 child below age 6,University-level degree,Full-time employee (30 hours a week or more),Within 20 minutes by walk,Very close,No,,Never,2-3 days a month,Yes,$400-599,Never,Often,Almost everyday,,,,,,,,,,,,,,,,,,,,,,,,,,,,,,,,,,,,,,,Female,Jun,1960,65,Singapore,,Chinese,,Widowed,Primary,"Retired (record previous occupation), please specifiy:",Packer,,,,"Below $1,000","Below $1,000",HDB 4-room flats,,Self-owned,,Buddhism,,Fair,None,Moderately,Yes,To finance daily living expenses and leisure or travel activities,,,Mostly,Mostly,No,,No,No,No,No,No,Very good,,,Very good,Very good,Very high
23189002,2318,Sometimes,Sometimes,Sometimes,Not Often,Not Often,Sometimes,Often,Never,Never,Sometimes,Often,Often,Often,Often,Sometimes,Not Often,Not Often,Sometimes,Sometimes,Neither agree nor disagree,Strongly disagree,Neither agree nor disagree,Strongly agree,Neither agree nor disagree,Most of the time,Most of the time,Most of the time,Most of the time,Most of the time,1,0,Male,1992,"Single, never married",No child,,,Polytechnic diploma,Full-time employee (30 hours a week or more),Living together in the same house,Close,No,,1-2 days a week,Not applicable (the child has no child),Yes,$400-599,1-2 days a week,Rarely,Almost everyday,,,,,,,,,,,,,,,,,,,,,,,,,,,,,,,,,,,,,,,,,,,,,,,,,,,,,,,,,,,,,,,,,,,,,,,,,,,,,Female,Dec,1960,64,Malaysia,,Malay,,Currently married,Primary,"Retired (record previous occupation), please specifiy:",CLEANER,,,,Respondent refused to answer,Respondent refused to answer,HDB 3-room flats,,Co-owned by self and spouse,,Islam,,Fair,Mild,Mostly,No,,,PARTICIPANT SAID MAYBE SOON.,Almost completely,Almost completely,No,,No,No,No,No,No,Good,,,Good,Good,High
23209001,2320,Not Often,Not Often,Not Often,Often,Often,Not Often,Often,Not Often,Not Often,Often,Often,Often,Often,Often,Often,Sometimes,Sometimes,Often,Often,Somewhat agree,Somewhat agree,Agree,Somewhat agree,Somewhat disagree,Most of the time,Most of the time,Most of the time,Most of the time,Most of the time,0,1,Female,1991,"Single, never married",No child,,,Polytechnic diploma,Full-time employee (30 hours a week or more),More than 40 minutes by car,Fair,No,,Never,Not applicable (the child has no child),No,,Never,Never,Once every few months,,,,,,,,,,,,,,,,,,,,,,,,,,,,,,,,,,,,,,,,,,,,,,,,,,,,,,,,,,,,,,,,,,,,,,,,,,,,,Male,Jan,1956,68,Singapore,,Chinese,,Divorced,Bachelor’s or equivalent,"Retired (record previous occupation), please specifiy:",Tutor,,,,"Below $1,000","Below $1,000",HDB 1- and 2-Room Flats,,Self-owned,,Christianity,,Fair,Mild,Moderately,Yes,To finance daily living expenses and leisure or travel activities,,,Somewhat,Mostly,No,,No,No,Yes,No,No,Good,,,Good,Very good,High
23209002,2320,Sometimes,Not Often,Sometimes,Sometimes,Sometimes,Sometimes,Not Often,Sometimes,Sometimes,Often,Often,Often,Often,Sometimes,Not Often,Not Often,Not Often,Not Often,Not Often,Somewhat disagree,Disagree,Neither agree nor disagree,Agree,Agree,Most of the time,Most of the time,Most of the time,Most of the time,Most of the time,1,1,Female,1986,"Single, never married",No child,,,GCE A-level or NUS high school diploma,Unemployed,Living together in the same house,Close,No,,Once every few months,Not applicable (the child has no child),Yes,Less than $200,3-4 days a week,Often,Almost everyday,Male,1984,Married,2 children,At least one girl and one boy,1 child below age 6,GCE A-level or NUS high school diploma,Full-time employee (30 hours a week or more),Within 20 minutes by car,Close,No,,Once every few months,Never,Yes,$400-599,3-4 days a week,Often,Almost everyday,,,,,,,,,,,,,,,,,,,,,,,,,,,,,,,,,,,,,,,,,,,,,,,,,,,,,,,,,,Male,May,1948,76,Singapore,,Indian,,Currently married,Secondary (‘O’ / ‘N’ level),"Unemployed (unable to work) due to disability or other medical conditions (record previous occupation, if any), please specify:",,,,,"Below $1,000","$5,000 - $6,999","HDB 5-room, 3 gen flats, and executive flats (e.g., executive apartments and executive maisonette)",,Co-owned by self and spouse,,Hinduism,,Fair,Mild,Mostly,Yes,To pay off outstanding housing loans or to invest in new property,,,Completely,Completely,"Yes, please indicate:",Caregiver,No,No,No,No,Yes,Good,,,Good,Very good,Very high
23209003,2320,Never,Sometimes,Not Often,Sometimes,Not Often,Never,Never,Never,Never,Not Often,Not Often,Not Often,Never,Sometimes,Sometimes,Sometimes,Sometimes,Sometimes,Not Often,Agree,Somewhat agree,Somewhat agree,Somewhat agree,Somewhat agree,Most of the time,Most of the time,Most of the time,Most of the time,Most of the time,0,2,Female,1979,Divorced or Separated,2 children,All girl,No child below age 6,Secondary school,Full-time employee (30 hours a week or more),Between 20 and 40 minutes by car,Not close at all,No,,Never,Almost everyday,Yes,Less than $200,Never,Never,Never,Female,1981,"Single, never married",No child,,,Secondary school,Full-time employee (30 hours a week or more),Between 20 and 40 minutes by car,Not close at all,No,,Never,Not applicable (the child has no child),Yes,Less than $200,Never,Never,Never,,,,,,,,,,,,,,,,,,,,,,,,,,,,,,,,,,,,,,,,,,,,,,,,,,,,,,,,,,Female,May,1962,62+,Singapore,,Indian,,Widowed,Professional qualification and other diploma,Full-time employee (30 hours a week or more),,,,,"$2,000 - $2,999","$2,000 - $2,999",HDB 3-room flats,,Self-owned,,Hinduism,,Good,None,Moderately,No,,,Let it be at CPF.,Not at all,Mostly,No,,No,No,No,No,No,Good,,,Good,Good,High
23209004,2320,Not Often,Not Often,Not Often,Not Often,Often,Not Often,Often,Not Often,Not Often,Often,Often,Often,Sometimes,Often,Often,Sometimes,Sometimes,Sometimes,Sometimes,Somewhat agree,Somewhat agree,Agree,Agree,Somewhat agree,Most of the time,Most of the time,Most of the time,More than half of the time,Most of the time,0,2,Female,1995,"Single, never married",No child,,,University-level degree,Full-time employee (30 hours a week or more),Staying in a different country,Close,No,,Never,Not applicable (the child has no child),Yes,$800-999,Never,Never,Never,Female,2002,"Single, never married",No child,,,Polytechnic diploma,Student,Living together in the same house,Very close,Yes,$400-599,Almost everyday,Not applicable (the child has no child),No,,Almost everyday,Always,Almost everyday,,,,,,,,,,,,,,,,,,,,,,,,,,,,,,,,,,,,,,,,,,,,,,,,,,,,,,,,,,Male,Oct,1954,69,Singapore,,Chinese,,Currently married,Polytechnic diploma,Self-employed,,,,,"$4,000 - $4,999","$10,000 and above",HDB 3-room flats,,Co-owned by self and spouse,,Buddhism,,Very good,None,Completely,No,,,To earn more interest.,Almost completely,Mostly,"Yes, please indicate:",Spouse,No,No,No,No,No,Very good,,,Very good,Very good,Very high
23209005,2320,Sometimes,Never,Often,Not Often,Often,Sometimes,Often,Sometimes,Often,Often,Often,Often,Sometimes,Often,Not Often,Sometimes,Often,Not Often,Often,Strongly agree,Agree,Agree,Agree,Somewhat disagree,More than half of the time,Most of the time,More than half of the time,More than half of the time,Some of the time,0,2,Female,1995,"Single, never married",No child,,,University-level degree,Full-time employee (30 hours a week or more),Staying in a different country,Close,No,,Never,Not applicable (the child has no child),Yes,$400-599,Never,Sometimes,2-3 days a month,Female,2002,"Single, never married",No child,,,Polytechnic diploma,Student,Living together in the same house,Very close,Yes,Less than $200,1-2 days a week,Not applicable (the child has no child),No,,1-2 days a week,Always,Almost everyday,,,,,,,,,,,,,,,,,,,,,,,,,,,,,,,,,,,,,,,,,,,,,,,,,,,,,,,,,,Female,Oct,1962,62,Singapore,,Chinese,,Currently married,Secondary (‘O’ / ‘N’ level),Full-time employee (30 hours a week or more),,,,,"$3,000 - $3,999","$7,000 - $7,999",HDB 3-room flats,,Co-owned by self and spouse,,Buddhism,,Fair,Mild,A little,Yes,To pay off outstanding housing loans or to invest in new property,,,Mostly,Almost completely,"Yes, please indicate:",Youngest Daughter,No,No,No,No,No,Very good,,,Very good,Very good,Very high
23109017,2310,Often,Often,Often,Not Often,Often,Never,Often,Never,Sometimes,Often,Often,Sometimes,Sometimes,Sometimes,Sometimes,Sometimes,Sometimes,Sometimes,Sometimes,Agree,Agree,Agree,Somewhat agree,Neither agree nor disagree,Most of the time,Most of the time,Most of the time,Most of the time,Most of the time,1,3,Female,1994,Married,No child,,,University-level degree,Full-time employee (30 hours a week or more),Within 20 minutes by car,Very close,No,,1-2 days a week,Not applicable (the child has no child),Yes,$800-999,2-3 days a month,Always,1-2 days a week,Female,1995,Married,No child,,,University-level degree,Full-time employee (30 hours a week or more),Within 20 minutes by car,Very close,No,,1-2 days a week,Not applicable (the child has no child),Yes,$800-999,2-3 days a month,Always,1-2 days a week,Female,2014,"Single, never married",No child,,,Less than primary education,Student,Living together in the same house,Very close,Yes,$200-399,1-2 days a week,Not applicable (the child has no child),No,,1-2 days a week,Always,Almost everyday,Male,2000,"Single, never married",No child,,,University-level degree,Student,Living together in the same house,Very close,Yes,$400-599,1-2 days a week,Not applicable (the child has no child),Yes,$600-799,1-2 days a week,Always,3-4 days a week,,,,,,,,,,,,,,,,,,,,Male,Aug,1962,62,Singapore,,Chinese,,Currently married,Polytechnic diploma,"Retired (record previous occupation), please specifiy:",self employed,,,,"$10,000 and above","$3,000 - $3,999","HDB 5-room, 3 gen flats, and executive flats (e.g., executive apartments and executive maisonette)",,Self-owned,,Buddhism,,Fair,Moderate,Completely,Yes,To invest to grow retirement savings further,,,Completely,Mostly,No,,No,No,No,No,No,Moderate,,,Moderate,Moderate,Average
23179008,2317,Sometimes,Sometimes,Often,Never,Often,Never,Often,Not Often,Not Often,Often,Often,Often,Often,Sometimes,Often,Often,Often,Often,Sometimes,Agree,Somewhat agree,Agree,Strongly agree,Strongly agree,All of the time,All of the time,All of the time,All of the time,All of the time,1,0,Male,1993,Married,3 and more children,At least one girl and one boy,2 or more children below age 6,ITE diploma,Full-time employee (30 hours a week or more),Living together in the same house,Close,No,,Almost everyday,Almost everyday,Yes,"$1,000 and above",Once every few months,Always,Almost everyday,,,,,,,,,,,,,,,No,,,,,,,,,,,,,,,,,,,,,,,,,,,,,,,,,,,,,,,,,,,,,,,,,,,,,,,,,,,,,,Female,Oct,1956,68,Singapore,,Malay,,Widowed,Secondary (‘O’ / ‘N’ level),"Retired (record previous occupation), please specifiy:",Draughtsperson,,,,"$3,000 - $3,999","$6,000 - $6,999","HDB 5-room, 3 gen flats, and executive flats (e.g., executive apartments and executive maisonette)",,Self-owned,,Islam,,Very good,None,Mostly,Yes,To finance daily living expenses and leisure or travel activities,,,Completely,Somewhat,No,,No,No,No,No,No,Very good,,,Very good,Very good,Very high
23179009,2317,Sometimes,Sometimes,Sometimes,Sometimes,Never,Sometimes,Sometimes,Never,Never,Sometimes,Often,Often,Often,Sometimes,Often,Often,Not Often,Often,Sometimes,Somewhat disagree,Somewhat agree,Agree,Agree,No Response,More than half of the time,All of the time,Most of the time,Most of the time,All of the time,1,4,Female,1983,Married,3 and more children,At least one girl and one boy,No child below age 6,Polytechnic diploma,Full-time employee (30 hours a week or more),Within 20 minutes by car,Close,No,,Never,Never,Yes,$200-399,Never,Never,Almost everyday,Female,1986,Married,3 and more children,All boy,No child below age 6,University-level degree,Full-time employee (30 hours a week or more),Between 20 and 40 minutes by car,Close,No,,Never,Never,Yes,$200-399,Never,Never,Almost everyday,Female,1988,Married,3 and more children,At least one girl and one boy,1 child below age 6,Polytechnic diploma,Full-time employee (30 hours a week or more),Within 20 minutes by car,Close,No,,Never,Never,Yes,$200-399,Never,Never,Almost everyday,Female,1989,Married,3 and more children,All girl,No child below age 6,Polytechnic diploma,Full-time employee (30 hours a week or more),Within 20 minutes by car,Close,No,,Never,Never,Yes,$200-399,Never,Never,Almost everyday,Male,1995,"Single, never married",No child,,,Polytechnic diploma,Full-time employee (30 hours a week or more),Living together in the same house,Close,No,,Almost everyday,Never,Yes,$200-399,Never,Never,Almost everyday,Female,Jan,1961,63,Singapore,,Malay,,Currently married,Post-secondary (non-tertiary): General & Vocational (‘A’ level),"Retired (record previous occupation), please specifiy:",Accountant,,,,"Below $1,000","Below $1,000",HDB 4-room flats,,Co-owned by self and spouse,,Islam,,Good,None,Completely,No,,,No need for it,Completely,Somewhat,No,,No,No,No,No,No,Very good,,,Very good,Very good,Very high
23179010,2317,Sometimes,Sometimes,Sometimes,Sometimes,Sometimes,Sometimes,Sometimes,Not Often,Sometimes,Not Often,Not Often,Sometimes,Sometimes,Sometimes,Sometimes,Often,Often,Sometimes,Often,Agree,Strongly agree,Strongly agree,Strongly agree,Somewhat disagree,All of the time,All of the time,All of the time,Most of the time,Most of the time,1,0,Male,1995,"Single, never married",No child,,,University-level degree,Full-time employee (30 hours a week or more),Living together in the same house,Very close,No,,3-4 days a week,Not applicable (the child has no child),Yes,$800-999,Never,Never,Almost everyday,,,,,,,,,,,,,,,,,,,,,,,,,,,,,,,,,,,,,,,,,,,,,,,,,,,,,,,,,,,,,,,,,,,,,,,,,,,,,Male,May,1960,64,Singapore,,Malay,,Currently married,Polytechnic diploma,Full-time employee (30 hours a week or more),,,,,"$3,000 - $3,999","$6,000 - $6,999",HDB 4-room flats,,Co-owned by self and spouse,,Islam,,Good,Severe,Mostly,Yes,To finance daily living expenses and leisure or travel activities,,,Almost completely,Mostly,No,,No,No,No,No,No,Very good,,,Very good,Very good,Very high
23189003,2318,Sometimes,Not Often,Not Often,Not Often,Not Often,Not Often,Sometimes,Sometimes,Sometimes,Sometimes,Sometimes,Often,Often,Sometimes,Sometimes,Sometimes,Sometimes,Sometimes,Sometimes,Somewhat agree,Somewhat agree,Agree,Agree,Agree,All of the time,All of the time,Most of the time,Most of the time,Most of the time,1,0,Male,1993,"Single, never married",No child,,,University-level degree,Full-time employee (30 hours a week or more),Living together in the same house,Close,No,,Once a month,Not applicable (the child has no child),Yes,$400-599,Once a month,Sometimes,Almost everyday,,,,,,,,,,,,,,,,,,,,,,,,,,,,,,,,,,,,,,,,,,,,,,,,,,,,,,,,,,,,,,,,,,,,,,,,,,,,,Male,Jun,1963,61,Singapore,,Malay,,Widowed,Primary,"Retired (record previous occupation), please specifiy:",taxi driver,,,,Respondent refused to answer,Respondent refused to answer,HDB 3-room flats,,Self-owned,,Islam,,Fair,Moderate,Moderately,Yes,To finance daily living expenses and leisure or travel activities,,,Mostly,Mostly,No,,No,No,No,No,No,Good,,,Good,Good,High
23199010,2319,Sometimes,Never,Often,Not Often,Often,Often,Often,Sometimes,Sometimes,Often,Often,Often,Often,Often,Often,Often,Often,Often,Often,Strongly agree,Strongly agree,Strongly agree,Strongly agree,Strongly agree,All of the time,All of the time,All of the time,All of the time,All of the time,4,1,Male,1974,Married,3 and more children,All boy,No child below age 6,Secondary school,Full-time employee (30 hours a week or more),Between 20 and 40 minutes by car,Close,No,,Never,Never,Yes,Less than $200,Never,Never,2-3 days a month,Male,1979,Married,2 children,At least one girl and one boy,No child below age 6,ITE diploma,Full-time employee (30 hours a week or more),Between 20 and 40 minutes by car,Close,No,,Never,Never,Yes,Less than $200,Never,Never,2-3 days a month,Male,1986,Married,1 child,All girl,No child below age 6,ITE diploma,Full-time employee (30 hours a week or more),Within 20 minutes by car,Close,No,,Never,Never,Yes,Less than $200,Never,Never,2-3 days a month,Female,1989,Married,3 and more children,At least one girl and one boy,1 child below age 6,ITE diploma,Full-time employee (30 hours a week or more),Between 20 and 40 minutes by car,Close,No,,Never,Never,Yes,Less than $200,Never,Never,2-3 days a month,Male,1993,Married,3 and more children,All girl,2 or more children below age 6,ITE diploma,Full-time employee (30 hours a week or more),Within 20 minutes by walk,Close,No,,Never,Never,Yes,Less than $200,Never,Never,2-3 days a month,Female,Dec,1955,69,Singapore,,Malay,,Widowed,No formal schooling / pre-primary,"Retired (record previous occupation), please specifiy:",hawker cook,,,,"Below $1,000","Below $1,000",HDB 1- and 2-Room Flats,,Rented part of other’s housing or subleased housing,,Islam,,Very good,None,Moderately,Yes,To finance daily living expenses and leisure or travel activities,,,Completely,Completely,"Yes, please indicate:",younger sister,No,No,No,No,No,Moderate,,,Moderate,Good,Average
23199011,2319,Sometimes,Sometimes,Often,Not Often,Often,Often,Often,Often,Often,Often,Often,Often,Often,Often,Often,Often,Often,Often,Often,Strongly agree,Strongly agree,Strongly agree,Strongly agree,Strongly agree,All of the time,All of the time,All of the time,All of the time,All of the time,2,2,Male,1979,Married,1 child,All boy,No child below age 6,Secondary school,Full-time employee (30 hours a week or more),Between 20 and 40 minutes by car,Close,No,,Never,Never,Yes,Less than $200,Never,Sometimes,1-2 days a week,Female,1982,Married,3 and more children,At least one girl and one boy,2 or more children below age 6,ITE diploma,Full-time employee (30 hours a week or more),Between 20 and 40 minutes by car,Close,No,,Never,Never,Yes,Less than $200,Never,Sometimes,1-2 days a week,Male,1989,"Single, never married",No child,,,Polytechnic diploma,Full-time employee (30 hours a week or more),Living together in the same house,Close,No,,Almost everyday,Not applicable (the child has no child),Yes,Less than $200,1-2 days a week,Always,1-2 days a week,Female,1996,Married,3 and more children,At least one girl and one boy,2 or more children below age 6,Secondary school,Full-time employee (30 hours a week or more),Between 20 and 40 minutes by car,Close,No,,Never,Never,Yes,Less than $200,Never,Never,1-2 days a week,,,,,,,,,,,,,,,,,,,,Female,Dec,1957,67,Singapore,,Malay,,Widowed,No formal schooling / pre-primary,"Retired (record previous occupation), please specifiy:",hawker cook,,,,"$1,000 - $1,999","$4,000 - $4,999",HDB 1- and 2-Room Flats,,Rented entire housing unit,,Islam,,Fair,Moderate,Moderately,Yes,To finance daily living expenses and leisure or travel activities,,,Completely,Completely,"Yes, please indicate:",older sister,No,No,Yes,No,No,Good,,,Good,Good,High
23199012,2319,Never,Never,Sometimes,Often,Often,Never,Often,Often,Often,Often,Often,Often,Often,Often,Sometimes,Sometimes,Sometimes,Often,Often,Somewhat agree,Agree,Agree,Agree,Disagree,Some of the time,Some of the time,Some of the time,Most of the time,Most of the time,1,1,Male,1989,Married,3 and more children,All girl,2 or more children below age 6,ITE diploma,Part-time employee,Between 20 and 40 minutes by car,Very close,No,,Never,Never,Yes,Less than $200,Never,Sometimes,2-3 days a month,Female,1997,"Single, never married",No child,,,Secondary school,Full-time employee (30 hours a week or more),Living together in the same house,Very close,No,,Almost everyday,Not applicable (the child has no child),Yes,Less than $200,3-4 days a week,Sometimes,Almost everyday,,,,,,,,,,,,,,,,,,,,,,,,,,,,,,,,,,,,,,,,,,,,,,,,,,,,,,,,,,Female,Oct,1964,60,Singapore,,Malay,,Currently married,Primary,Part-time employee,,,,,"$1,000 - $1,999",Respondent refused to answer,HDB 1- and 2-Room Flats,,Rented entire housing unit,,Islam,,Good,Mild,Mostly,No,,,"unable to withdraw as basic retirement sum was not met, only able to withdraw at 65 years old ",Completely,Completely,No,,No,No,No,No,No,Very good,,,Very good,Very good,Very high
23199013,2319,Never,Sometimes,Often,Sometimes,Often,Never,Often,Never,Never,Often,Often,Often,Often,Sometimes,Sometimes,Sometimes,Often,Sometimes,Often,Agree,Somewhat agree,Agree,Strongly agree,Agree,Most of the time,Most of the time,Most of the time,Most of the time,Most of the time,0,2,Female,1990,Married,No child,,,University-level degree,Full-time employee (30 hours a week or more),Staying in the same or next block,Close,No,,Never,Not applicable (the child has no child),Yes,$200-399,Never,Never,3-4 days a week,Female,1993,"Single, never married",No child,,,University-level degree,Full-time employee (30 hours a week or more),Living together in the same house,Close,No,,Never,Not applicable (the child has no child),Yes,$200-399,Never,Never,3-4 days a week,,,,,,,,,,,,,,,,,,,,,,,,,,,,,,,,,,,,,,,,,,,,,,,,,,,,,,,,,,Male,Sep,1951,73,Singapore,,Chinese,,Currently married,Polytechnic diploma,"Retired (record previous occupation), please specifiy:",telecommunications,,,,"Below $1,000","$4,000 - $4,999",HDB 4-room flats,,Co-owned by self and spouse,,Buddhism,,Good,None,Mostly,Yes,To finance daily living expenses and leisure or travel activities,,,Somewhat,Somewhat,No,,No,No,No,No,No,Very good,,,Very good,Very good,Very high
23199014,2319,Never,Never,Often,Never,Often,Sometimes,Often,Sometimes,Never,Often,Often,Often,Often,Often,Often,Sometimes,Often,Often,Often,Agree,Strongly agree,Strongly agree,Strongly agree,Strongly disagree,All of the time,All of the time,All of the time,All of the time,At no time,2,0,Male,1973,Married,2 children,At least one girl and one boy,2 or more children below age 6,University-level degree,Full-time employee (30 hours a week or more),Between 20 and 40 minutes by car,Very close,No,,Never,Never,Yes,"$1,000 and above",Once every few months,Never,Once a month,Male,1981,Married,No child,,,University-level degree,Full-time employee (30 hours a week or more),Between 20 and 40 minutes by car,Very close,No,,Never,Not applicable (the child has no child),Yes,$600-799,Once every few months,Never,Never,,,,,,,,,,,,,,,,,,,,,,,,,,,,,,,,,,,,,,,,,,,,,,,,,,,,,,,,,,Male,Jul,1943,81,Singapore,,Chinese,,Currently married,Primary,"Retired (record previous occupation), please specifiy:",fitter,,,,"$2,000 - $2,999","$2,000 - $2,999",HDB 3-room flats,,Co-owned by self and spouse,,Buddhism,,Good,None,Completely,Yes,To finance daily living expenses and leisure or travel activities,,,Completely,Completely,No,,No,No,No,No,No,Moderate,,,Good,Very good,Average
23219006,2321,Not Often,Not Often,Sometimes,Never,Sometimes,Not Often,Sometimes,Sometimes,Not Often,Sometimes,Sometimes,Sometimes,Sometimes,Sometimes,Not Often,Not Often,Sometimes,Sometimes,Sometimes,Agree,Agree,Agree,Agree,Somewhat disagree,More than half of the time,Less than half of the time,Less than half of the time,Most of the time,Most of the time,0,2,Female,1998,"Single, never married",No child,,,Polytechnic diploma,Full-time employee (30 hours a week or more),Living together in the same house,Close,No,,3-4 days a week,Not applicable (the child has no child),Yes,$600-799,3-4 days a week,Rarely,Almost everyday,Female,1999,Married,No child,,,Polytechnic diploma,Full-time employee (30 hours a week or more),Staying in the same housing estate,Close,No,,Never,Not applicable (the child has no child),Yes,$200-399,Never,Rarely,1-2 days a week,,,,,,,,,,,,,,,,,,,,,,,,,,,,,,,,,,,,,,,,,,,,,,,,,,,,,,,,,,Male,Apr,1964,60,Singapore,,Malay,,Currently married,Primary,Part-time employee,,,,,"Below $1,000","$3,000 - $3,999",HDB 4-room flats,,Co-owned by self and spouse,,Islam,,Fair,None,Mostly,No,,,Not necessary,Completely,Completely,No,,No,No,No,No,No,Good,,,Good,Very good,High
23219007,2321,Sometimes,Sometimes,Sometimes,Not Often,Sometimes,Not Often,Sometimes,Sometimes,Sometimes,Sometimes,Often,Sometimes,Sometimes,Sometimes,Sometimes,Sometimes,Sometimes,Sometimes,Sometimes,Agree,Agree,Agree,Agree,Disagree,Some of the time,Most of the time,Some of the time,Some of the time,Some of the time,2,1,Female,1989,"Single, never married",No child,,,Polytechnic diploma,Full-time employee (30 hours a week or more),Living together in the same house,Fair,No,,1-2 days a week,Not applicable (the child has no child),Yes,$200-399,1-2 days a week,Sometimes,1-2 days a week,Male,1990,"Single, never married",No child,,,Polytechnic diploma,Full-time employee (30 hours a week or more),Living together in the same house,Fair,No,,1-2 days a week,Not applicable (the child has no child),Yes,$200-399,1-2 days a week,Often,3-4 days a week,Female,2000,"Single, never married",No child,,,University-level degree,Student,Living together in the same house,Close,Yes,Less than $200,1-2 days a week,Not applicable (the child has no child),No,,1-2 days a week,Often,Almost everyday,,,,,,,,,,,,,,,,,,,,,,,,,,,,,,,,,,,,,,,Male,Apr,1959,65,Singapore,,Malay,,Currently married,Secondary (‘O’ / ‘N’ level),Full-time employee (30 hours a week or more),,,,,"$2,000 - $2,999","$3,000 - $3,999",HDB 4-room flats,,Self-owned,,Islam,,Fair,Moderate,Moderately,Yes,To pay off outstanding housing loans or to invest in new property,,,Mostly,Mostly,"Yes, please indicate:",Wife,No,No,No,No,No,Good,,,Good,Very good,Very high
23219008,2321,Not Often,Sometimes,Not Often,Not Often,Sometimes,Not Often,Sometimes,Not Often,Sometimes,Sometimes,Sometimes,Sometimes,Sometimes,Often,Sometimes,Not Often,Sometimes,Sometimes,Sometimes,Neither agree nor disagree,Agree,Agree,Neither agree nor disagree,Disagree,Some of the time,Most of the time,Some of the time,Some of the time,Most of the time,2,1,Male,1989,"Single, never married",No child,,,Polytechnic diploma,Full-time employee (30 hours a week or more),Living together in the same house,Fair,No,,Almost everyday,Not applicable (the child has no child),Yes,$200-399,1-2 days a week,Sometimes,1-2 days a week,Male,1990,"Single, never married",No child,,,Polytechnic diploma,Full-time employee (30 hours a week or more),Living together in the same house,Fair,No,,Almost everyday,Not applicable (the child has no child),Yes,$200-399,3-4 days a week,Often,Almost everyday,Female,2000,"Single, never married",No child,,,University-level degree,Student,Living together in the same house,Close,No,,Almost everyday,Not applicable (the child has no child),No,,3-4 days a week,Often,Almost everyday,,,,,,,,,,,,,,,,,,,,,,,,,,,,,,,,,,,,,,,Female,May,1964,60,Singapore,,Malay,,Currently married,Secondary (‘O’ / ‘N’ level),Homemaker/housewife,,,,,"Below $1,000","$3,000 - $3,999",HDB 4-room flats,,Owned by spouse,,Islam,,Good,Mild,Moderately,No,,,(does not want to provide reason),Mostly,Mostly,"Yes, please indicate:",Husband,No,No,No,No,No,Good,,,Very good,Good,High
23219009,2321,Not Often,Often,Not Often,Sometimes,Sometimes,Sometimes,Not Often,Sometimes,Not Often,Not Often,Sometimes,Not Often,Not Often,Sometimes,Not Often,Not Often,Not Often,Sometimes,Often,Disagree,Agree,Agree,Disagree,Somewhat disagree,Some of the time,Less than half of the time,Most of the time,Some of the time,Less than half of the time,0,3,Female,1987,Married,2 children,At least one girl and one boy,No child below age 6,University-level degree,Full-time employee (30 hours a week or more),Within 20 minutes by car,Close,No,,2-3 days a month,1-2 days a week,Yes,"$1,000 and above",3-4 days a week,Rarely,1-2 days a week,Female,1988,"Single, never married",No child,,,University-level degree,Full-time employee (30 hours a week or more),Living together in the same house,Close,No,,Almost everyday,Not applicable (the child has no child),Yes,"$1,000 and above",3-4 days a week,Sometimes,3-4 days a week,Female,1990,Married,No child,,,University-level degree,Full-time employee (30 hours a week or more),Living together in the same house,Close,No,,Almost everyday,Not applicable (the child has no child),Yes,$800-999,3-4 days a week,Sometimes,3-4 days a week,,,,,,,,,,,,,,,,,,,,,,,,,,,,,,,,,,,,,,,Female,Dec,1964,60,Singapore,,Chinese,,Currently married,Polytechnic diploma,Homemaker/housewife,,,,,"Below $1,000","$7,000 - $7,999",Condominiums (including executive condo) and other apartments,,Self-owned,,Christianity,,Fair,None,Completely,No,,,"She cannot withdraw, all goes to her retirement account. ",A little,Somewhat,"Yes, please indicate:",Daughter,No,No,No,No,No,Very good,,,Very good,Very good,Very high
23219010,2321,Sometimes,Sometimes,Not Often,Sometimes,Sometimes,Not Often,Sometimes,Sometimes,Not Often,Not Often,Sometimes,Not Often,Not Often,Often,Not Often,Not Often,Sometimes,Sometimes,Sometimes,Disagree,Somewhat agree,Somewhat agree,Neither agree nor disagree,Somewhat disagree,Less than half of the time,Less than half of the time,Most of the time,Some of the time,Less than half of the time,0,3,Female,1987,Married,2 children,At least one girl and one boy,No child below age 6,University-level degree,Full-time employee (30 hours a week or more),Within 20 minutes by car,Not very close,No,,2-3 days a month,1-2 days a week,Yes,"$1,000 and above",2-3 days a month,Rarely,1-2 days a week,Female,1988,"Single, never married",No child,,,University-level degree,Full-time employee (30 hours a week or more),Living together in the same house,Not very close,No,,1-2 days a week,Not applicable (the child has no child),Yes,"$1,000 and above",1-2 days a week,Rarely,1-2 days a week,Female,1990,Married,No child,,,University-level degree,Full-time employee (30 hours a week or more),Living together in the same house,Not very close,No,,1-2 days a week,Not applicable (the child has no child),Yes,$800-999,1-2 days a week,Rarely,1-2 days a week,,,,,,,,,,,,,,,,,,,,,,,,,,,,,,,,,,,,,,,Male,Apr,1964,60,Singapore,,Chinese,,Currently married,Bachelor’s or equivalent,Self-employed,,,,,"$3,000 - $3,999","$7,000 - $7,999",Condominiums (including executive condo) and other apartments,,Owned by spouse,,Christianity,,Good,None,Completely,No,,,Not needed,Mostly,Somewhat,"Yes, please indicate:",Wife,No,No,No,No,No,Good,,,Moderate,Good,Average
23179011,2317,Not Often,Not Often,Not Often,Not Often,Often,Never,Often,Sometimes,Not Often,Often,Often,Often,Often,Often,Often,Sometimes,Often,Often,Often,Agree,Agree,Strongly agree,Strongly agree,Agree,Most of the time,Most of the time,Most of the time,Most of the time,Most of the time,1,1,Female,1986,Married,2 children,At least one girl and one boy,2 or more children below age 6,University-level degree,Full-time employee (30 hours a week or more),Within 20 minutes by car,Very close,No,,Never,Once a month,Yes,$400-599,Once every few months,Rarely,3-4 days a week,Male,1989,"Single, never married",No child,,,University-level degree,Full-time employee (30 hours a week or more),Living together in the same house,Very close,No,,Almost everyday,Not applicable (the child has no child),Yes,"$1,000 and above",Almost everyday,Rarely,Almost everyday,,,,,,,,,,,,,,,,,,,,,,,,,,,,,,,,,,,,,,,,,,,,,,,,,,,,,,,,,,Female,Oct,1959,65,Singapore,,Chinese,,Divorced,Post-secondary (non-tertiary): General & Vocational (‘A’ level),Part-time employee,,,,,"$1,000 - $1,999","$9,000 - $9,999",HDB 4-room flats,,Self-owned,,No religion,,Fair,None,Mostly,Yes,To finance daily living expenses and leisure or travel activities,,,Completely,Almost completely,No,,No,No,No,No,No,Very good,,,Very good,Very good,Very high
23179012,2317,Sometimes,Not Often,Sometimes,Not Often,Often,Sometimes,Sometimes,Not Often,Not Often,Sometimes,Sometimes,Not Often,Sometimes,Often,Sometimes,Sometimes,Sometimes,Sometimes,Often,Agree,Somewhat agree,Agree,Somewhat agree,Agree,Most of the time,More than half of the time,Most of the time,Most of the time,More than half of the time,1,1,Male,1991,Married,No child,,,University-level degree,Full-time employee (30 hours a week or more),Within 20 minutes by car,Very close,No,,Never,Not applicable (the child has no child),Yes,$400-599,Never,Sometimes,3-4 days a week,Female,1994,"Single, never married",No child,,,University-level degree,Full-time employee (30 hours a week or more),Living together in the same house,Very close,No,,Never,Not applicable (the child has no child),Yes,$400-599,Never,Sometimes,3-4 days a week,,,,,,,,,,,,,,,,,,,,,,,,,,,,,,,,,,,,,,,,,,,,,,,,,,,,,,,,,,Male,Jun,1957,67,Singapore,,Chinese,,Currently married,Post-secondary (non-tertiary): General & Vocational (‘A’ level),Self-employed,,,,,"$6,000 - $6,999","$10,000 and above","HDB 5-room, 3 gen flats, and executive flats (e.g., executive apartments and executive maisonette)",,Co-owned by self and spouse,,Buddhism,,Fair,Mild,Mostly,No,,,dont have,Almost completely,Mostly,No,,No,No,No,No,No,Very good,,,Very good,Very good,Very high
23199015,2319,Sometimes,Not Often,Often,Never,Often,Never,Often,Never,Never,Often,Sometimes,Often,Often,Often,Not Often,Never,Sometimes,Sometimes,Often,Somewhat agree,Somewhat agree,Agree,Neither agree nor disagree,Disagree,More than half of the time,All of the time,More than half of the time,More than half of the time,All of the time,3,0,Male,1966,Married,1 child,All girl,No child below age 6,Less than primary education,Full-time employee (30 hours a week or more),Staying in a different country,Fair,No,,Never,Never,No,,Never,Never,Once every few months,Male,1967,Married,1 child,All boy,No child below age 6,Less than primary education,Full-time employee (30 hours a week or more),Between 20 and 40 minutes by car,Fair,No,,Never,Never,No,,Never,Never,Once every few months,Male,1968,Divorced or Separated,No child,,,Less than primary education,Self-employed,Living together in the same house,Close,No,,Almost everyday,Not applicable (the child has no child),Yes,$800-999,Never,Never,Almost everyday,,,,,,,,,,,,,,,,,,,,,,,,,,,,,,,,,,,,,,,Female,Aug,1946,78,Singapore,,Chinese,,Widowed,Primary,"Retired (record previous occupation), please specifiy:",office cleaner,,,,"Below $1,000","$1,000 - $1,999",HDB 3-room flats,,Co-owned by self and a child,,Christianity,,Fair,Mild,Mostly,Yes,To finance daily living expenses and leisure or travel activities,,,Almost completely,Almost completely,No,,No,No,No,No,No,Good,,,Good,Very good,High
23199016,2319,Never,No Response,Not Often,No Response,Often,Never,Often,Often,Never,Often,Often,Often,Often,Often,Never,Never,Often,No Response,Often,No Response,Strongly agree,Strongly agree,No Response,Somewhat disagree,All of the time,All of the time,All of the time,Most of the time,More than half of the time,1,3,Male,1975,Married,No child,,,Less than primary education,Other,More than 40 minutes by car,Not close at all,No,,Never,Never,No,,Never,Never,Never,Female,respondent lost contact with all his children after divorce and only remembers the birth year of his first child,Married,No child,,,Secondary school,Other,More than 40 minutes by car,Not close at all,No,,Never,Never,No,,Never,Never,Never,Female,respondent lost contact with all his children after divorce and only remembers the birth year of his first child,Married,No child,,,GCE A-level or NUS high school diploma,Other,More than 40 minutes by car,Not close at all,No,,Never,Never,No,,Never,Never,Never,Female,respondent lost contact with all his children after divorce and only remembers the birth year of his first child,Widowed,No child,,,University-level degree,Full-time employee (30 hours a week or more),More than 40 minutes by car,Not close at all,No,,Never,Never,No,,Never,Never,Never,,,,,,,,,,,,,,,,,,,,Male,Jun,1950,74,Singapore,,Chinese,,Divorced,Secondary (‘O’ / ‘N’ level),"Retired (record previous occupation), please specifiy:",taxi driver,,,,"Below $1,000","Below $1,000",HDB 1- and 2-Room Flats,,Rented part of other’s housing or subleased housing,,No religion,,Fair,Mild,Completely,No,,,no more money in cpf,Not at all,Completely,No,,No,No,No,No,No,"Bad, please specify reason:",,he couldn't understand the questions,Moderate,Good,Very low
23199017,2319,Never,Never,Often,Never,Often,Never,Often,Never,Never,Often,Often,Often,Often,Often,Often,Never,Often,Not Often,Often,Agree,Strongly agree,Strongly agree,Strongly agree,Agree,All of the time,All of the time,All of the time,All of the time,All of the time,3,2,Female,1966,"Single, never married",No child,,,Secondary school,Full-time employee (30 hours a week or more),Within 20 minutes by car,Close,No,,Never,Not applicable (the child has no child),Yes,$200-399,Never,Often,1-2 days a week,Male,1968,Married,3 and more children,At least one girl and one boy,No child below age 6,University-level degree,Full-time employee (30 hours a week or more),Between 20 and 40 minutes by car,Close,No,,Never,Not applicable (the child has no child),Yes,$200-399,Never,Often,1-2 days a week,Male,1968,Divorced or Separated,No child,,,University-level degree,Full-time employee (30 hours a week or more),Living together in the same house,Close,No,,Never,Not applicable (the child has no child),Yes,$200-399,Almost everyday,Always,Almost everyday,Male,1970,Married,1 child,All boy,No child below age 6,Polytechnic diploma,Full-time employee (30 hours a week or more),Between 20 and 40 minutes by car,Close,No,,Never,Never,Yes,$200-399,Never,Often,1-2 days a week,Female,1972,"Single, never married",No child,,,University-level degree,Full-time employee (30 hours a week or more),Living together in the same house,Close,No,,Never,Not applicable (the child has no child),Yes,$200-399,Never,Often,Almost everyday,Female,Jul,1941,83,Singapore,,Chinese,,Currently married,Primary,"Retired (record previous occupation), please specifiy:",factory worker,,,,"$1,000 - $1,999",Respondent refused to answer,HDB 4-room flats,,Self-owned,,No religion,,Fair,None,Completely,Yes,To finance daily living expenses and leisure or travel activities,,,Completely,Completely,No,,No,No,No,No,No,Good,,,Good,Very good,High
23199018,2319,Sometimes,Sometimes,Often,Not Often,Often,Never,Often,Sometimes,Sometimes,Often,Often,Often,Often,Often,Not Often,Not Often,Sometimes,Never,Sometimes,Somewhat agree,Somewhat agree,Agree,Strongly agree,Agree,Most of the time,More than half of the time,Some of the time,All of the time,More than half of the time,3,2,Female,1966,"Single, never married",No child,,,Secondary school,Full-time employee (30 hours a week or more),Within 20 minutes by car,Fair,No,,Never,Not applicable (the child has no child),Yes,$200-399,Never,Often,1-2 days a week,Male,1968,Married,3 and more children,At least one girl and one boy,No child below age 6,University-level degree,Full-time employee (30 hours a week or more),Between 20 and 40 minutes by car,Close,No,,Never,Never,Yes,$200-399,Never,Often,1-2 days a week,Male,1968,Divorced or Separated,No child,,,University-level degree,Full-time employee (30 hours a week or more),Living together in the same house,Close,No,,Never,Not applicable (the child has no child),Yes,$200-399,Almost everyday,Always,Almost everyday,Male,1970,Married,1 child,All boy,No child below age 6,Polytechnic diploma,Full-time employee (30 hours a week or more),Between 20 and 40 minutes by car,Close,No,,Never,Never,Yes,$200-399,Never,Often,1-2 days a week,Female,1972,"Single, never married",No child,,,University-level degree,Full-time employee (30 hours a week or more),Living together in the same house,Close,No,,Never,Not applicable (the child has no child),Yes,$200-399,Never,Often,Almost everyday,Male,Nov,1939,85,Singapore,,Chinese,,Currently married,Secondary (‘O’ / ‘N’ level),"Retired (record previous occupation), please specifiy:",taxi driver,,,,"Below $1,000",Respondent refused to answer,HDB 4-room flats,,Owned by spouse,,No religion,,Good,None,None at all,Yes,To pay off outstanding housing loans or to invest in new property,,,Completely,Completely,"Yes, please indicate:",wife,Yes,Yes,Yes,No,No,"Bad, please specify reason:",,had a stroke,Very bad,Moderate,Very low
23139045,2313,Often,Sometimes,Sometimes,Not Often,Sometimes,Never,Sometimes,Never,Often,Not Often,Often,Sometimes,Not Often,Sometimes,Not Often,Sometimes,Sometimes,Not Often,Sometimes,Neither agree nor disagree,Strongly agree,Strongly agree,Neither agree nor disagree,Somewhat agree,Some of the time,Some of the time,At no time,More than half of the time,More than half of the time,2,0,Male,1979,Married,1 child,All girl,2 or more children below age 6,GCE A-level or NUS high school diploma,Self-employed,Staying in a different country,Fair,No,,Never,Never,Yes,Less than $200,Never,Never,Once every few months,Male,1980,Married,2 children,All girl,2 or more children below age 6,GCE A-level or NUS high school diploma,Self-employed,Staying in a different country,Fair,No,,Never,Never,Yes,Less than $200,Never,Never,Once every few months,,,,,,,,,,,,,,,,,,,,,,,,,,,,,,,,,,,,,,,,,,,,,,,,,,,,,,,,,,Female,Aug,1954,70,Singapore,,Chinese,,Currently married,Primary,Homemaker/housewife,,,,,"Below $1,000","Below $1,000","HDB 5-room, 3 gen flats, and executive flats (e.g., executive apartments and executive maisonette)",,Self-owned,,No religion,,Fair,None,A little,No,,,Last time no CPF. ,Somewhat,Mostly,No,,No,No,No,No,No,Good,,,Good,Good,High
23139046,2313,Not Often,Not Often,Often,Not Often,Often,Not Often,Often,Never,Never,Sometimes,Often,Often,Often,Often,Often,Often,Often,Often,Often,Somewhat agree,Neither agree nor disagree,No Response,Agree,Agree,Most of the time,All of the time,All of the time,All of the time,All of the time,1,1,Female,1979,Married,2 children,All girl,No child below age 6,University-level degree,Full-time employee (30 hours a week or more),Staying in the same housing estate,Close,No,,Never,Never,Yes,$800-999,Never,Sometimes,Once every few months,Male,1987,"Single, never married",No child,,,University-level degree,Full-time employee (30 hours a week or more),Living together in the same house,Very close,No,,Never,Not applicable (the child has no child),Yes,$800-999,1-2 days a week,Sometimes,3-4 days a week,Female,,,,,,,,,,,,,,,,,,,,,,,,,,,,,,,,,,,,,,,,,,,,,,,,,,,,,,,,,Female,Feb,1955,69,People’s Republic of China,,Chinese,,Divorced,Primary,Homemaker/housewife,,,,,"Below $1,000","Below $1,000",HDB 3-room flats,,Co-owned by self and a child,,No religion,,Fair,None,Mostly,Yes,To invest to grow retirement savings further,,,Completely,Somewhat,No,,No,No,No,No,No,Good,,,Good,Good,High
23139048,2313,Not Often,Sometimes,Often,Sometimes,Often,Not Often,Often,Sometimes,Sometimes,Often,Often,Often,Often,Not Often,Often,Sometimes,Often,Often,Often,Strongly agree,Strongly agree,Strongly agree,Agree,Somewhat agree,Most of the time,Most of the time,Most of the time,Most of the time,Most of the time,3,0,Male,1967,Married,1 child,All boy,No child below age 6,Less than primary education,Full-time employee (30 hours a week or more),Staying in a different country,Not very close,No,,Never,Not applicable (the child has no child),No,,Never,Never,Never,Male,1968,Divorced or Separated,1 child,All boy,No child below age 6,Secondary school,Full-time employee (30 hours a week or more),Living together in the same house,Very close,Yes,$400-599,Never,Never,Yes,$400-599,Never,Never,Never,Male,1985,Married,No child,,,PSLE certificate,Full-time employee (30 hours a week or more),Living together in the same house,Close,Yes,$600-799,Never,Not applicable (the child has no child),Yes,$400-599,Never,Never,Never,,,,,,,,,,,,,,,,,,,,,,,,,,,,,,,,,,,,,,,Female,Feb,1947,77,Singapore,,Chinese,,Widowed,Primary,"Retired (record previous occupation), please specifiy:",-,,,,"Below $1,000","Below $1,000",HDB 3-room flats,,Self-owned,,Christianity,,Fair,None,Moderately,No,,,No CPF given,Mostly,Mostly,No,,No,No,No,No,No,Good,,,Good,Good,High
23139049,2313,Often,No Response,Often,Not Often,Often,Never,Often,Not Often,Sometimes,Often,Often,Often,Often,Never,Often,No Response,Often,Often,Often,Strongly agree,Strongly agree,Strongly agree,Strongly agree,Strongly agree,Most of the time,Most of the time,Most of the time,Most of the time,Most of the time,0,2,Female,1970,Married,2 children,All boy,No child below age 6,University-level degree,Full-time employee (30 hours a week or more),Staying in a different country,Not close at all,No,,Never,Never,No,,Never,Never,Never,Female,1971,Married,No child,,,University-level degree,Full-time employee (30 hours a week or more),Staying in a different country,Not close at all,No,,Never,Not applicable (the child has no child),No,,Never,Never,Never,,,,,,,,,,,,,,,,,,,,,,,,,,,,,,,,,,,,,,,,,,,,,,,,,,,,,,,,,,Female,May,1940,84,Singapore,,Chinese,,Widowed,Secondary (‘O’ / ‘N’ level),"Retired (record previous occupation), please specifiy:",-,,,,"Below $1,000","Below $1,000",HDB 1- and 2-Room Flats,,Rented entire housing unit,,Buddhism,,Good,None,A little,No,,,No CPF at all (was not required in those days),Not at all,Mostly,No,,No,No,No,No,No,Good,,,Good,Good,High
23139051,2313,Sometimes,Not Often,Sometimes,Sometimes,Not Often,Sometimes,Often,Sometimes,Not Often,Not Often,Often,Often,Often,Not Often,Sometimes,Not Often,Sometimes,Not Often,Sometimes,Somewhat disagree,Somewhat disagree,Agree,Somewhat disagree,Agree,Some of the time,Less than half of the time,Less than half of the time,More than half of the time,Less than half of the time,1,1,Female,1973,Married,1 child,All girl,No child below age 6,University-level degree,Staying at home as a housewife or househusband,Between 20 and 40 minutes by car,Close,No,,1-2 days a week,Never,Yes,$200-399,2-3 days a month,Rarely,1-2 days a week,Male,1978,"Single, never married",No child,,,Polytechnic diploma,Full-time employee (30 hours a week or more),Between 20 and 40 minutes by car,Fair,No,,1-2 days a week,Not applicable (the child has no child),Yes,$200-399,2-3 days a month,Rarely,1-2 days a week,,,,,,,,,,,,,,,,,,,,,,,,,,,,,,,,,,,,,,,,,,,,,,,,,,,,,,,,,,Female,Mar,1947,77,Singapore,,Chinese,,Currently married,Primary,Homemaker/housewife,,,,,"Below $1,000","Below $1,000",HDB 3-room flats,,Co-owned by self and spouse,,Buddhism,,Good,Mild,Completely,No,,,Work no CPF,Almost completely,Almost completely,No,,No,No,No,No,No,Good,,,Good,Good,High
23139050,2313,Sometimes,Sometimes,Not Often,Not Often,Often,Sometimes,Often,Sometimes,Sometimes,Often,Often,Often,Often,Sometimes,Often,Not Often,Often,Often,Sometimes,Somewhat agree,Somewhat agree,Agree,Agree,Somewhat agree,Most of the time,Most of the time,Most of the time,Most of the time,Most of the time,1,2,Female,1974,Married,1 child,All boy,No child below age 6,Polytechnic diploma,Other,Between 20 and 40 minutes by car,Fair,No,,Never,Never,Yes,$200-399,Once a month,Rarely,Once a month,Female,1976,Married,2 children,At least one girl and one boy,No child below age 6,GCE A-level or NUS high school diploma,Other,More than 40 minutes by car,Fair,No,,Never,Never,Yes,$200-399,Once a month,Rarely,Once a month,Male,1980,Married,No child,,,Polytechnic diploma,Other,Staying in the same housing estate,Very close,No,,Never,Not applicable (the child has no child),No,,2-3 days a month,Rarely,1-2 days a week,,,,,,,,,,,,,,,,,,,,,,,,,,,,,,,,,,,,,,,Female,Nov,1950,74,Singapore,,Chinese,,Currently married,Secondary (‘O’ / ‘N’ level),Homemaker/housewife,,,,,"Below $1,000","Below $1,000","HDB 5-room, 3 gen flats, and executive flats (e.g., executive apartments and executive maisonette)",,Co-owned by self and spouse,,Taoism,,Fair,None,None at all,Yes,To finance daily living expenses and leisure or travel activities,,,Mostly,Mostly,No,,No,No,No,No,No,Good,,,Good,Good,High
23179013,2317,Sometimes,Sometimes,Sometimes,Not Often,Not Often,Sometimes,Often,Sometimes,Not Often,Often,Sometimes,Sometimes,Not Often,Often,Often,Sometimes,Often,Often,Often,Agree,Agree,Agree,Somewhat agree,Agree,All of the time,Most of the time,Most of the time,All of the time,Most of the time,1,2,Female,1969,Married,2 children,At least one girl and one boy,No child below age 6,Polytechnic diploma,Full-time employee (30 hours a week or more),Between 20 and 40 minutes by car,Very close,No,,Never,Never,Yes,$600-799,Never,Sometimes,1-2 days a week,Male,1972,Married,2 children,At least one girl and one boy,No child below age 6,University-level degree,Full-time employee (30 hours a week or more),Within 20 minutes by car,Very close,No,,Never,Never,Yes,$600-799,Never,Sometimes,1-2 days a week,Female,1976,Divorced or Separated,3 and more children,At least one girl and one boy,No child below age 6,University-level degree,Full-time employee (30 hours a week or more),Within 20 minutes by walk,Very close,No,,Never,Never,Yes,$600-799,Never,Sometimes,1-2 days a week,,,,,,,,,,,,,,,,,,,,,,,,,,,,,,,,,,,,,,,Female,Feb,1947,77,Singapore,,Chinese,,Currently married,Primary,Homemaker/housewife,,,,,Respondent refused to answer,Respondent refused to answer,HDB 4-room flats,,Co-owned by self and spouse,,No religion,,Fair,None,Completely,No,,,enough savings,Completely,Completely,No,,No,No,No,No,No,Very good,,,Very good,Very good,Very high
23179014,2317,Sometimes,Sometimes,Sometimes,Sometimes,Not Often,Not Often,Often,Not Often,Never,Often,Often,Often,Often,Often,Often,Sometimes,Often,Often,Sometimes,Agree,Agree,Agree,Agree,Agree,Most of the time,Most of the time,Most of the time,Most of the time,Most of the time,0,1,Female,1970,Married,No child,,,Secondary school,Full-time employee (30 hours a week or more),Within 20 minutes by car,Very close,No,,Never,Not applicable (the child has no child),No,,Once every few months,Often,Almost everyday,,,,,,,,,,,,,,,,,,,,,,,,,,,,,,,,,,,,,,,,,,,,,,,,,,,,,,,,,,,,,,,,,,,,,,,,,,,,,Male,Oct,1946,78,Singapore,,Chinese,,Currently married,Secondary (‘O’ / ‘N’ level),"Retired (record previous occupation), please specifiy:",Bus Driver,,,,"$2,000 - $2,999","$2,000 - $2,999",HDB 4-room flats,,Co-owned by self and spouse,,Christianity,,Fair,Mild,Mostly,Yes,To finance daily living expenses and leisure or travel activities,,,Completely,Somewhat,No,,No,No,No,No,No,Very good,,,Very good,Very good,Very high
23179015,2317,Not Often,Not Often,Often,Never,Often,Not Often,Often,Not Often,Not Often,Often,Often,Often,Often,Often,Often,Sometimes,Often,Often,Often,Agree,Agree,Agree,Agree,Somewhat agree,More than half of the time,More than half of the time,More than half of the time,Most of the time,Most of the time,0,2,Female,1975,Married,2 children,At least one girl and one boy,No child below age 6,University-level degree,Full-time employee (30 hours a week or more),Within 20 minutes by car,Very close,No,,Never,Almost everyday,Yes,"$1,000 and above",3-4 days a week,Sometimes,3-4 days a week,Female,1979,"Single, never married",No child,,,University-level degree,Full-time employee (30 hours a week or more),Within 20 minutes by car,Very close,No,,Never,Not applicable (the child has no child),Yes,$400-599,1-2 days a week,Rarely,1-2 days a week,,,,,,,,,,,,,,,,,,,,,,,,,,,,,,,,,,,,,,,,,,,,,,,,,,,,,,,,,,Female,May,1931,73,Singapore,,Chinese,,Divorced,Bachelor’s or equivalent,"Retired (record previous occupation), please specifiy:",Lab officer,,,,"Below $1,000","Below $1,000","HDB 5-room, 3 gen flats, and executive flats (e.g., executive apartments and executive maisonette)",,Self-owned,,No religion,,Fair,None,Mostly,Yes,To finance daily living expenses and leisure or travel activities,,,Completely,Mostly,No,,No,No,No,No,No,Very good,,,Very good,Very good,Very high
23139047,2313,Not Often,Not Often,Often,Never,Often,Sometimes,Often,Never,Never,Often,Often,Often,Often,Often,Often,Often,Often,Often,Often,Agree,Agree,Agree,Agree,Agree,Most of the time,Most of the time,Most of the time,Most of the time,Most of the time,2,1,Male,1974,Cohabiting with her/his partner,No child,,,Less than primary education,Unemployed,Living together in the same house,Not close at all,No,,Almost everyday,Not applicable (the child has no child),No,,Never,Never,Never,Male,1979,Married,1 child,All boy,1 child below age 6,Less than primary education,Full-time employee (30 hours a week or more),Between 20 and 40 minutes by car,Close,No,,Almost everyday,Never,No,,Never,Never,Never,Female,1976,Married,No child,,,Less than primary education,Part-time employee,Between 20 and 40 minutes by car,Close,No,,Almost everyday,Not applicable (the child has no child),No,,Never,Never,Never,,,,,,,,,,,,,,,,,,,,,,,,,,,,,,,,,,,,,,,Male,Apr,1942,82,Malaysia,,Chinese,,Currently married,Secondary (‘O’ / ‘N’ level),"Retired (record previous occupation), please specifiy:",-,,,,"Below $1,000","Below $1,000","HDB 5-room, 3 gen flats, and executive flats (e.g., executive apartments and executive maisonette)",,Self-owned,,Christianity,,Good,None,Completely,No,,,CPF converted into pension,Almost completely,Mostly,No,,No,No,No,No,No,Good,,,Good,Good,High
23139052,2313,Not Often,Not Often,Sometimes,Sometimes,Often,Sometimes,Often,Not Often,Not Often,Often,Often,Sometimes,Often,Often,Often,Often,Often,Sometimes,Often,Agree,Somewhat agree,Agree,Agree,Agree,More than half of the time,Most of the time,Most of the time,Most of the time,Most of the time,1,1,Male,1978,Married,1 child,All girl,No child below age 6,PSLE certificate,Part-time employee,More than 40 minutes by car,Fair,Yes,Less than $200,Never,2-3 days a month,No,,Almost everyday,Rarely,2-3 days a month,Female,1989,"Single, never married",No child,,,University-level degree,Full-time employee (30 hours a week or more),Living together in the same house,Close,Yes,Less than $200,1-2 days a week,Not applicable (the child has no child),Yes,Less than $200,Once every few months,Rarely,3-4 days a week,,,,,,,,,,,,,,,,,,,,,,,,,,,,,,,,,,,,,,,,,,,,,,,,,,,,,,,,,,Female,Apr,1960,64,Singapore,,Chinese,,Currently married,Secondary (‘O’ / ‘N’ level),"Retired (record previous occupation), please specifiy:",美客师,,,,"Below $1,000","Below $1,000",HDB 3-room flats,,Co-owned by self and spouse,,Buddhism,,Fair,None,Mostly,Yes,"To cover personal or family healthcare expenses (e.g., hospital bills, long-term care costs, purchase of additional private insurance)",,,Mostly,Mostly,No,,No,No,No,No,No,Good,,,Good,Good,High
23139053,2313,Not Often,Sometimes,Often,Never,Often,Never,Often,Not Often,Never,Often,Often,Often,Sometimes,Sometimes,Often,Sometimes,Often,Often,Often,Agree,Strongly agree,Strongly agree,Strongly agree,Strongly agree,Most of the time,All of the time,All of the time,All of the time,All of the time,1,0,Male,1979,Married,2 children,All boy,No child below age 6,University-level degree,Full-time employee (30 hours a week or more),Within 20 minutes by car,Very close,No,,Never,1-2 days a week,Yes,"$1,000 and above",Never,Never,1-2 days a week,,,,,,,,,,,,,,,,,,,,,,,,,,,,,,,,,,,,,,,,,,,,,,,,,,,,,,,,,,,,,,,,,,,,,,,,,,,,,Female,Oct,1952,72,Singapore,,Chinese,,Widowed,Secondary (‘O’ / ‘N’ level),"Retired (record previous occupation), please specifiy:",书记 Secretary,,,,"$4,000 - $4,999","$4,000 - $4,999",HDB 4-room flats,,Self-owned,,Buddhism,,Very good,None,Completely,No,,,Not needed,Completely,Mostly,No,,No,No,No,No,No,Good,,,Good,Good,High
23139054,2313,Never,Never,Often,Never,Often,Sometimes,Often,Sometimes,Sometimes,Often,Often,Often,Often,Often,Often,Often,Often,Often,Often,Agree,Agree,Agree,Agree,Agree,Most of the time,Most of the time,Most of the time,Most of the time,Most of the time,1,1,Female,1984,Married,2 children,At least one girl and one boy,No child below age 6,University-level degree,Part-time employee,Within 20 minutes by car,Very close,No,,Never,Never,No,,Never,Sometimes,1-2 days a week,Male,1988,Married,No child,,,University-level degree,Full-time employee (30 hours a week or more),Within 20 minutes by car,Very close,No,,Never,Not applicable (the child has no child),No,,Never,Sometimes,1-2 days a week,,,,,,,,,,,,,,,,,,,,,,,,,,,,,,,,,,,,,,,,,,,,,,,,,,,,,,,,,,Female,May,1956,68,Singapore,,Chinese,,Currently married,Professional qualification and other diploma,"Retired (record previous occupation), please specifiy:",Childcare leader,,,,"$1,000 - $1,999",Respondent refused to answer,HDB 4-room flats,,Co-owned by self and spouse,,Christianity,,Good,Moderate,Mostly,No,,,Using self savings,Completely,Almost completely,No,,No,No,No,No,No,Good,,,Good,Good,High
23139055,2313,Never,Never,Often,Never,Often,Never,Often,Not Often,Never,Often,Often,Often,Often,Often,Often,Often,Often,Often,Often,Agree,Agree,Agree,Agree,Agree,Most of the time,Most of the time,Most of the time,Most of the time,Most of the time,2,2,Male,1971,Married,2 children,At least one girl and one boy,No child below age 6,University-level degree,Full-time employee (30 hours a week or more),Between 20 and 40 minutes by car,Close,No,,Never,Never,Yes,$200-399,Never,Sometimes,3-4 days a week,Female,1972,Married,3 and more children,At least one girl and one boy,No child below age 6,GCE A-level or NUS high school diploma,Full-time employee (30 hours a week or more),Living together in the same house,Close,No,,Never,Never,Yes,$200-399,Never,Sometimes,3-4 days a week,Male,1973,Married,3 and more children,All boy,No child below age 6,University-level degree,Full-time employee (30 hours a week or more),More than 40 minutes by car,Close,No,,Never,Never,Yes,$200-399,Never,Sometimes,3-4 days a week,Female,1974,Married,3 and more children,All boy,No child below age 6,Polytechnic diploma,Full-time employee (30 hours a week or more),Within 20 minutes by car,Close,No,,Never,Never,Yes,$200-399,Never,Sometimes,3-4 days a week,,,,,,,,,,,,,,,,,,,,Male,Oct,1941,84,Singapore,,Chinese,,Widowed,No formal schooling / pre-primary,"Retired (record previous occupation), please specifiy:",-,,,,"Below $1,000","$10,000 and above",HDB 4-room flats,,Owned by a child,,Buddhism,,Fair,None,Completely,No,,,Did not have CPF.,Completely,Completely,"Yes, please indicate:",Not indicated,No,No,No,No,No,Good,,,Good,Good,High
23139056,2313,Sometimes,Sometimes,Sometimes,Not Often,Sometimes,Sometimes,Sometimes,Not Often,Not Often,Sometimes,Sometimes,Sometimes,Not Often,Not Often,Sometimes,Not Often,Sometimes,Sometimes,Sometimes,Somewhat agree,Neither agree nor disagree,Somewhat agree,Somewhat agree,Somewhat disagree,More than half of the time,More than half of the time,More than half of the time,More than half of the time,More than half of the time,3,0,Male,1982,Married,2 children,All girl,1 child below age 6,MA degree or above,Full-time employee (30 hours a week or more),Within 20 minutes by walk,Fair,No,,1-2 days a week,1-2 days a week,No,,Never,Sometimes,2-3 days a month,Male,1985,Married,No child,,,MA degree or above,Full-time employee (30 hours a week or more),Staying in the same housing estate,Fair,No,,Never,Not applicable (the child has no child),Yes,$400-599,Never,Sometimes,2-3 days a month,Male,1991,Married,1 child,All girl,No child below age 6,MA degree or above,Full-time employee (30 hours a week or more),Within 20 minutes by walk,Close,No,,Never,Never,Yes,$400-599,Never,Sometimes,2-3 days a month,,,,,,,,,,,,,,,,,,,,,,,,,,,,,,,,,,,,,,,Female,Apr,1954,70,Singapore,,Chinese,,Currently married,Primary,Part-time employee,,,,,"$1,000 - $1,999","$1,000 - $1,999",HDB 4-room flats,,Co-owned by self and spouse,,Taoism,,Fair,Mild,Moderately,Yes,To finance daily living expenses and leisure or travel activities,,,Somewhat,A little,No,,No,No,No,No,No,Good,,,Good,Good,High
23139057,2313,Sometimes,Not Often,Often,Not Often,Often,Never,Sometimes,Sometimes,Not Often,Sometimes,Often,Sometimes,Sometimes,Sometimes,Sometimes,Sometimes,Not Often,Sometimes,Sometimes,Somewhat agree,Somewhat agree,Agree,Somewhat agree,Agree,More than half of the time,Most of the time,Most of the time,More than half of the time,More than half of the time,1,1,Male,1989,"Single, never married",No child,,,Polytechnic diploma,Full-time employee (30 hours a week or more),Within 20 minutes by walk,Very close,No,,Never,Not applicable (the child has no child),No,,Never,Sometimes,2-3 days a month,Female,1993,Married,1 child,All girl,1 child below age 6,Polytechnic diploma,Full-time employee (30 hours a week or more),More than 40 minutes by car,Very close,No,,Never,Almost everyday,Yes,$400-599,Once a month,Sometimes,Almost everyday,,,,,,,,,,,,,,,,,,,,,,,,,,,,,,,,,,,,,,,,,,,,,,,,,,,,,,,,,,Female,Oct,1961,63,Singapore,,Chinese,,Currently married,Secondary (‘O’ / ‘N’ level),Part-time employee,,,,,"$1,000 - $1,999","$1,000 - $1,999",HDB 4-room flats,,Co-owned by self and spouse,,Christianity,,Fair,None,Moderately,Yes,To finance daily living expenses and leisure or travel activities,,,Mostly,Mostly,No,,No,No,No,No,No,Good,,,Moderate,Very good,High
23139058,2313,Sometimes,Never,Not Often,Sometimes,Not Often,Sometimes,Often,Not Often,Sometimes,Not Often,Sometimes,Not Often,Sometimes,Not Often,Not Often,Not Often,Sometimes,Not Often,Sometimes,Somewhat agree,Agree,Agree,Somewhat agree,Neither agree nor disagree,Most of the time,More than half of the time,Less than half of the time,More than half of the time,More than half of the time,1,1,Female,1987,Married,1 child,All boy,2 or more children below age 6,University-level degree,Full-time employee (30 hours a week or more),Within 20 minutes by walk,Fair,No,,3-4 days a week,3-4 days a week,Yes,$800-999,Once a month,Sometimes,3-4 days a week,Male,1989,"Single, never married",No child,,,University-level degree,Full-time employee (30 hours a week or more),Living together in the same house,Fair,No,,3-4 days a week,Not applicable (the child has no child),Yes,"$1,000 and above",Almost everyday,Always,3-4 days a week,,,,,,,,,,,,,,,,,,,,,,,,,,,,,,,,,,,,,,,,,,,,,,,,,,,,,,,,,,Female,Jun,1961,63,Singapore,,Indian,,Currently married,Primary,Part-time employee,,,,,"Below $1,000","$10,000 and above",HDB 4-room flats,,Owned by spouse,,Hinduism,,Good,None,Completely,Yes,To finance daily living expenses and leisure or travel activities,,,Completely,Almost completely,No,,No,No,No,No,No,Good,,,Good,Good,High
23139059,2313,Often,Often,Sometimes,Often,Often,Sometimes,Sometimes,Sometimes,Often,Often,Often,Often,Often,Often,Often,Often,Often,Often,Often,Strongly agree,Neither agree nor disagree,Agree,Neither agree nor disagree,Agree,All of the time,All of the time,All of the time,All of the time,All of the time,1,1,Male,1970,"Single, never married",No child,,,Less than primary education,Full-time employee (30 hours a week or more),Between 20 and 40 minutes by car,Close,Yes,Less than $200,Never,Never,No,,Never,Never,Never,Female,1972,"Single, never married",3 and more children,At least one girl and one boy,No child below age 6,Less than primary education,Full-time employee (30 hours a week or more),Staying in the same housing estate,Not very close,No,,Never,Never,No,,Never,Never,Never,,,,,,,,,,,,,,,,,,,,,,,,,,,,,,,,,,,,,,,,,,,,,,,,,,,,,,,,,,Female,Feb,1954,70,Singapore,,Malay,,Widowed,Primary,"Retired (record previous occupation), please specifiy:",-,,,,"Below $1,000","Below $1,000","Others, specify:",Did not specify.,Rented entire housing unit,,Islam,,Fair,Moderate,A little,Yes,To finance daily living expenses and leisure or travel activities,,,A little,Almost completely,No,,No,No,No,No,No,Good,,,Good,Good,High
23139060,2313,Often,Often,Often,Sometimes,Often,Never,Often,Never,Often,Often,Often,Often,Often,Often,Often,Often,Often,Often,Often,Somewhat agree,Somewhat agree,Strongly agree,Agree,Somewhat disagree,Some of the time,Some of the time,All of the time,All of the time,All of the time,1,2,Female,1971,Married,3 and more children,At least one girl and one boy,No child below age 6,ITE diploma,Other,Between 20 and 40 minutes by car,Fair,No,,Never,Never,No,,Never,Never,Once every few months,Female,1972,Married,3 and more children,At least one girl and one boy,No child below age 6,ITE diploma,Other,Between 20 and 40 minutes by car,Fair,No,,Never,Never,No,,Never,Never,Once every few months,Male,1977,Married,2 children,At least one girl and one boy,No child below age 6,ITE diploma,Other,More than 40 minutes by car,Fair,No,,Never,Never,No,,Never,Never,Once every few months,,,,,,,,,,,,,,,,,,,,,,,,,,,,,,,,,,,,,,,Female,Mar,1946,78,Singapore,,Malay,,Widowed,Primary,"Retired (record previous occupation), please specifiy:",Machine operator,,,,"Below $1,000","Below $1,000",HDB 1- and 2-Room Flats,,Rented entire housing unit,,Islam,,Fair,None,A little,Yes,To finance daily living expenses and leisure or travel activities,,,A little,Almost completely,"Yes, please indicate:",Friend,No,No,No,No,No,Good,,,Good,Very good,Average
23139061,2313,Never,Never,Often,Never,Often,Never,Often,Never,Never,Never,Often,Often,Often,Often,Often,Often,Often,Often,Often,Strongly agree,Strongly agree,Strongly agree,Strongly agree,Strongly agree,All of the time,All of the time,All of the time,All of the time,All of the time,2,0,Male,1985,Married,No child,,,ITE diploma,Full-time employee (30 hours a week or more),Within 20 minutes by walk,Very close,No,,Never,Not applicable (the child has no child),No,,Never,Sometimes,2-3 days a month,Male,1988,Married,2 children,All girl,1 child below age 6,ITE diploma,Full-time employee (30 hours a week or more),More than 40 minutes by car,Very close,No,,Never,Never,Yes,Less than $200,Never,Sometimes,2-3 days a month,,,,,,,,,,,,,,,,,,,,,,,,,,,,,,,,,,,,,,,,,,,,,,,,,,,,,,,,,,Male,Sep,1953,71,Singapore,,Malay,,Currently married,Primary,Self-employed,,,,,"Below $1,000","Below $1,000",HDB 1- and 2-Room Flats,,Rented entire housing unit,,Islam,,Good,None,A little,No,,,Self-employed (no CPF),Completely,Completely,"Yes, please indicate:",Friend,No,No,No,No,No,Good,,,Good,Good,High
23139062,2313,Never,Sometimes,Not Often,Sometimes,Sometimes,Never,Sometimes,Never,Sometimes,Not Often,Often,Sometimes,Often,Sometimes,Often,Never,Often,Often,Often,Agree,Agree,Agree,Somewhat agree,Agree,Most of the time,More than half of the time,All of the time,All of the time,Some of the time,2,1,Male,2000,"Single, never married",No child,,,ITE diploma,Unemployed,Living together in the same house,Fair,No,,1-2 days a week,Not applicable (the child has no child),No,,Never,Always,Almost everyday,,,,,,,,,,,,,,,,,,,,Female,2005,"Single, never married",No child,,,ITE diploma,Part-time employee,Living together in the same house,,,,,,,,,,,Male,2013,"Single, never married",No child,,,PSLE certificate,Student,Living together in the same house,,,,,,,,,,,,,,,,,,,,,,,,,,,,,,Male,Feb,1953,71,Singapore,,Malay,,Currently married,Primary,Part-time employee,,,,,"$1,000 - $1,999","$1,000 - $1,999",HDB 1- and 2-Room Flats,,Rented entire housing unit,,Islam,,Good,None,A little,No,,,Never hit minimum to withdraw.,Mostly,Almost completely,No,,No,No,No,No,No,Moderate,,,Moderate,Good,High
23139063,2313,Often,Often,Sometimes,Often,Not Often,Sometimes,Sometimes,Often,Often,Sometimes,Sometimes,Sometimes,Sometimes,Sometimes,Not Often,Sometimes,Sometimes,Sometimes,Sometimes,Agree,Agree,Agree,Agree,Agree,More than half of the time,Most of the time,Some of the time,Some of the time,All of the time,1,3,Female,1978,Married,3 and more children,At least one girl and one boy,No child below age 6,PSLE certificate,Staying at home as a housewife or househusband,Between 20 and 40 minutes by car,Very close,No,,Never,Almost everyday,Yes,$200-399,Almost everyday,Always,Almost everyday,Male,1979,"Single, never married",No child,,,PSLE certificate,Other,Staying in a different country,Not close at all,No,,Never,Not applicable (the child has no child),No,,Never,Never,Never,Female,1982,Married,1 child,All girl,No child below age 6,Secondary school,Part-time employee,More than 40 minutes by car,Not very close,No,,Never,Never,No,,Once every few months,Never,Never,Female,1998,Married,2 children,All girl,2 or more children below age 6,Secondary school,Staying at home as a housewife or househusband,More than 40 minutes by car,Very close,No,,Never,Once every few months,Yes,Less than $200,Once every few months,Sometimes,Almost everyday,,,,,,,,,,,,,,,,,,,,Male,Apr,1956,68,Malaysia,,Malay,,Widowed,Primary,"Retired (record previous occupation), please specifiy:",Construction worker,,,,"Below $1,000","Below $1,000",HDB 1- and 2-Room Flats,,Rented entire housing unit,,Islam,,Poor,Severe,None at all,Yes,"To cover personal or family healthcare expenses (e.g., hospital bills, long-term care costs, purchase of additional private insurance)",,,Mostly,Mostly,"Yes, please indicate:",Daughter,No,No,No,No,No,Moderate,,,Bad,Moderate,Low
23139031,2313,Never,Never,Never,Never,Never,Never,Often,Never,Never,Often,Often,Often,Often,Often,Sometimes,Often,Often,Often,Often,Strongly agree,Agree,Agree,Agree,Agree,Most of the time,Most of the time,Most of the time,Most of the time,Most of the time,2,1,Male,1972,Married,3 and more children,At least one girl and one boy,No child below age 6,Secondary school,Full-time employee (30 hours a week or more),Living together in the same house,Close,No,,Almost everyday,Never,No,,Never,Never,Almost everyday,Male,1978,Married,3 and more children,All girl,No child below age 6,Secondary school,Full-time employee (30 hours a week or more),Within 20 minutes by car,Close,No,,Never,Never,No,,Never,Never,Almost everyday,Female,1987,Married,2 children,At least one girl and one boy,No child below age 6,Secondary school,Full-time employee (30 hours a week or more),Staying in the same or next block,Close,No,,Never,Never,No,,Never,Never,Almost everyday,,,,,,,,,,,,,,,,,,,,,,,,,,,,,,,,,,,,,,,Female,May,1950,74,Singapore,,Chinese,,Widowed,No formal schooling / pre-primary,Part-time employee,,,,,"Below $1,000","$1,000 - $1,999","HDB 5-room, 3 gen flats, and executive flats (e.g., executive apartments and executive maisonette)",,Owned by a child,,Buddhism,,Good,None,A little,Yes,"To cover personal or family healthcare expenses (e.g., hospital bills, long-term care costs, purchase of additional private insurance)",,,Completely,Completely,No,,No,No,No,No,No,Moderate,,,Moderate,Good,Average
23179016,2317,Not Often,Sometimes,Sometimes,Never,Sometimes,Sometimes,Not Often,Never,Never,Often,Often,Sometimes,Often,Often,Sometimes,Sometimes,Often,Often,Often,Agree,Agree,Agree,Agree,Somewhat agree,All of the time,All of the time,Most of the time,All of the time,Most of the time,1,1,Female,1982,Married,1 child,All boy,No child below age 6,University-level degree,Full-time employee (30 hours a week or more),Within 20 minutes by car,Fair,No,,Never,Never,Yes,"$1,000 and above",Never,Never,Never,Male,1985,Married,1 child,All girl,1 child below age 6,University-level degree,Full-time employee (30 hours a week or more),Within 20 minutes by car,Fair,No,,Almost everyday,Almost everyday,Yes,$600-799,Never,Never,3-4 days a week,,,,,,,,,,,,,,,,,,,,,,,,,,,,,,,,,,,,,,,,,,,,,,,,,,,,,,,,,,Female,Jul,1955,69,Singapore,,Chinese,,Currently married,Secondary (‘O’ / ‘N’ level),"Retired (record previous occupation), please specifiy:",Student Care Teacher,,,,Respondent refused to answer,Respondent refused to answer,HDB 3-room flats,,Co-owned by self and spouse,,Buddhism,,Very good,None,Mostly,No,,,No need,Mostly,Somewhat,No,,No,No,No,No,No,Very good,,,Very good,Very good,Very high
23179017,2317,Sometimes,Sometimes,Sometimes,Not Often,Often,Never,Often,Not Often,Sometimes,Often,Often,Not Often,Often,Often,Often,Not Often,Often,Sometimes,Not Often,Agree,Agree,Agree,Agree,Agree,Some of the time,All of the time,All of the time,All of the time,Most of the time,0,1,Female,1970,Married,No child,,,Secondary school,Full-time employee (30 hours a week or more),Within 20 minutes by car,Very close,No,,Once a month,Not applicable (the child has no child),No,,Once every few months,Often,Almost everyday,,,,,,,,,,,,,,,,,,,,,,,,,,,,,,,,,,,,,,,,,,,,,,,,,,,,,,,,,,,,,,,,,,,,,,,,,,,,,Female,Nov,1948,76,Singapore,,Chinese,,Currently married,Secondary (‘O’ / ‘N’ level),"Retired (record previous occupation), please specifiy:",Operator,,,,"$1,000 - $1,999",Respondent refused to answer,"HDB 5-room, 3 gen flats, and executive flats (e.g., executive apartments and executive maisonette)",,Co-owned by self and spouse,,Christianity,,Fair,Mild,Mostly,Yes,To finance daily living expenses and leisure or travel activities,,,Completely,Somewhat,No,,No,No,No,No,No,Good,,,Good,Good,High
23179018,2317,Sometimes,Sometimes,Not Often,Sometimes,Not Often,Sometimes,Often,Sometimes,Not Often,Sometimes,Often,Sometimes,Often,Sometimes,Not Often,Not Often,Sometimes,Sometimes,Not Often,Somewhat agree,Somewhat agree,Somewhat agree,Agree,Disagree,All of the time,Most of the time,More than half of the time,More than half of the time,More than half of the time,3,1,Male,1972,Married,3 and more children,All girl,No child below age 6,Secondary school,Self-employed,Within 20 minutes by car,Not very close,Yes,$400-599,Never,Never,No,,Never,Never,Never,Male,1974,Married,2 children,At least one girl and one boy,No child below age 6,Polytechnic diploma,Full-time employee (30 hours a week or more),Staying in the same housing estate,Fair,Yes,$200-399,Never,Never,No,,Never,Never,Once every few months,Female,1977,Married,2 children,All boy,No child below age 6,Polytechnic diploma,Staying at home as a housewife or househusband,Between 20 and 40 minutes by car,Very close,No,,Never,1-2 days a week,No,,1-2 days a week,Always,1-2 days a week,Male,1979,Divorced or Separated,No child,,,Polytechnic diploma,Full-time employee (30 hours a week or more),Living together in the same house,Very close,No,,Almost everyday,Not applicable (the child has no child),Yes,$600-799,3-4 days a week,Always,Almost everyday,Female,,,,,,,,,,,,,,,,,,,Female,Jan,1954,70,Singapore,,Chinese,,Widowed,Secondary (‘O’ / ‘N’ level),Full-time employee (30 hours a week or more),,,,,"$1,000 - $1,999","$6,000 - $6,999",HDB 3-room flats,,Co-owned by self and spouse,,Buddhism,,Fair,None,Mostly,No,,,still working so there is no need to withdraw from CPF,Mostly,Almost completely,"Yes, please indicate:",Grandchild,No,No,No,No,No,Very good,,,Very good,Good,High
23179019,2317,Never,No Response,Never,Never,Never,Not Often,Never,Never,No Response,Often,Often,Often,Often,Often,Often,Often,Often,Often,Often,Agree,Agree,Strongly agree,Agree,Strongly agree,Most of the time,Most of the time,All of the time,Most of the time,All of the time,2,0,Male,1989,Married,No child,,,University-level degree,Full-time employee (30 hours a week or more),Within 20 minutes by car,Close,No,,Never,Not applicable (the child has no child),Yes,$400-599,3-4 days a week,Sometimes,2-3 days a month,Male,1991,Married,No child,,,University-level degree,Full-time employee (30 hours a week or more),Living together in the same house,Very close,No,,Never,Not applicable (the child has no child),Yes,$400-599,Never,Always,Almost everyday,,,,,,,,,,,,,,,,,,,,,,,,,,,,,,,,,,,,,,,,,,,,,,,,,,,,,,,,,,Female,Jun,1961,63,Singapore,,Chinese,,Currently married,Secondary (‘O’ / ‘N’ level),Part-time employee,,,,,Respondent refused to answer,Respondent refused to answer,Landed properties,,Co-owned by self and spouse,,Buddhism,,Good,None,Moderately,Yes,To pay off outstanding housing loans or to invest in new property,,,Mostly,Mostly,No,,No,No,No,No,No,Very good,,,Very good,Very good,Very high
23179020,2317,Never,Never,Never,Never,Never,Never,Never,Never,Never,Often,Often,Often,Often,Often,Often,Often,Often,Often,Often,Agree,Agree,Agree,Agree,Agree,Most of the time,Most of the time,Most of the time,Most of the time,Most of the time,1,2,Female,1975,Married,No child,,,University-level degree,Full-time employee (30 hours a week or more),Between 20 and 40 minutes by car,Very close,No,,Never,Not applicable (the child has no child),Yes,$200-399,Never,Often,Almost everyday,Female,1977,Married,2 children,All girl,2 or more children below age 6,University-level degree,Full-time employee (30 hours a week or more),Between 20 and 40 minutes by car,Very close,No,,Never,Never,Yes,$200-399,Never,Often,Almost everyday,Male,1980,Married,No child,,,Secondary school,Student,Living together in the same house,Very close,No,,Never,Never,Yes,$200-399,Never,Often,Almost everyday,,,,,,,,,,,,,,,,,,,,,,,,,,,,,,,,,,,,,,,Female,Nov,1954,70,Singapore,,Chinese,,Widowed,No formal schooling / pre-primary,"Others, please specify:",,,,NA,"Below $1,000","Below $1,000",HDB 3-room flats,,Self-owned,,Taoism,,Very good,None,Completely,No,,,NA,Completely,Completely,No,,No,No,No,No,No,Good,,,Good,Good,High
23179021,2317,Never,Sometimes,Often,Not Often,Sometimes,Not Often,Sometimes,Sometimes,Not Often,Often,Sometimes,Often,Often,Sometimes,Sometimes,Sometimes,Sometimes,Sometimes,Sometimes,Somewhat agree,Agree,Agree,Somewhat agree,Neither agree nor disagree,More than half of the time,More than half of the time,More than half of the time,More than half of the time,Some of the time,1,0,Male,1987,Married,2 children,At least one girl and one boy,2 or more children below age 6,University-level degree,Full-time employee (30 hours a week or more),Living together in the same house,Close,No,,Almost everyday,Almost everyday,Yes,$200-399,Almost everyday,Sometimes,Almost everyday,,,,,,,,,,,,,,,,,,,,,,,,,,,,,,,,,,,,,,,,,,,,,,,,,,,,,,,,,,,,,,,,,,,,,,,,,,,,,Male,Oct,1953,71,Singapore,,Chinese,,Currently married,Professional qualification and other diploma,"Retired (record previous occupation), please specifiy:",refused to disclose,,,,Respondent refused to answer,"$10,000 and above",Landed properties,,Co-owned by self and spouse,,Buddhism,,Fair,None,Completely,No,,,sufficient savings,Almost completely,Mostly,No,,No,No,No,No,No,Very good,,,Very good,Very good,Very high
23179022,2317,Often,Often,Sometimes,Sometimes,Sometimes,Not Often,Sometimes,Not Often,Not Often,Sometimes,Often,Often,Often,Sometimes,Sometimes,Not Often,Often,Sometimes,Not Often,Agree,Strongly agree,Agree,Agree,Agree,Most of the time,More than half of the time,Less than half of the time,Less than half of the time,Less than half of the time,0,6,Female,1961,Cohabiting with her/his partner,No child,,,PSLE certificate,Part-time employee,Living together in the same house,Very close,No,,Never,Never,Yes,$200-399,Almost everyday,Often,3-4 days a week,Female,1965,Widowed,2 children,At least one girl and one boy,No child below age 6,Secondary school,Full-time employee (30 hours a week or more),Between 20 and 40 minutes by car,Very close,No,,Never,Never,Yes,$200-399,3-4 days a week,Sometimes,1-2 days a week,Female,1969,Married,2 children,At least one girl and one boy,No child below age 6,Secondary school,Staying at home as a housewife or househusband,Between 20 and 40 minutes by car,Very close,No,,Never,Never,Yes,$400-599,3-4 days a week,Often,3-4 days a week,Female,1969,Married,2 children,At least one girl and one boy,No child below age 6,Secondary school,Staying at home as a housewife or househusband,Between 20 and 40 minutes by car,Very close,No,,Never,2-3 days a month,Yes,$400-599,Never,Sometimes,1-2 days a week,Female,1973,Married,2 children,At least one girl and one boy,No child below age 6,ITE diploma,Staying at home as a housewife or househusband,More than 40 minutes by car,Very close,No,,Never,Never,Yes,$400-599,Never,Often,3-4 days a week,Female,Jul,1936,88,Malaysia,,Chinese,,Widowed,No formal schooling / pre-primary,"Retired (record previous occupation), please specifiy:",homemaker,,,,Respondent refused to answer,Respondent refused to answer,HDB 3-room flats,,Co-owned by self and a child,,Buddhism,,Good,Moderate,Completely,Yes,To finance daily living expenses and leisure or travel activities,,,Almost completely,Somewhat,"Yes, please indicate:",Grandchild,Yes,No,No,No,No,Good,,,Good,Moderate,Average
23179023,2317,Not Often,Not Often,Sometimes,Not Often,Often,Never,Often,Not Often,Never,Often,Often,Often,Often,Often,Often,Often,Often,Often,Often,Strongly agree,Strongly agree,Strongly agree,Strongly agree,Agree,Most of the time,Most of the time,Most of the time,Most of the time,Most of the time,0,1,Female,1977,Married,No child,,,Polytechnic diploma,Full-time employee (30 hours a week or more),More than 40 minutes by car,Close,No,,Never,Not applicable (the child has no child),Yes,$200-399,Never,Sometimes,2-3 days a month,,,,,,,,,,,,,,,,,,,,,,,,,,,,,,,,,,,,,,,,,,,,,,,,,,,,,,,,,,,,,,,,,,,,,,,,,,,,,Female,Apr,1948,76,Singapore,,Chinese,,Currently married,Secondary (‘O’ / ‘N’ level),Homemaker/housewife,,,,,Respondent refused to answer,"$1,000 - $1,999",HDB 4-room flats,,Self-owned,,No religion,,Good,Moderate,Completely,Yes,"To cover personal or family healthcare expenses (e.g., hospital bills, long-term care costs, purchase of additional private insurance)",,,Completely,Almost completely,No,,No,No,No,No,No,Very good,,,Very good,Very good,Very high
23179027,2317,Sometimes,Not Often,Not Often,Not Often,Not Often,Not Often,Not Often,Sometimes,Sometimes,Sometimes,Sometimes,Not Often,Often,Not Often,Not Often,Never,Not Often,Not Often,Sometimes,Neither agree nor disagree,Neither agree nor disagree,Neither agree nor disagree,Neither agree nor disagree,Neither agree nor disagree,More than half of the time,More than half of the time,More than half of the time,More than half of the time,More than half of the time,1,1,Male,1998,"Single, never married",No child,,,University-level degree,Full-time employee (30 hours a week or more),Staying in the same housing estate,Very close,No,,1-2 days a week,Not applicable (the child has no child),Yes,"$1,000 and above",1-2 days a week,Sometimes,Almost everyday,Female,2001,"Single, never married",No child,,,University-level degree,Student,Staying in the same housing estate,Fair,Yes,$400-599,Almost everyday,Not applicable (the child has no child),No,,1-2 days a week,Sometimes,1-2 days a week,,,,,,,,,,,,,,,,,,,,,,,,,,,,,,,,,,,,,,,,,,,,,,,,,,,,,,,,,,Male,Dec,1959,65,"Others, please specify:",Myanmar,"Others, please specify:",Burmese,Currently married,Bachelor’s or equivalent,Full-time employee (30 hours a week or more),,,,,"$4,000 - $4,999","$10,000 and above",HDB 4-room flats,,Rented part of other’s housing or subleased housing,,Buddhism,,Fair,Moderate,Moderately,No,,,saving money for house and retirement,Mostly,Somewhat,No,,Yes,No,No,Yes,No,Moderate,,,Good,Good,High
23179028,2317,Sometimes,Sometimes,Sometimes,Sometimes,Sometimes,Sometimes,Sometimes,Sometimes,Sometimes,Sometimes,Sometimes,Sometimes,Sometimes,Not Often,Not Often,Never,Not Often,Not Often,Often,Neither agree nor disagree,Neither agree nor disagree,Neither agree nor disagree,Neither agree nor disagree,Neither agree nor disagree,More than half of the time,More than half of the time,More than half of the time,More than half of the time,More than half of the time,1,1,Male,1998,"Single, never married",No child,,,University-level degree,Full-time employee (30 hours a week or more),Staying in the same housing estate,Very close,No,,1-2 days a week,Not applicable (the child has no child),Yes,"$1,000 and above",1-2 days a week,Sometimes,Almost everyday,Female,2001,"Single, never married",No child,,,University-level degree,Student,Staying in the same housing estate,Fair,Yes,Less than $200,1-2 days a week,Not applicable (the child has no child),No,,1-2 days a week,Sometimes,1-2 days a week,,,,,,,,,,,,,,,,,,,,,,,,,,,,,,,,,,,,,,,,,,,,,,,,,,,,,,,,,,Female,Mar,1960,64,"Others, please specify:",Myanmar,"Others, please specify:",Burmese,Currently married,Bachelor’s or equivalent,Full-time employee (30 hours a week or more),,,,,"$1,000 - $1,999","$1,000 - $1,999",HDB 4-room flats,,Rented entire housing unit,,Buddhism,,Fair,Mild,Moderately,No,,,Do not know how to withdraw,Mostly,Almost completely,No,,No,No,No,No,No,Good,,,Moderate,Good,Very high
23179030,2317,Sometimes,Often,Often,Not Often,Often,Not Often,Sometimes,Sometimes,Sometimes,Often,Often,Often,Often,Sometimes,Not Often,Never,Sometimes,Sometimes,Sometimes,Agree,Agree,Agree,Somewhat agree,Neither agree nor disagree,Most of the time,Most of the time,More than half of the time,More than half of the time,More than half of the time,1,1,Female,1990,Married,1 child,All boy,1 child below age 6,University-level degree,Full-time employee (30 hours a week or more),Between 20 and 40 minutes by car,Close,No,,Never,Almost everyday,Yes,$200-399,Never,Sometimes,Almost everyday,Male,1994,"Single, never married",No child,,,University-level degree,Full-time employee (30 hours a week or more),Living together in the same house,Fair,No,,Almost everyday,Never,Yes,$200-399,Almost everyday,Sometimes,3-4 days a week,,,,,,,,,,,,,,,,,,,,,,,,,,,,,,,,,,No,,,,,,,,,,,,,,,,,,,,,,,,Female,Mar,1962,62,Singapore,,Chinese,,Currently married,Secondary (‘O’ / ‘N’ level),Homemaker/housewife,,,,,"Below $1,000","Below $1,000",HDB 4-room flats,,Co-owned by self and spouse,,Buddhism,,Fair,Moderate,Moderately,No,,,have enough cash,Mostly,Somewhat,No,,No,No,No,No,No,Good,,,Good,Good,High
23179031,2317,Not Often,Not Often,Never,Sometimes,Often,Not Often,Often,Not Often,Often,Often,Often,Often,Often,Sometimes,Not Often,Not Often,Sometimes,Sometimes,Sometimes,Neither agree nor disagree,Somewhat agree,Somewhat agree,Somewhat agree,Somewhat agree,Most of the time,Most of the time,Most of the time,Most of the time,Most of the time,1,1,Male,1989,Married,No child,,,MA degree or above,Full-time employee (30 hours a week or more),More than 40 minutes by car,Very close,No,,Never,Not applicable (the child has no child),Yes,$600-799,Never,Rarely,3-4 days a week,Female,1989,"Single, never married",No child,,,MA degree or above,Full-time employee (30 hours a week or more),Living together in the same house,Very close,No,,Almost everyday,Not applicable (the child has no child),Yes,$600-799,Almost everyday,Rarely,Almost everyday,,,,,,,,,,,,,,,,,,,,,,,,,,,,,,,,,,,,,,,,,,,,,,,,,,,,,,,,,,Male,Jun,1959,65,Singapore,,Chinese,,Currently married,Secondary (‘O’ / ‘N’ level),"Retired (record previous occupation), please specifiy:",taxi driver,,,,"Below $1,000","$9,000 - $9,999",HDB 4-room flats,,Self-owned,,Taoism,,Fair,Mild,None at all,Yes,To finance daily living expenses and leisure or travel activities,,,Mostly,Somewhat,No,,No,No,No,No,No,Very good,,,Very good,Very good,Very high
23179032,2317,Often,Sometimes,Never,Not Often,Sometimes,Often,Sometimes,Often,Often,Often,Often,Often,Often,Often,Not Often,Not Often,Often,Often,Often,Agree,Agree,Agree,Agree,Agree,Less than half of the time,Less than half of the time,Less than half of the time,Less than half of the time,Less than half of the time,1,1,Male,1989,Married,No child,,,University-level degree,Full-time employee (30 hours a week or more),More than 40 minutes by car,Very close,No,,Never,Not applicable (the child has no child),Yes,$600-799,Never,Rarely,3-4 days a week,Female,1989,"Single, never married",No child,,,MA degree or above,Full-time employee (30 hours a week or more),Living together in the same house,Very close,No,,Almost everyday,Not applicable (the child has no child),Yes,$600-799,Almost everyday,Rarely,Almost everyday,,,,,,,,,,,,,,,,,,,,,,,,,,,,,,,,,,,,,,,,,,,,,,,,,,,,,,,,,,Female,Apr,1961,63,Singapore,,Chinese,,Currently married,Secondary (‘O’ / ‘N’ level),Full-time employee (30 hours a week or more),,,,,"$1,000 - $1,999","$9,000 - $9,999",HDB 4-room flats,,Self-owned,,Taoism,,Poor,Moderate,A little,No,,,waiting for older age,Completely,Mostly,No,,No,No,No,No,No,Very good,,,Very good,Very good,Very high
23179033,2317,Sometimes,Not Often,Sometimes,Sometimes,Often,Sometimes,Sometimes,Sometimes,Not Often,Often,Often,Sometimes,Sometimes,Sometimes,Often,Sometimes,Often,Sometimes,Often,Agree,Strongly agree,Agree,Agree,Somewhat agree,More than half of the time,Most of the time,More than half of the time,More than half of the time,More than half of the time,1,1,Male,1974,Married,2 children,All boy,No child below age 6,University-level degree,Full-time employee (30 hours a week or more),Staying in the same housing estate,Very close,No,,Never,2-3 days a month,Yes,$400-599,1-2 days a week,Often,3-4 days a week,Female,1979,Married,2 children,At least one girl and one boy,No child below age 6,MA degree or above,Full-time employee (30 hours a week or more),Staying in the same housing estate,Very close,No,,Never,2-3 days a month,Yes,$400-599,1-2 days a week,Often,3-4 days a week,,,,,,,,,,,,,,,,,,,,,,,,,,,,,,,,,,,,,,,,,,,,,,,,,,,,,,,,,,Male,Oct,1946,77,Singapore,,Chinese,,Currently married,Polytechnic diploma,"Retired (record previous occupation), please specifiy:",Harbor Pilot,,,,Respondent refused to answer,Respondent refused to answer,Condominiums (including executive condo) and other apartments,,Self-owned,,Buddhism,,Fair,Moderate,Completely,Yes,To invest to grow retirement savings further,,,Almost completely,Somewhat,No,,No,No,No,No,No,Good,,,Very good,Very good,Very high
23179034,2317,Often,Often,Sometimes,Sometimes,Sometimes,Not Often,Sometimes,Often,Not Often,Sometimes,Often,Sometimes,Sometimes,Sometimes,Sometimes,Not Often,Sometimes,Sometimes,Sometimes,Agree,Strongly agree,Agree,Agree,Somewhat agree,More than half of the time,More than half of the time,More than half of the time,More than half of the time,Less than half of the time,1,1,Male,1974,Married,2 children,All boy,No child below age 6,University-level degree,Full-time employee (30 hours a week or more),Staying in the same housing estate,Very close,No,,Never,2-3 days a month,Yes,$400-599,1-2 days a week,Often,3-4 days a week,Female,1979,Married,2 children,At least one girl and one boy,No child below age 6,MA degree or above,Full-time employee (30 hours a week or more),Staying in the same housing estate,Very close,No,,Never,2-3 days a month,Yes,$400-599,1-2 days a week,Often,3-4 days a week,,,,,,,,,,,,,,,,,,,,,,,,,,,,,,,,,,,,,,,,,,,,,,,,,,,,,,,,,,Female,Jan,1949,75,"Others, please specify:",Brunei,Chinese,,Currently married,Secondary (‘O’ / ‘N’ level),Homemaker/housewife,,,,,Respondent refused to answer,Respondent refused to answer,Condominiums (including executive condo) and other apartments,,Self-owned,,Buddhism,,Fair,Moderate,Completely,No,,,not working,A little,A little,No,,No,No,No,No,No,Very good,,,Very good,Very good,Very high
23179035,2317,Often,Sometimes,Often,Never,Often,Never,Often,Not Often,Not Often,Never,Often,Often,Often,Sometimes,Sometimes,Never,Often,Sometimes,Often,Agree,Agree,Agree,Agree,Disagree,All of the time,All of the time,All of the time,All of the time,All of the time,2,0,Male,1975,Married,No child,,,Polytechnic diploma,Full-time employee (30 hours a week or more),Between 20 and 40 minutes by car,Close,No,,Never,Not applicable (the child has no child),Yes,"$1,000 and above",Never,Always,1-2 days a week,Male,1976,Married,2 children,At least one girl and one boy,No child below age 6,Polytechnic diploma,Full-time employee (30 hours a week or more),Between 20 and 40 minutes by car,Close,No,,Never,Never,Yes,$200-399,Never,Always,1-2 days a week,,,,,,,,,,,,,,,,,,,,,,,,,,,,,,,,,,,,,,,,,,,,,,,,,,,,,,,,,,Female,Mar,1949,75,Singapore,,Chinese,,Widowed,Primary,"Retired (record previous occupation), please specifiy:",refuse to answer,,,,"$3,000 - $3,999",Respondent refused to answer,"HDB 5-room, 3 gen flats, and executive flats (e.g., executive apartments and executive maisonette)",,Self-owned,,Buddhism,,Good,None,Completely,No,,,no need for that,Completely,Almost completely,No,,No,No,No,No,No,Very good,,,Very good,Very good,Very high
23179036,2317,Sometimes,Not Often,Not Often,Sometimes,Not Often,Not Often,Sometimes,Often,Not Often,Often,Often,Sometimes,Sometimes,Sometimes,Not Often,Not Often,Sometimes,Not Often,Not Often,Somewhat disagree,Somewhat disagree,Somewhat disagree,Neither agree nor disagree,Somewhat disagree,More than half of the time,Most of the time,More than half of the time,Most of the time,Most of the time,1,1,Female,1995,Married,No child,,,University-level degree,Full-time employee (30 hours a week or more),Living together in the same house,Fair,No,,3-4 days a week,Not applicable (the child has no child),Yes,$200-399,3-4 days a week,Sometimes,Almost everyday,Male,1999,"Single, never married",No child,,,University-level degree,Student,Living together in the same house,Fair,Yes,Less than $200,3-4 days a week,Not applicable (the child has no child),No,,3-4 days a week,Sometimes,Almost everyday,,,,,,,,,,,,,,,,,,,,,,,,,,,,,,,,,,,,,,,,,,,,,,,,,,,,,,,,,,Male,Jun,1962,62,Singapore,,Malay,,Currently married,Secondary (‘O’ / ‘N’ level),Full-time employee (30 hours a week or more),,,,,"$1,000 - $1,999","$10,000 and above",HDB 4-room flats,,Co-owned by self and spouse,,Islam,,Fair,None,Completely,Yes,To finance daily living expenses and leisure or travel activities,,,Almost completely,Mostly,No,,No,No,No,No,No,Very good,,,Very good,Very good,Very high
23179037,2317,Sometimes,Sometimes,Sometimes,Sometimes,Sometimes,Sometimes,Sometimes,Sometimes,Sometimes,Sometimes,Often,Often,Not Often,Often,Sometimes,Not Often,Often,Sometimes,Not Often,Strongly agree,Strongly agree,Strongly agree,Strongly agree,Strongly agree,All of the time,All of the time,All of the time,All of the time,All of the time,1,2,Female,1973,Married,No child,,,Secondary school,Full-time employee (30 hours a week or more),Living together in the same house,Very close,No,,Never,Never,No,,Never,Never,1-2 days a week,Female,1975,Married,3 and more children,All boy,No child below age 6,Secondary school,Full-time employee (30 hours a week or more),Living together in the same house,Very close,No,,Never,Never,No,,Never,Never,1-2 days a week,Male,1978,Married,No child,,,Secondary school,Full-time employee (30 hours a week or more),Living together in the same house,Close,No,,Never,Never,No,,Never,Never,1-2 days a week,,,,,,,,,,,,,,,,,,,,,,,,,,,,,,,,,,,,,,,Male,Jun,1949,75,Singapore,,Chinese,,Widowed,Primary,"Retired (record previous occupation), please specifiy:",carpenter,,,,"$8,000 - $8,999","$8,000 - $8,999","HDB 5-room, 3 gen flats, and executive flats (e.g., executive apartments and executive maisonette)",,Owned by a child,,Buddhism,,Good,None,Mostly,Yes,To finance daily living expenses and leisure or travel activities,,,Almost completely,A little,No,,No,No,No,No,No,Very good,,,Very good,Very good,Very high
23179038,2317,Sometimes,Not Often,Often,Never,Often,Not Often,Often,Not Often,Not Often,Often,Often,Often,Often,Often,Often,Often,Often,Often,Often,Strongly agree,Agree,Agree,Strongly agree,Strongly agree,All of the time,All of the time,All of the time,All of the time,All of the time,1,1,Male,1986,"Single, never married",No child,,,University-level degree,Full-time employee (30 hours a week or more),Living together in the same house,Very close,No,,Almost everyday,Not applicable (the child has no child),Yes,$400-599,3-4 days a week,Always,Almost everyday,Female,1989,Divorced or Separated,No child,,,Secondary school,Full-time employee (30 hours a week or more),Living together in the same house,Very close,No,,Almost everyday,Not applicable (the child has no child),Yes,$200-399,3-4 days a week,Always,3-4 days a week,,,,,,,,,,,,,,,,,,,,,,,,,,,,,,,,,,,,,,,,,,,,,,,,,,,,,,,,,,Female,Nov,1949,75,Singapore,,Malay,,Divorced,Secondary (‘O’ / ‘N’ level),Full-time employee (30 hours a week or more),,,,,"$2,000 - $2,999","$10,000 and above",HDB 4-room flats,,Self-owned,,Islam,,Poor,Moderate,Mostly,Yes,To finance daily living expenses and leisure or travel activities,,,Completely,A little,No,,No,No,No,No,No,Very good,,,Very good,Very good,Very high
23179029,2317,Sometimes,Sometimes,Often,Often,Often,Not Often,Often,Sometimes,Sometimes,Often,Often,Often,Often,Often,Often,Often,Often,Often,Often,Agree,Agree,Agree,Agree,Agree,All of the time,All of the time,All of the time,All of the time,All of the time,1,1,Male,1993,"Single, never married",No child,,,MA degree or above,Full-time employee (30 hours a week or more),Living together in the same house,Close,No,,1-2 days a week,Not applicable (the child has no child),No,,Once every few months,Never,1-2 days a week,Female,1994,"Single, never married",No child,,,University-level degree,Full-time employee (30 hours a week or more),Living together in the same house,Close,No,,1-2 days a week,Not applicable (the child has no child),No,,Never,Never,3-4 days a week,,,,,,,,,,,,,,,,,,,,,,,,,,,,,,,,,,,,,,,,,,,,,,,,,,,,,,,,,,Female,May,1962,62,Malaysia,,Chinese,,Widowed,Professional qualification and other diploma,"Retired (record previous occupation), please specifiy:",PA,,,,Respondent refused to answer,Respondent refused to answer,HDB 4-room flats,,Self-owned,,Buddhism,,Good,Mild,Mostly,Yes,"Other, please specify:",To pamper self and family,,Almost completely,Mostly,No,,No,No,No,No,No,Very good,,,Very good,Very good,Very high
23179024,2317,Sometimes,Sometimes,Sometimes,Not Often,Often,Not Often,Often,Not Often,Not Often,Often,Often,Often,Sometimes,Often,Often,Not Often,Often,Sometimes,Sometimes,Agree,Strongly agree,Strongly agree,Strongly agree,Somewhat agree,Most of the time,Most of the time,Most of the time,Most of the time,Most of the time,3,0,Male,1989,"Single, never married",No child,,,University-level degree,Self-employed,Living together in the same house,Close,No,,Never,Not applicable (the child has no child),Yes,$600-799,Once every few months,Rarely,Almost everyday,Male,1991,"Single, never married",No child,,,University-level degree,Full-time employee (30 hours a week or more),Living together in the same house,Close,No,,Never,Not applicable (the child has no child),Yes,$600-799,Once every few months,Rarely,Almost everyday,Male,1997,"Single, never married",No child,,,University-level degree,Full-time employee (30 hours a week or more),Living together in the same house,Close,No,,Never,Not applicable (the child has no child),Yes,$600-799,Once every few months,Rarely,Almost everyday,,,,,,,,,,,,,,,,,,,,,,,,,,,,,,,,,,,,,,,Male,May,1954,70,Singapore,,Chinese,,Currently married,Secondary (‘O’ / ‘N’ level),"Retired (record previous occupation), please specifiy:",ship container operator,,,,"Below $1,000","$6,000 - $6,999",HDB 4-room flats,,Co-owned by self and spouse,,Buddhism,,Very good,None,Mostly,Yes,To invest to grow retirement savings further,,,Completely,Mostly,No,,No,No,No,No,No,Very good,,,Very good,Very good,Very high
23179025,2317,Sometimes,Sometimes,Sometimes,Not Often,Often,Not Often,Often,Not Often,Not Often,Often,Often,Often,Sometimes,Often,Often,Not Often,Often,Sometimes,Sometimes,Agree,Strongly agree,Strongly agree,Strongly agree,Somewhat agree,Most of the time,Most of the time,Most of the time,Most of the time,Most of the time,3,0,Male,1989,"Single, never married",No child,,,University-level degree,Self-employed,Living together in the same house,Close,No,,Never,Not applicable (the child has no child),Yes,$600-799,Once every few months,Rarely,Almost everyday,Male,1991,"Single, never married",No child,,,University-level degree,Full-time employee (30 hours a week or more),Living together in the same house,Close,No,,Never,Not applicable (the child has no child),Yes,$600-799,Once every few months,Rarely,Almost everyday,Male,1997,"Single, never married",No child,,,University-level degree,Full-time employee (30 hours a week or more),Living together in the same house,Close,No,,Never,Not applicable (the child has no child),Yes,$600-799,Once every few months,Rarely,Almost everyday,,,,,,,,,,,,,,,,,,,,,,,,,,,,,,,,,,,,,,,Female,Sep,1959,65,Singapore,,Chinese,,Currently married,Secondary (‘O’ / ‘N’ level),Homemaker/housewife,,,,,"Below $1,000","$6,000 - $6,999",HDB 4-room flats,,Co-owned by self and spouse,,Buddhism,,Very good,None,Mostly,Yes,To invest to grow retirement savings further,,,Completely,Mostly,No,,No,No,No,No,No,Very good,,,Very good,Very good,Very high
23179026,2317,Often,Often,Never,Sometimes,Not Often,Never,Never,Often,Sometimes,Never,Never,Sometimes,Sometimes,Sometimes,Not Often,Never,Sometimes,Never,Never,Neither agree nor disagree,Strongly disagree,Neither agree nor disagree,Somewhat agree,Disagree,Some of the time,Less than half of the time,Some of the time,Less than half of the time,Some of the time,1,2,Female,1968,Divorced or Separated,1 child,All girl,No child below age 6,University-level degree,Full-time employee (30 hours a week or more),More than 40 minutes by car,Close,No,,Never,Never,Yes,$600-799,Never,Always,2-3 days a month,Female,1970,Married,1 child,All girl,No child below age 6,University-level degree,Staying at home as a housewife or househusband,More than 40 minutes by car,Close,No,,Never,Never,No,,Never,Rarely,2-3 days a month,Male,1972,Married,No child,,,Less than primary education,Full-time employee (30 hours a week or more),Staying in a different country,Close,No,,Never,Not applicable (the child has no child),No,,Never,Never,Never,,,,,,,,,,,,,,,,,,,,,,,,,,,,,,,,,,,,,,,Female,Jun,1940,84,Singapore,,Chinese,,Widowed,No formal schooling / pre-primary,"Retired (record previous occupation), please specifiy:",housewife,,,,"Below $1,000","$8,000 - $8,999",HDB 4-room flats,,Owned by a child,,Christianity,,Very poor,Moderate,Moderately,Yes,To finance daily living expenses and leisure or travel activities,,,Mostly,Not at all,"Yes, please indicate:",Grandchild,No,No,No,No,No,Good,,,Moderate,Moderate,High
23179039,2317,Not Often,Not Often,Sometimes,Not Often,Often,Not Often,Often,Not Often,Not Often,Often,Often,Often,Often,Often,Sometimes,Sometimes,Often,Often,Sometimes,Agree,Agree,Agree,Agree,Strongly agree,Most of the time,Most of the time,Most of the time,Most of the time,Most of the time,1,1,Male,1993,"Single, never married",No child,,,University-level degree,Full-time employee (30 hours a week or more),Living together in the same house,Close,No,,Almost everyday,Not applicable (the child has no child),Yes,$600-799,1-2 days a week,Sometimes,Almost everyday,Female,1995,Married,No child,,,MA degree or above,Full-time employee (30 hours a week or more),Within 20 minutes by car,Close,No,,2-3 days a month,Not applicable (the child has no child),Yes,$600-799,Once a month,Rarely,2-3 days a month,,,,,,,,,,,,,,,,,,,,,,,,,,,,,,,,,,,,,,,,,,,,,,,,,,,,,,,,,,Female,Dec,1953,71,Singapore,,Chinese,,Currently married,Secondary (‘O’ / ‘N’ level),Homemaker/housewife,,,,,"Below $1,000","$10,000 and above",HDB 4-room flats,,Co-owned by self and spouse,,Buddhism,,Good,Mild,Mostly,Yes,"To cover personal or family healthcare expenses (e.g., hospital bills, long-term care costs, purchase of additional private insurance)",,,Completely,A little,No,,No,No,No,No,No,Very good,,,Very good,Very good,Very high
23179040,2317,Not Often,Never,Sometimes,Not Often,Often,Not Often,Not Often,Not Often,Not Often,Often,Often,Often,Often,Sometimes,Sometimes,Often,Often,Sometimes,Sometimes,Strongly agree,Agree,Agree,Strongly agree,Strongly agree,Most of the time,Most of the time,Most of the time,Most of the time,Most of the time,1,1,Male,1993,"Single, never married",No child,,,University-level degree,Full-time employee (30 hours a week or more),Living together in the same house,Close,No,,Almost everyday,Not applicable (the child has no child),Yes,$600-799,1-2 days a week,Sometimes,Almost everyday,Female,1995,Married,No child,,,MA degree or above,Full-time employee (30 hours a week or more),Within 20 minutes by car,Close,No,,2-3 days a month,Not applicable (the child has no child),Yes,$600-799,Once a month,Rarely,2-3 days a month,,,,,,,,,,,,,,,,,,,,,,,,,,,,,,,,,,,,,,,,,,,,,,,,,,,,,,,,,,Male,Dec,1942,82,Singapore,,Chinese,,Currently married,Bachelor’s or equivalent,"Retired (record previous occupation), please specifiy:",self-employed,,,,"Below $1,000","$10,000 and above",HDB 4-room flats,,Co-owned by self and spouse,,Christianity,,Good,Mild,Mostly,Yes,To finance daily living expenses and leisure or travel activities,,,Completely,Somewhat,No,,No,No,No,No,No,Very good,,,Very good,Very good,Very high
23179041,2317,Sometimes,Sometimes,Sometimes,Sometimes,Often,Sometimes,Sometimes,Sometimes,Sometimes,Sometimes,Sometimes,Sometimes,Often,Sometimes,Not Often,Not Often,Sometimes,Sometimes,Sometimes,Somewhat agree,Somewhat agree,Somewhat agree,Somewhat agree,Neither agree nor disagree,More than half of the time,More than half of the time,Less than half of the time,Less than half of the time,More than half of the time,1,1,Female,1974,Married,1 child,All boy,No child below age 6,MA degree or above,Self-employed,Between 20 and 40 minutes by car,Fair,No,,Once a month,2-3 days a month,No,,Never,Rarely,Once a month,Male,1976,Married,2 children,At least one girl and one boy,No child below age 6,MA degree or above,Full-time employee (30 hours a week or more),Living together in the same house,Fair,No,,3-4 days a week,3-4 days a week,Yes,$400-599,Once a month,Sometimes,1-2 days a week,,,,,,,,,,,,,,,,,,,,,,,,,,,,,,,,,,,,,,,,,,,,,,,,,,,,,,,,,,Female,Mar,1945,79,Malaysia,,Chinese,,Widowed,Post-secondary (non-tertiary): General & Vocational (‘A’ level),Homemaker/housewife,,,,,"Below $1,000","$10,000 and above",Condominiums (including executive condo) and other apartments,,Owned by a child,,Catholicism,,Fair,Moderate,Moderately,Yes,To finance daily living expenses and leisure or travel activities,,,Mostly,Mostly,No,,No,Yes,No,No,No,Good,,,Good,Good,High
23179042,2317,Sometimes,Often,Not Often,Sometimes,Sometimes,Never,Often,Sometimes,Often,Often,Often,Sometimes,Often,Often,Not Often,Never,No Response,Not Often,Sometimes,Somewhat agree,Neither agree nor disagree,Neither agree nor disagree,Somewhat agree,Agree,More than half of the time,Less than half of the time,Less than half of the time,More than half of the time,More than half of the time,2,1,Female,1987,"Single, never married",No child,,,University-level degree,Full-time employee (30 hours a week or more),Between 20 and 40 minutes by car,Fair,No,,Never,Not applicable (the child has no child),No,,Never,Rarely,Never,Male,1988,"Single, never married",No child,,,Polytechnic diploma,Full-time employee (30 hours a week or more),Between 20 and 40 minutes by car,Close,No,,Never,Not applicable (the child has no child),Yes,$400-599,2-3 days a month,Often,Almost everyday,Male,1996,"Single, never married",No child,,,Polytechnic diploma,Full-time employee (30 hours a week or more),Living together in the same house,Close,Yes,$200-399,Almost everyday,Not applicable (the child has no child),No,,Once a month,Never,Never,,,,,,,,,,,,,,,,,,,,,,,,,,,,,,,,,,,,,,,Female,Mar,1956,68,Malaysia,,Chinese,,Currently married,Primary,Full-time employee (30 hours a week or more),,,,,"$2,000 - $2,999","$2,000 - $2,999",HDB 1- and 2-Room Flats,,Rented entire housing unit,,Buddhism,,Poor,Moderate,Moderately,Yes,To finance daily living expenses and leisure or travel activities,,,Mostly,Mostly,No,,No,No,No,No,No,Very good,,,Very good,Very good,Very high
23179043,2317,Sometimes,Often,Not Often,Sometimes,Sometimes,Never,Often,Sometimes,Often,Often,Often,Sometimes,Often,Often,Sometimes,Not Often,Sometimes,Not Often,Sometimes,Somewhat agree,Neither agree nor disagree,Agree,Agree,Somewhat agree,All of the time,All of the time,Most of the time,Most of the time,Most of the time,2,1,Female,1987,"Single, never married",No child,,,University-level degree,Full-time employee (30 hours a week or more),Between 20 and 40 minutes by car,Fair,No,,Never,Not applicable (the child has no child),No,,Never,Rarely,Never,Male,1988,"Single, never married",No child,,,Polytechnic diploma,Full-time employee (30 hours a week or more),Between 20 and 40 minutes by car,Close,No,,Never,Not applicable (the child has no child),Yes,$400-599,2-3 days a month,Often,Almost everyday,Male,1996,"Single, never married",No child,,,Polytechnic diploma,Full-time employee (30 hours a week or more),Living together in the same house,Close,Yes,$200-399,Almost everyday,Not applicable (the child has no child),No,,Once a month,Never,Never,,,,,,,,,,,,,,,,,,,,,,,,,,,,,,,,,,,,,,,Male,Dec,1946,78,Malaysia,,Chinese,,Currently married,Primary,"Retired (record previous occupation), please specifiy:",taxi driver,,,,"Below $1,000","$2,000 - $2,999",HDB 1- and 2-Room Flats,,Rented entire housing unit,,Buddhism,,Fair,Mild,Moderately,Yes,To finance daily living expenses and leisure or travel activities,,,Mostly,Mostly,No,,No,No,No,No,No,Very good,,,Very good,Very good,Very high
23179044,2317,Often,Sometimes,Sometimes,Sometimes,Sometimes,Sometimes,Sometimes,Sometimes,Sometimes,Sometimes,Often,Sometimes,Sometimes,Sometimes,Sometimes,Sometimes,Sometimes,Sometimes,Sometimes,Agree,Agree,Agree,Agree,Agree,More than half of the time,More than half of the time,More than half of the time,Most of the time,More than half of the time,0,1,Female,1991,Married,1 child,All boy,1 child below age 6,University-level degree,Full-time employee (30 hours a week or more),Living together in the same house,Close,No,,3-4 days a week,Almost everyday,Yes,$400-599,1-2 days a week,Often,Never,,,,,,,,,,,,,,,,,,,,,,,,,,,,,,,,,,,,,,,,,,,,,,,,,,,,,,,,,,,,,,,,,,,,,,,,,,,,,Female,May,1964,60,Singapore,,Chinese,,Currently married,Primary,Homemaker/housewife,,,,,"Below $1,000","Below $1,000",HDB 4-room flats,,Co-owned by self and spouse,,Buddhism,,Fair,Mild,Moderately,Yes,To finance daily living expenses and leisure or travel activities,,,Almost completely,Somewhat,No,,No,No,No,No,No,Very good,,,Very good,Very good,Very high
23179045,2317,Often,Often,Often,Often,Never,Often,Often,Often,Often,Often,Often,Often,Often,Often,Often,Often,Often,Often,Often,Agree,Agree,Agree,Agree,Agree,More than half of the time,More than half of the time,More than half of the time,More than half of the time,More than half of the time,0,1,Female,1996,"Single, never married",No child,,,ITE diploma,Full-time employee (30 hours a week or more),Living together in the same house,Very close,No,,3-4 days a week,Not applicable (the child has no child),No,,Never,Never,Almost everyday,,,,,,,,,,,,,,,,,,,,,,,,,,,,,,,,,,,,,,,,,,,,,,,,,,,,,,,,,,,,,,,,,,,,,,,,,,,,,Female,Dec,1959,65,Singapore,,Chinese,,Cohabitation (living together without a marriage certificate),Primary,Self-employed,,,,,Respondent refused to answer,Respondent refused to answer,HDB 4-room flats,,Self-owned,,Buddhism,,Very good,None,Completely,Yes,To finance daily living expenses and leisure or travel activities,,,Somewhat,A little,No,,No,No,No,No,No,Good,,,Very good,Very good,High
23199019,2319,Never,Never,Often,Never,Often,Never,Often,Never,Never,Often,Often,Often,Often,Often,Sometimes,Not Often,Often,Sometimes,Often,Strongly agree,Strongly agree,Strongly agree,Strongly agree,Strongly agree,All of the time,All of the time,Most of the time,All of the time,All of the time,1,1,Male,1991,"Single, never married",No child,,,University-level degree,Full-time employee (30 hours a week or more),Living together in the same house,Very close,No,,Never,Not applicable (the child has no child),No,,Never,Never,3-4 days a week,Female,1996,"Single, never married",No child,,,University-level degree,Full-time employee (30 hours a week or more),Living together in the same house,Very close,No,,Never,Not applicable (the child has no child),No,,Never,Never,3-4 days a week,,,,,,,,,,,,,,,,,,,,,,,,,,,,,,,,,,,,,,,,,,,,,,,,,,,,,,,,,,Female,Feb,1964,60,Malaysia,,Chinese,,Currently married,Professional qualification and other diploma,"Retired (record previous occupation), please specifiy:",event director,,,,Respondent refused to answer,Respondent refused to answer,Landed properties,,Self-owned,,Buddhism,,Good,None,Completely,No,,,don't need the money,Completely,Completely,No,,No,No,No,No,No,Very good,,,Very good,Very good,Very high
23199020,2319,Sometimes,Not Often,Often,Not Often,Often,Not Often,Often,Sometimes,Never,Often,Often,Often,Sometimes,Often,Sometimes,Not Often,Often,Often,Often,Agree,Agree,Strongly agree,Strongly agree,Neither agree nor disagree,Most of the time,Most of the time,Most of the time,Most of the time,Most of the time,1,1,Male,1993,Married,No child,,,University-level degree,Full-time employee (30 hours a week or more),Within 20 minutes by walk,Close,No,,Never,Not applicable (the child has no child),Yes,$600-799,Never,Never,2-3 days a month,Female,1996,Married,No child,,,University-level degree,Full-time employee (30 hours a week or more),Within 20 minutes by car,Very close,No,,Never,Not applicable (the child has no child),Yes,$600-799,Never,Never,2-3 days a month,,,,,,,,,,,,,,,,,,,,,,,,,,,,,,,,,,,,,,,,,,,,,,,,,,,,,,,,,,Male,Nov,1962,62,Singapore,,Chinese,,Currently married,Master’s and Doctorate or equivalent,"Retired (record previous occupation), please specifiy:",lecturer,,,,Respondent refused to answer,Respondent refused to answer,Condominiums (including executive condo) and other apartments,,Co-owned by self and spouse,,No religion,,Good,Mild,Completely,No,,,no need,Completely,Completely,No,,No,No,No,No,No,Very good,,,Very good,Very good,Very high
23199021,2319,Never,Not Often,Often,Not Often,Often,Not Often,Often,Sometimes,Never,Often,Often,Often,Often,Often,Sometimes,Sometimes,Often,Often,Often,Agree,Agree,Strongly agree,Strongly agree,Neither agree nor disagree,Most of the time,Most of the time,Most of the time,Most of the time,Most of the time,1,1,Male,1993,Married,No child,,,University-level degree,Full-time employee (30 hours a week or more),Within 20 minutes by walk,Close,No,,Never,Not applicable (the child has no child),Yes,$600-799,Never,Never,2-3 days a month,Female,1996,Married,No child,,,University-level degree,Full-time employee (30 hours a week or more),Within 20 minutes by car,Very close,No,,Never,Not applicable (the child has no child),Yes,$600-799,Never,Never,2-3 days a month,,,,,,,,,,,,,,,,,,,,,,,,,,,,,,,,,,,,,,,,,,,,,,,,,,,,,,,,,,Female,Feb,1964,60,Singapore,,Chinese,,Currently married,Master’s and Doctorate or equivalent,"Retired (record previous occupation), please specifiy:",corporate administration,,,,Respondent refused to answer,Respondent refused to answer,Condominiums (including executive condo) and other apartments,,Co-owned by self and spouse,,No religion,,Good,Mild,Completely,No,,,no need,Completely,Completely,No,,No,No,No,No,No,Very good,,,Very good,Very good,Very high
23199022,2319,Never,Never,Often,Never,Often,Never,Often,Never,Never,Often,Often,Often,Often,Often,Sometimes,Not Often,Often,Often,Often,Strongly agree,Strongly agree,Strongly agree,Strongly agree,Strongly agree,All of the time,All of the time,Most of the time,All of the time,All of the time,1,1,Male,1991,"Single, never married",No child,,,University-level degree,Full-time employee (30 hours a week or more),Living together in the same house,Very close,No,,Never,Not applicable (the child has no child),No,,Never,Never,3-4 days a week,Female,1996,"Single, never married",No child,,,University-level degree,Full-time employee (30 hours a week or more),Living together in the same house,Very close,No,,Never,Not applicable (the child has no child),No,,Never,Never,3-4 days a week,,,,,,,,,,,,,,,,,,,,,,,,,,,,,,,,,,,,,,,,,,,,,,,,,,,,,,,,,,Male,Jul,1960,64,Singapore,,Chinese,,Currently married,Polytechnic diploma,"Retired (record previous occupation), please specifiy:",art director,,,,Respondent refused to answer,Respondent refused to answer,Landed properties,,Self-owned,,Taoism,,Very good,None,Completely,No,,,don't need,Completely,Completely,No,,No,No,No,No,No,Very good,,,Very good,Very good,Very high
23209006,2320,Sometimes,Sometimes,Sometimes,Never,Sometimes,Sometimes,Sometimes,Sometimes,Often,Not Often,Sometimes,Often,Sometimes,Often,Often,Sometimes,Often,Sometimes,Sometimes,Agree,Somewhat agree,Somewhat agree,Somewhat agree,Agree,Most of the time,Most of the time,More than half of the time,Most of the time,Most of the time,1,1,Male,1989,Married,1 child,All boy,1 child below age 6,Polytechnic diploma,Full-time employee (30 hours a week or more),Between 20 and 40 minutes by car,Very close,No,,Never,Never,Yes,$200-399,Once a month,Rarely,1-2 days a week,Female,1987,Married,1 child,All boy,No child below age 6,University-level degree,Full-time employee (30 hours a week or more),Between 20 and 40 minutes by car,Very close,No,,Never,3-4 days a week,Yes,$200-399,Once a month,Rarely,1-2 days a week,,,,,,,,,,,,,,,,,,,,,,,,,,,,,,,,,,,,,,,,,,,,,,,,,,,,,,,,,,Male,Sep,1957,67,Singapore,,Chinese,,Currently married,Secondary (‘O’ / ‘N’ level),"Unemployed (unable to work) due to disability or other medical conditions (record previous occupation, if any), please specify:",,,Disability,,"Below $1,000","Below $1,000","HDB 5-room, 3 gen flats, and executive flats (e.g., executive apartments and executive maisonette)",,Co-owned by self and spouse,,Buddhism,,Good,Mild,A little,Yes,"To cover personal or family healthcare expenses (e.g., hospital bills, long-term care costs, purchase of additional private insurance)",,,Completely,Completely,"Yes, please indicate:",Caregiver,Yes,No,Yes,No,Yes,"Bad, please specify reason:",,Unable to read,Moderate,Moderate,Average
23209007,2320,Never,Sometimes,Often,Never,Often,Not Often,Sometimes,Not Often,Not Often,Often,Often,Often,Often,Often,Sometimes,Often,Often,Often,Often,Agree,Somewhat agree,Agree,Agree,Agree,Most of the time,Most of the time,Most of the time,More than half of the time,Most of the time,1,1,Male,1997,"Single, never married",No child,,,University-level degree,Student,Staying in a different country,Close,Yes,$200-399,Never,Not applicable (the child has no child),No,,Never,Sometimes,Almost everyday,Female,2001,"Single, never married",No child,,,University-level degree,Student,Living together in the same house,Close,Yes,$200-399,Almost everyday,Not applicable (the child has no child),No,,1-2 days a week,Sometimes,Almost everyday,,,,,,,,,,,,,,,,,,,,,,,,,,,,,,,,,,,,,,,,,,,,,,,,,,,,,,,,,,Female,Jan,1964,60,Singapore,,Malay,,Currently married,Professional qualification and other diploma,"Retired (record previous occupation), please specifiy:",Sales,,,,"$2,000 - $2,999","$6,000 - $6,999",Condominiums (including executive condo) and other apartments,,Rented entire housing unit,,Christianity,,Good,None,Mostly,Yes,To finance daily living expenses and leisure or travel activities,,,Completely,Mostly,No,,No,No,No,No,No,Very good,,,Very good,Very good,Very high
23209008,2320,Sometimes,Not Often,Often,Sometimes,Not Often,Sometimes,Sometimes,Not Often,Often,Often,Often,Often,Often,Often,Sometimes,Sometimes,Sometimes,Often,Sometimes,Disagree,Disagree,Somewhat agree,Agree,Neither agree nor disagree,More than half of the time,Less than half of the time,Less than half of the time,Less than half of the time,Less than half of the time,1,2,Female,1993,Cohabiting with her/his partner,No child,,,University-level degree,Full-time employee (30 hours a week or more),Staying in a different country,Fair,No,,Never,Never,Yes,$800-999,Never,Rarely,1-2 days a week,Female,1996,"Single, never married",No child,,,University-level degree,Full-time employee (30 hours a week or more),Living together in the same house,Close,No,,Never,Never,Yes,Less than $200,Never,Rarely,1-2 days a week,Male,1997,"Single, never married",No child,,,University-level degree,Full-time employee (30 hours a week or more),Living together in the same house,Close,No,,Never,Never,Yes,$200-399,Never,Rarely,1-2 days a week,,,,,,,,,,,,,,,,,,,,,,,,,,,,,,,,,,,,,,,Female,Mar,1961,63+,Singapore,,Chinese,,Divorced,Professional qualification and other diploma,Part-time employee,,,,,"$1,000 - $1,999","$1,000 - $1,999",Condominiums (including executive condo) and other apartments,,"Others, please specify:",Occupier,Christianity,,Fair,None,A little,Yes,To finance daily living expenses and leisure or travel activities,,,Almost completely,Completely,No,,No,No,No,No,No,Very good,,,Very good,Very good,Very high
23209009,2320,Often,Often,Often,Not Often,Often,Sometimes,Often,Sometimes,Not Often,Often,Often,Often,Often,Often,Sometimes,Often,Sometimes,Sometimes,Often,Strongly agree,Agree,Strongly agree,Strongly agree,Strongly agree,All of the time,All of the time,All of the time,All of the time,All of the time,2,1,Male,1987,Married,2 children,All girl,2 or more children below age 6,Polytechnic diploma,Full-time employee (30 hours a week or more),Staying in the same housing estate,Not very close,Yes,"$1,000 and above",2-3 days a month,3-4 days a week,Yes,$400-599,3-4 days a week,Sometimes,Almost everyday,Male,1989,Divorced or Separated,No child,,,University-level degree,Full-time employee (30 hours a week or more),More than 40 minutes by car,Not very close,Yes,"$1,000 and above",Never,Never,Yes,$400-599,Never,Never,Never,Female,1991,Married,1 child,All girl,1 child below age 6,ITE diploma,Full-time employee (30 hours a week or more),Within 20 minutes by walk,Not close at all,Yes,"$1,000 and above",2-3 days a month,1-2 days a week,Yes,$400-599,3-4 days a week,Sometimes,Almost everyday,,,,,,,,,,,,,,,,,,,,,,,,,,,,,,,,,,,,,,,Male,May,1959,65,Singapore,,Chinese,,Currently married,Postgraduate diploma/certificate (excluding Master’s and Doctorate),"Retired (record previous occupation), please specifiy:",Lecturer,,,,"Below $1,000","$5,000 - $6,999",HDB 4-room flats,,Co-owned by self and spouse,,Buddhism,,Fair,Moderate,Moderately,Yes,"To cover personal or family healthcare expenses (e.g., hospital bills, long-term care costs, purchase of additional private insurance)",,,Mostly,A little,"Yes, please indicate:",Caregiver,No,No,Yes,No,No,Good,,,Good,Good,Very high
23209010,2320,Often,Never,Often,Often,Often,Never,Sometimes,Never,Never,Often,Sometimes,Sometimes,Often,Often,Often,Often,Sometimes,Often,Often,Agree,Agree,Agree,Strongly agree,Agree,All of the time,All of the time,All of the time,All of the time,All of the time,1,0,Male,1982,Married,3 and more children,At least one girl and one boy,No child below age 6,University-level degree,Full-time employee (30 hours a week or more),Within 20 minutes by walk,Close,No,,3-4 days a week,3-4 days a week,Yes,$200-399,1-2 days a week,Always,1-2 days a week,,,,,,,,,,,,,,,,,,,,,,,,,,,,,,,,,,,,,,,,,,,,,,,,,,,,,,,,,,,,,,,,,,,,,,,,,,,,,Female,Jul,1958,66,Singapore,,Malay,,Currently married,Secondary (‘O’ / ‘N’ level),"Unemployed (able to work) (record previous occupation), please specify:",,DBS Admin,,,"Below $1,000","Below $1,000",HDB 4-room flats,,Co-owned by self and spouse,,Islam,,Very good,Moderate,Moderately,Yes,"To cover personal or family healthcare expenses (e.g., hospital bills, long-term care costs, purchase of additional private insurance)",,,Completely,Completely,"Yes, please indicate:",Friend,No,No,No,No,No,Good,,,Good,Good,High
23209011,2320,Sometimes,Sometimes,Often,Sometimes,Sometimes,Sometimes,Often,Sometimes,Sometimes,Often,Often,Sometimes,Often,Often,Often,Sometimes,Often,Often,Often,Agree,Agree,Agree,Strongly agree,Strongly agree,All of the time,All of the time,All of the time,All of the time,Most of the time,3,0,Male,1989,Married,1 child,All boy,1 child below age 6,Polytechnic diploma,Full-time employee (30 hours a week or more),More than 40 minutes by car,Close,Yes,$200-399,Never,Never,No,,Once a month,Sometimes,Once a month,Male,1992,Married,3 and more children,At least one girl and one boy,No child below age 6,Polytechnic diploma,Full-time employee (30 hours a week or more),More than 40 minutes by car,Close,No,,Never,Never,No,,Once a month,Sometimes,Once a month,Male,1998,Married,3 and more children,At least one girl and one boy,No child below age 6,Polytechnic diploma,Full-time employee (30 hours a week or more),More than 40 minutes by car,Close,No,,Never,Never,No,,Once a month,Sometimes,Once a month,,,,,,,,,,,,,,,,,,,,,,,,,,,,,,,,,,,,,,,Female,Mar,1963,61+,Singapore,,Malay,,Currently married,Secondary (‘O’ / ‘N’ level),"Unemployed (unable to work) due to disability or other medical conditions (record previous occupation, if any), please specify:",,,Stroke,,"Below $1,000","Below $1,000",HDB 3-room flats,,Co-owned by self and spouse,,Islam,,Fair,Moderate,Moderately,Yes,"To cover personal or family healthcare expenses (e.g., hospital bills, long-term care costs, purchase of additional private insurance)",,,Almost completely,Somewhat,"Yes, please indicate:",Friend,No,No,No,No,No,"Bad, please specify reason:",,Unable to read,Bad,Bad,Average
23179046,2317,Not Often,Not Often,Never,Sometimes,Often,Never,Often,Never,Sometimes,Sometimes,Sometimes,Sometimes,Sometimes,Often,Often,Often,Often,Often,Sometimes,Somewhat agree,Neither agree nor disagree,Agree,Strongly agree,Agree,Most of the time,Most of the time,Most of the time,Most of the time,Most of the time,1,3,Male,1962,Married,No child,,,University-level degree,Other,Staying in the same housing estate,Close,No,,Never,Not applicable (the child has no child),No,,Never,Sometimes,3-4 days a week,Female,1963,Married,2 children,All girl,No child below age 6,Secondary school,Full-time employee (30 hours a week or more),Within 20 minutes by car,Close,No,,Never,Never,No,,Never,Sometimes,3-4 days a week,Female,1965,"Single, never married",No child,,,Secondary school,Full-time employee (30 hours a week or more),Living together in the same house,Close,No,,Almost everyday,Not applicable (the child has no child),No,,3-4 days a week,Sometimes,Almost everyday,Female,1967,Married,No child,,,Secondary school,Full-time employee (30 hours a week or more),Within 20 minutes by car,Close,No,,Never,Not applicable (the child has no child),No,,Never,Sometimes,3-4 days a week,,,,,,,,,,,,,,,,,,,,Female,Nov,1938,86,Singapore,,Chinese,,Widowed,No formal schooling / pre-primary,"Retired (record previous occupation), please specifiy:",Kitchen Staff,,,,"Below $1,000","$7,000 - $7,999",HDB 3-room flats,,Self-owned,,Buddhism,,Good,Mild,A little,Yes,To finance daily living expenses and leisure or travel activities,,,Completely,Almost completely,No,,No,No,No,No,No,Very good,,,Very good,Very good,Very high
23179047,2317,Sometimes,Not Often,Sometimes,Not Often,Sometimes,Sometimes,Sometimes,Never,Sometimes,Not Often,Not Often,Sometimes,Sometimes,Sometimes,Sometimes,Sometimes,Sometimes,Not Often,Not Often,Agree,Somewhat agree,Agree,Agree,Agree,More than half of the time,Most of the time,More than half of the time,More than half of the time,More than half of the time,2,0,Male,1992,"Single, never married",No child,,,University-level degree,Full-time employee (30 hours a week or more),Living together in the same house,Close,No,,1-2 days a week,Not applicable (the child has no child),No,,Never,Never,1-2 days a week,Male,1993,"Single, never married",No child,,,University-level degree,Full-time employee (30 hours a week or more),Living together in the same house,Close,No,,1-2 days a week,Not applicable (the child has no child),Yes,$200-399,3-4 days a week,Sometimes,Almost everyday,,,,,,,,,,,,,,,,,,,,,,,,,,,,,,,,,,,,,,,,,,,,,,,,,,,,,,,,,,Female,May,1959,65,Singapore,,Chinese,,Currently married,Polytechnic diploma,Full-time employee (30 hours a week or more),,,,,Respondent refused to answer,Respondent refused to answer,Landed properties,,Owned by spouse,,No religion,,Good,None,Moderately,Yes,To finance daily living expenses and leisure or travel activities,,,Almost completely,Completely,No,,No,No,No,No,No,Very good,,,Very good,Very good,Very high
23179048,2317,Sometimes,Sometimes,Not Often,Sometimes,Sometimes,Not Often,Sometimes,Often,Sometimes,Sometimes,Sometimes,Sometimes,Sometimes,Sometimes,Not Often,Sometimes,Sometimes,Sometimes,Not Often,Agree,Agree,Agree,Agree,Strongly agree,Most of the time,Most of the time,Most of the time,Most of the time,Most of the time,1,0,Male,1985,Married,2 children,All girl,No child below age 6,University-level degree,Full-time employee (30 hours a week or more),More than 40 minutes by car,Close,No,,Never,Once every few months,No,,Never,Rarely,Once a month,,,,,,,,,,,,,,,,,,,,,,,,,,,,,,,,,,,,,,,,,,,,,,,,,,,,,,,,,,,,,,,,,,,,,,,,,,,,,Female,Nov,1951,73,Singapore,,Chinese,,Currently married,No formal schooling / pre-primary,Homemaker/housewife,,,,,"Below $1,000","$10,000 and above",HDB 4-room flats,,Co-owned by self and spouse,,Buddhism,,Fair,None,Moderately,No,,,do not have,Completely,Somewhat,No,,No,No,No,No,No,Very good,,,Very good,Very good,Very high
23179049,2317,Sometimes,Sometimes,Not Often,Sometimes,Often,Sometimes,Not Often,Sometimes,Not Often,Not Often,Not Often,Often,Sometimes,Often,Not Often,Sometimes,Often,Often,Often,Agree,Agree,Agree,Agree,Agree,Most of the time,Most of the time,Most of the time,Most of the time,Most of the time,0,1,Female,1988,"Single, never married",No child,,,University-level degree,Full-time employee (30 hours a week or more),Living together in the same house,Close,No,,Never,Not applicable (the child has no child),Yes,$400-599,Never,Rarely,1-2 days a week,,,,,,,,,,,,,,,,,,,,,,,,,,,,,,,,,,,,,,,,,,,,,,,,,,,,,,,,,,,,,,,,,,,,,,,,,,,,,Male,Mar,1953,71,Singapore,,Chinese,,Currently married,No formal schooling / pre-primary,Part-time employee,,,,,"$2,000 - $2,999","$2,000 - $2,999",HDB 4-room flats,,Co-owned by self and spouse,,Buddhism,,Fair,None,Moderately,Yes,To finance daily living expenses and leisure or travel activities,,,Completely,Completely,No,,No,No,No,No,No,Very good,,,Very good,Very good,Very high
23199023,2319,Never,Never,Often,Never,Often,Not Often,Often,Never,Sometimes,Often,Often,Often,Often,Often,Often,Often,Often,Often,Often,Agree,Agree,Agree,Somewhat agree,Agree,All of the time,All of the time,All of the time,All of the time,All of the time,1,1,Female,1995,Married,No child,,,University-level degree,Full-time employee (30 hours a week or more),Within 20 minutes by car,Not very close,No,,Never,Never,No,,Never,Never,Once a month,Male,1997,"Single, never married",No child,,,Polytechnic diploma,Full-time employee (30 hours a week or more),Living together in the same house,Not very close,No,,Never,Not applicable (the child has no child),No,,Never,Never,Once a month,,,,,,,,,,,,,,,,,,,,,,,,,,,,,,,,,,,,,,,,,,,,,,,,,,,,,,,,,,Female,Apr,1964,60,Singapore,,Chinese,,Currently married,Polytechnic diploma,Full-time employee (30 hours a week or more),,,,,"$7,000 - $7,999","$7,000 - $7,999",HDB 4-room flats,,Co-owned by self and spouse,,No religion,,Good,None,Mostly,No,,,earn interest,Not at all,Somewhat,No,,No,No,No,No,No,Very good,,,Very good,Very good,Very high
23199024,2319,Never,Never,Often,Never,Often,Never,Often,Never,Not Often,Often,Often,Often,Often,Often,Often,Often,Often,Not Often,Sometimes,Agree,Somewhat disagree,Neither agree nor disagree,Somewhat agree,Somewhat agree,All of the time,All of the time,Most of the time,Most of the time,Most of the time,1,0,Male,1987,"Single, never married",No child,,,University-level degree,Full-time employee (30 hours a week or more),Living together in the same house,Fair,No,,Almost everyday,Not applicable (the child has no child),Yes,Less than $200,Never,Sometimes,2-3 days a month,,,,,,,,,,,,,,,,,,,,,,,,,,,,,,,,,,,,,,,,,,,,,,,,,,,,,,,,,,,,,,,,,,,,,,,,,,,,,Female,Jan,1957,67,Singapore,,Chinese,,Currently married,Secondary (‘O’ / ‘N’ level),Homemaker/housewife,,,,,Respondent refused to answer,Respondent refused to answer,Landed properties,,Self-owned,,Buddhism,,Good,None,Moderately,Respondent refused to answer,,,,Completely,Completely,No,,No,No,No,No,No,Good,,,Good,Very good,High
23209012,2320,Often,Sometimes,Not Often,Not Often,Not Often,Not Often,Not Often,Not Often,Sometimes,Often,Often,Not Often,Not Often,Often,Not Often,Not Often,Not Often,Not Often,Not Often,Somewhat agree,Agree,Agree,Agree,Somewhat agree,Most of the time,Most of the time,Most of the time,Most of the time,More than half of the time,1,0,Male,1979,Married,2 children,All boy,No child below age 6,University-level degree,Self-employed,Between 20 and 40 minutes by car,Close,No,,Never,3-4 days a week,Yes,$400-599,Never,Rarely,1-2 days a week,,,,,,,,,,,,,,,,,,,,,,,,,,,,,,,,,,,,,,,,,,,,,,,,,,,,,,,,,,,,,,,,,,,,,,,,,,,,,Male,Oct,1948,76,Singapore,,Chinese,,Currently married,Primary,"Retired (record previous occupation), please specifiy:",Entrepreneur ,,,,"Below $1,000","Below $1,000",Condominiums (including executive condo) and other apartments,,Co-owned by self and spouse,,Taoism,,Fair,Moderate,Moderately,No,,,Insufficient money,Mostly,Mostly,No,,Yes,Yes,No,No,Yes,"Very bad, please specify reason:",Unable to read,,Very bad,Very bad,Low
23209013,2320,Sometimes,Sometimes,Often,Often,Sometimes,Not Often,Sometimes,Not Often,Sometimes,Sometimes,Often,Often,Often,Sometimes,Often,Often,Not Often,Not Often,Sometimes,Agree,Agree,Agree,Somewhat agree,Somewhat agree,Most of the time,Most of the time,Most of the time,All of the time,Most of the time,0,1,Female,2003,"Single, never married",No child,,,Polytechnic diploma,Student,Living together in the same house,Close,Yes,$200-399,Once a month,Not applicable (the child has no child),No,,1-2 days a week,Sometimes,1-2 days a week,,,,,,,,,,,,,,,,,,,,,,,,,,,,,,,,,,,,,,,,,,,,,,,,,,,,,,,,,,,,,,,,,,,,,,,,,,,,,Male,Jul,1956,68,Singapore,,Indian,,Currently married,Secondary (‘O’ / ‘N’ level),"Unemployed (unable to work) due to disability or other medical conditions (record previous occupation, if any), please specify:",,,Disability,,"Below $1,000","Below $1,000",HDB 1- and 2-Room Flats,,Self-owned,,Hinduism,,Poor,Severe,A little,Yes,To invest to grow retirement savings further,,,Somewhat,Somewhat,No,,Yes,No,Yes,Yes,Yes,"Bad, please specify reason:",,Difficulty understanding ,Bad,Moderate,Average
23209014,2320,Never,Never,Sometimes,Never,Often,Not Often,Often,Never,Often,Often,Often,Often,Often,Sometimes,Often,Sometimes,Sometimes,Sometimes,Sometimes,Agree,Somewhat agree,Somewhat agree,Agree,Somewhat disagree,Most of the time,Most of the time,Most of the time,Most of the time,Less than half of the time,0,1,Female,1998,"Single, never married",No child,,,GCE A-level or NUS high school diploma,Student,Staying in a different country,Very close,Yes,"$1,000 and above",Never,Not applicable (the child has no child),No,,Never,Sometimes,Almost everyday,,,,,,,,,,,,,,,,,,,,,,,,,,,,,,,,,,,,,,,,,,,,,,,,,,,,,,,,,,,,,,,,,,,,,,,,,,,,,Male,Dec,1954,69+,Singapore,,Indian,,Currently married,Secondary (‘O’ / ‘N’ level),Full-time employee (30 hours a week or more),,,,,"$3,000 - $3,999","$3,000 - $3,999",HDB 1- and 2-Room Flats,,Self-owned,,Christianity,,Good,None,Moderately,Yes,"For legacy planning purposes (i.e., distributing funds to children, setting up trusts)",,,Completely,Completely,No,,No,No,No,No,No,Very good,,,Very good,Very good,High
23209015,2320,Sometimes,Not Often,Sometimes,Sometimes,Sometimes,Sometimes,Sometimes,Sometimes,Sometimes,Not Often,Sometimes,Sometimes,Often,Often,Sometimes,Sometimes,Often,Sometimes,Not Often,Somewhat agree,Agree,Somewhat agree,Somewhat agree,Agree,All of the time,Most of the time,Most of the time,All of the time,Most of the time,1,2,Male,1993,"Single, never married",No child,,,University-level degree,Full-time employee (30 hours a week or more),Living together in the same house,Very close,No,,Almost everyday,Not applicable (the child has no child),Yes,$200-399,Once a month,Rarely,Almost everyday,Female,1997,"Single, never married",No child,,,University-level degree,Full-time employee (30 hours a week or more),Living together in the same house,Very close,No,,Almost everyday,Not applicable (the child has no child),Yes,$200-399,Once a month,Rarely,Almost everyday,Female,2007,"Single, never married",No child,,,Secondary school,Student,Living together in the same house,Very close,Yes,$200-399,Almost everyday,Not applicable (the child has no child),No,,Once a month,Rarely,Almost everyday,,,,,,,,,,,,,,,,,,,,,,,,,,,,,,,,,,,,,,,Male,May,1962,62,Singapore,,Indian,,Currently married,Secondary (‘O’ / ‘N’ level),Full-time employee (30 hours a week or more),,,,,"Below $1,000","$3,000 - $3,999","HDB 5-room, 3 gen flats, and executive flats (e.g., executive apartments and executive maisonette)",,Co-owned by self and spouse,,Islam,,Good,Moderate,Moderately,No,,,Claims that Government did not give,Completely,Completely,No,,No,No,Yes,No,No,Moderate,,,Moderate,Good,High
23179050,2317,Sometimes,Sometimes,Sometimes,Sometimes,Sometimes,Not Often,Sometimes,Sometimes,Sometimes,Not Often,Sometimes,Sometimes,Often,Sometimes,Often,Sometimes,Sometimes,Sometimes,Sometimes,Agree,Agree,Agree,Strongly agree,Agree,More than half of the time,Most of the time,More than half of the time,All of the time,Most of the time,1,0,Male,1995,Married,1 child,All girl,1 child below age 6,University-level degree,Full-time employee (30 hours a week or more),Staying in the same or next block,Close,No,,Never,Never,No,,Never,Often,Almost everyday,,,,,,,,,,,,,,,,,,,,,,,,,,,,,,,,,,,,,,,,,,,,,,,,,,,,,,,,,,,,,,,,,,,,,,,,,,,,,Male,May,1961,64,Singapore,,Chinese,,Currently married,No formal schooling / pre-primary,"Retired (record previous occupation), please specifiy:",Driver,,,,"Below $1,000","$6,000 - $6,999",HDB 4-room flats,,Co-owned by self and spouse,,Buddhism,,Very good,Mild,A little,Yes,To finance daily living expenses and leisure or travel activities,,,Completely,Completely,"Yes, please indicate:",Son,No,No,No,No,No,Moderate,,,Moderate,Good,Average
23179051,2317,Sometimes,Often,Sometimes,Not Often,Sometimes,Sometimes,Sometimes,Sometimes,Sometimes,Sometimes,Sometimes,Often,Often,Sometimes,Sometimes,Often,Not Often,Often,Sometimes,Agree,Somewhat agree,Agree,Agree,Agree,Most of the time,Most of the time,Most of the time,Most of the time,Most of the time,1,2,Female,1994,"Single, never married",No child,,,University-level degree,Full-time employee (30 hours a week or more),Living together in the same house,Not close at all,No,,Never,Not applicable (the child has no child),Yes,Less than $200,Never,Never,Never,Female,1996,"Single, never married",No child,,,University-level degree,Full-time employee (30 hours a week or more),Living together in the same house,Not close at all,No,,Never,Not applicable (the child has no child),Yes,Less than $200,Never,Never,Never,Male,1999,"Single, never married",No child,,,University-level degree,Student,Living together in the same house,Not close at all,Yes,$200-399,Never,Not applicable (the child has no child),No,,Never,Never,Never,,,,,,,,,,,,,,,,,,,,,,,,,,,,,,,,,,,,,,,Female,Sep,1962,62,Malaysia,,Chinese,,Currently married,Primary,Homemaker/housewife,,,,,"Below $1,000","$4,000 - $4,999",HDB 4-room flats,,Co-owned by self and spouse,,Taoism,,Good,None,Moderately,Yes,To finance daily living expenses and leisure or travel activities,,,Mostly,Almost completely,No,,No,No,No,No,No,Very good,,,Very good,Very good,Very high
23179052,2317,Sometimes,Sometimes,Often,Sometimes,Sometimes,Often,Sometimes,Not Often,Sometimes,Not Often,Not Often,Not Often,Not Often,Sometimes,Often,Sometimes,Not Often,Sometimes,Sometimes,Agree,Somewhat agree,Somewhat agree,Somewhat agree,Somewhat agree,Most of the time,Most of the time,Most of the time,Most of the time,Most of the time,1,2,Female,1994,"Single, never married",No child,,,University-level degree,Full-time employee (30 hours a week or more),Living together in the same house,Not close at all,No,,Never,Not applicable (the child has no child),Yes,Less than $200,Never,Never,Never,Female,1996,"Single, never married",No child,,,University-level degree,Full-time employee (30 hours a week or more),Living together in the same house,Not close at all,No,,Never,Not applicable (the child has no child),Yes,Less than $200,Never,Never,Never,Male,1999,"Single, never married",No child,,,University-level degree,Student,Living together in the same house,Not close at all,Yes,$200-399,Never,Not applicable (the child has no child),No,,Never,Never,Never,,,,,,,,,,,,,,,,,,,,,,,,,,,,,,,,,,,,,,,Male,Dec,1961,63,Malaysia,,Chinese,,Currently married,Primary,Full-time employee (30 hours a week or more),,,,,"$3,000 - $3,999","$4,000 - $4,999",HDB 4-room flats,,Co-owned by self and spouse,,Taoism,,Good,None,Completely,Yes,To finance daily living expenses and leisure or travel activities,,,A little,Completely,No,,No,No,No,No,No,Very good,,,Very good,Very good,Very high
